,EESWE1Z Curncy px_last,EESWE2Z Curncy px_last,EESWEA Curncy px_last,EESWEB Curncy px_last,EESWEC Curncy px_last,EESWED Curncy px_last,EESWEE Curncy px_last,EESWEF Curncy px_last,EESWEG Curncy px_last,EESWEH Curncy px_last,EESWEI Curncy px_last,EESWEJ Curncy px_last,EESWEK Curncy px_last,EESWE1 Curncy px_last,EESWE1F Curncy px_last,EESWE2 Curncy px_last,EESWE3 Curncy px_last,EESWE4 Curncy px_last,EESWE5 Curncy px_last,EESWE6 Curncy px_last,EESWE7 Curncy px_last,EESWE8 Curncy px_last,EESWE9 Curncy px_last,EESWE10 Curncy px_last,EESWE11 Curncy px_last,EESWE12 Curncy px_last,EESWE15 Curncy px_last,EESWE20 Curncy px_last,EESWE25 Curncy px_last,EESWE30 Curncy px_last,EESWE40 Curncy px_last,EESWE50 Curncy px_last
2020-01-01,-0.5343,-0.528,-0.532,-0.5295,-0.53,,,,,,,,,,,,,,,,,,,,,,,,,,,
2020-01-02,-0.532,-0.532,-0.5316,-0.5316,-0.5324,-0.524,-0.5313,-0.527,-0.5322,-0.5326,-0.533,-0.533,-0.529,-0.5335,-0.532,-0.524,-0.493,-0.45,-0.3976,-0.338,-0.276,-0.2109,-0.146,-0.083,-0.023,0.036,0.184,0.327,0.374,0.3751,0.34245,0.297
2020-01-03,-0.534,-0.534,-0.5346,-0.535,-0.5355,-0.521,-0.536,-0.5365,-0.5383,-0.533,-0.54,-0.54,-0.534,-0.541,-0.543,-0.543,-0.5155,-0.479,-0.433,-0.3795,-0.3209,-0.259,-0.1954,-0.1345,-0.0749,-0.018,0.129,0.27125,0.3163,0.31975,0.288,0.245
2020-01-06,-0.538,-0.5377,-0.538,-0.5378,-0.53775,-0.5382,-0.539,-0.5394,-0.5404,-0.541,-0.542,-0.542,-0.5425,-0.5435,-0.545,-0.542,-0.5205,-0.486,-0.4432,-0.388,-0.3288,-0.2665,-0.2031,-0.142,-0.082,-0.0245,0.122,0.266,0.313,0.315,0.284,0.24
2020-01-07,-0.538,-0.538,-0.538,-0.538,-0.5385,-0.5385,-0.539,-0.5401,-0.5413,-0.5425,-0.5435,-0.5449,-0.5455,-0.545,-0.5485,-0.55,-0.5254,-0.493,-0.45035,-0.397,-0.3372,-0.274,-0.21,-0.147,-0.087,-0.0295,0.1188,0.2637,0.3124,0.316,0.2854,0.245
2020-01-08,-0.53815,-0.53845,-0.539,-0.539,-0.539,-0.539,-0.539,-0.539,-0.541,-0.5411,-0.542,-0.5422,-0.542,-0.543,-0.545,-0.542,-0.51,-0.469,-0.419,-0.3611,-0.301,-0.238,-0.1715,-0.109,-0.047,0.0115,0.162,0.3099,0.3608,0.3655,0.337,0.296
2020-01-09,-0.536,-0.536,-0.536,-0.536,-0.536,-0.5375,-0.538,-0.5385,-0.5375,-0.5375,-0.5375,-0.5375,-0.5375,-0.5375,-0.5345,-0.53,-0.4937,-0.4501,-0.3992,-0.3406,-0.282,-0.2185,-0.15385,-0.09155,-0.03145,0.02625,0.17485,0.32185,0.373,0.38,0.352,0.31
2020-01-10,-0.53695,-0.53735,-0.533,-0.5365,-0.5359,-0.5358,-0.536,-0.536,-0.5363,-0.536,-0.5368,-0.5369,-0.5369,-0.529,-0.5335,-0.528,-0.4935,-0.45,-0.401,-0.344,-0.284,-0.2205,-0.157,-0.095,-0.0345,0.023,0.171,0.31825,0.36925,0.37575,0.348,0.31
2020-01-13,-0.536,-0.536,-0.5369,-0.5365,-0.5365,-0.5358,-0.536,-0.536,-0.536,-0.536,-0.536,-0.537,-0.5363,-0.535,-0.529,-0.518,-0.482,-0.4335,-0.38,-0.3196,-0.256,-0.19,-0.124,-0.06,0.002,0.061,0.211,0.3619,0.41575,0.4254,0.3978,0.35
2020-01-14,-0.536,-0.536,-0.5355,-0.535,-0.5355,-0.5358,-0.535,-0.5355,-0.535,-0.5345,-0.5349,-0.531,-0.534,-0.5335,-0.528,-0.52,-0.478,-0.4316,-0.377,-0.32,-0.258,-0.194,-0.1295,-0.0655,-0.005,0.0535,0.20175,0.35,0.403,0.412,0.38455,0.345
2020-01-15,-0.536,-0.536,-0.536,-0.536,-0.536,-0.536,-0.5355,-0.5355,-0.5355,-0.5355,-0.5358,-0.5355,-0.5356,-0.535,-0.534,-0.5181,-0.4835,-0.4395,-0.3897,-0.3337,-0.273,-0.21,-0.1455,-0.0832,-0.022,0.0346,0.1825,0.33,0.3831,0.3914,0.364,0.318
2020-01-16,-0.5365,-0.5365,-0.5365,-0.5364,-0.536,-0.5365,-0.5365,-0.535,-0.536,-0.536,-0.5355,-0.5354,-0.537,-0.536,-0.531,-0.521,-0.4925,-0.452,-0.4065,-0.353,-0.29385,-0.2307,-0.1668,-0.106,-0.046,0.012,0.1619,0.3091,0.363,0.37175,0.3442,0.303
2020-01-17,-0.5365,-0.5365,-0.536,-0.5365,-0.536,-0.536,-0.536,-0.536,-0.536,-0.536,-0.536,-0.5362,-0.536,-0.532,-0.531,-0.521,-0.491,-0.45,-0.402,-0.351,-0.291,-0.23,-0.167,-0.106,-0.047,0.0115,0.161,0.309,0.363,0.372,0.343,0.304
2020-01-20,-0.536,-0.5365,-0.5365,-0.5358,-0.5359,-0.5359,-0.525,-0.536,-0.536,-0.536,-0.5355,-0.536,-0.5355,-0.535,-0.5305,-0.521,-0.4905,-0.452,-0.405,-0.3527,-0.294,-0.2317,-0.17,-0.109,-0.049,0.0084,0.1578,0.3068,0.3618,0.3703,0.342,0.299
2020-01-21,-0.5365,-0.5365,-0.536,-0.536,-0.5356,-0.5355,-0.5353,-0.535,-0.5345,-0.532,-0.535,-0.5348,-0.5343,-0.5335,-0.5281,-0.518,-0.49199,-0.4598,-0.4179,-0.3694,-0.3144,-0.256,-0.1965,-0.137,-0.079,-0.023,0.1245,0.2712,0.3243,0.3315,0.3023,0.26
2020-01-22,-0.5365,-0.5365,-0.5365,-0.5356,-0.53505,-0.535,-0.5335,-0.534,-0.533,-0.533,-0.533,-0.533,-0.533,-0.5323,-0.529,-0.521,-0.4984,-0.4674,-0.427,-0.3785,-0.324,-0.267,-0.2065,-0.148,-0.091,-0.034,0.114,0.26,0.313,0.3205,0.29,0.248
2020-01-23,-0.5365,-0.5362,-0.5361,-0.5356,-0.5353,-0.5345,-0.5346,-0.529,-0.5345,-0.5348,-0.5345,-0.535,-0.5359,-0.536,-0.5354,-0.537,-0.5145,-0.49,-0.4543,-0.4097,-0.3578,-0.3014,-0.243,-0.186,-0.129,-0.0732,0.073,0.22,0.2738,0.2817,0.251,0.212
2020-01-24,-0.53625,-0.53535,-0.53525,-0.5355,-0.535,-0.536,-0.5365,-0.536,-0.537,-0.537,-0.538,-0.534,-0.535,-0.539,-0.543,-0.544,-0.5244,-0.5042,-0.474,-0.432,-0.3831,-0.3285,-0.273,-0.218,-0.16,-0.105,0.039,0.184,0.2379,0.246,0.213,0.171
2020-01-27,-0.5365,-0.5365,-0.5365,-0.5365,-0.5371,-0.5384,-0.5415,-0.5435,-0.5443,-0.5465,-0.5473,-0.5485,-0.5496,-0.5515,-0.552,-0.555,-0.55,-0.536,-0.5107,-0.4737,-0.4282,-0.376,-0.322,-0.271,-0.215,-0.161,-0.02,0.123,0.176,0.183,0.145,0.093
2020-01-28,-0.53695,-0.5369,-0.5369,-0.5382,-0.54005,-0.54255,-0.545,-0.54625,-0.54775,-0.549,-0.55055,-0.5517,-0.5527,-0.5538,-0.556,-0.557,-0.536,-0.51555,-0.485,-0.444,-0.395,-0.34125,-0.28455,-0.22715,-0.17185,-0.11805,0.02345,0.16685,0.21895,0.22615,0.191,0.143
2020-01-29,-0.536,-0.5355,-0.5356,-0.537,-0.5394,-0.54,-0.542,-0.544,-0.547,-0.549,-0.552,-0.554,-0.5569,-0.558,-0.5635,-0.563,-0.552,-0.53,-0.4989,-0.462,-0.415,-0.3615,-0.304,-0.2505,-0.193,-0.141,0.0005,0.14325,0.19525,0.20175,0.169,0.1173
2020-01-30,-0.536,-0.5359,-0.536,-0.5381,-0.541,-0.5433,-0.546,-0.552,-0.553,-0.558,-0.561,-0.562,-0.566,-0.568,-0.579,-0.578,-0.568,-0.548,-0.5184,-0.4807,-0.437,-0.3847,-0.331,-0.275,-0.221,-0.165,-0.029,0.109,0.1595,0.1674,0.131,0.081
2020-01-31,-0.5365,-0.5365,-0.5365,-0.5395,-0.5421,-0.5446,-0.5485,-0.5525,-0.5563,-0.557,-0.561,-0.567,-0.569,-0.572,-0.585,-0.594,-0.582,-0.566,-0.541,-0.504,-0.4605,-0.41,-0.357,-0.302,-0.25,-0.194,-0.06,0.081,0.126,0.1322,0.09,0.035
2020-02-03,-0.5364,-0.5365,-0.5365,-0.54,-0.544,-0.5455,-0.549,-0.5545,-0.5576,-0.561,-0.5645,-0.568,-0.5704,-0.573,-0.588,-0.596,-0.585,-0.5683,-0.542,-0.5045,-0.4611,-0.4115,-0.36,-0.305,-0.251,-0.199,-0.062,0.0771,0.126,0.128,0.0859,0.045
2020-02-04,-0.5365,-0.5365,-0.5369,-0.539,-0.5425,-0.54,-0.545,-0.5485,-0.551,-0.554,-0.557,-0.56,-0.563,-0.565,-0.576,-0.581,-0.567,-0.544,-0.512,-0.4741,-0.428,-0.377,-0.323,-0.266,-0.211,-0.158,-0.019,0.12075,0.1698,0.1723,0.13,0.083
2020-02-05,-0.5365,-0.5365,-0.53675,-0.5385,-0.5395,-0.5415,-0.5455,-0.5478,-0.5505,-0.5525,-0.555,-0.5568,-0.5588,-0.56,-0.565,-0.571,-0.5496,-0.524,-0.4882,-0.445,-0.398,-0.343,-0.287,-0.229,-0.1721,-0.1185,0.026,0.1689,0.219,0.2238,0.1832,0.1215
2020-02-06,-0.5365,-0.5365,-0.5365,-0.539,-0.5402,-0.541,-0.545,-0.5475,-0.5495,-0.5522,-0.5545,-0.5565,-0.5585,-0.5605,-0.565,-0.565,-0.5523,-0.527,-0.493,-0.451,-0.4045,-0.3517,-0.295,-0.238,-0.18235,-0.12875,0.015,0.15935,0.21005,0.21455,0.1745,0.116
2020-02-07,-0.5356,-0.5357,-0.5362,-0.5399,-0.5406,-0.544,-0.5467,-0.549,-0.5525,-0.555,-0.558,-0.5605,-0.562,-0.564,-0.57057,-0.571,-0.5615,-0.538,-0.505,-0.465,-0.419,-0.368,-0.315,-0.26,-0.206,-0.153,-0.011,0.133,0.181,0.185,0.142,0.083
2020-02-10,-0.536,-0.536,-0.53605,-0.539,-0.5409,-0.5435,-0.5485,-0.5507,-0.553,-0.55625,-0.559,-0.562,-0.565,-0.5655,-0.574,-0.584,-0.57,-0.554,-0.529,-0.491,-0.4471,-0.397,-0.346,-0.2935,-0.24,-0.188,-0.047,0.094,0.1425,0.145,0.106,0.053
2020-02-11,-0.5365,-0.53655,-0.5369,-0.5405,-0.5425,-0.5465,-0.5505,-0.5545,-0.5575,-0.56,-0.564,-0.5675,-0.57,-0.573,-0.578,-0.579,-0.568,-0.54625,-0.51475,-0.475,-0.4291,-0.37875,-0.324,-0.27,-0.2147,-0.15975,-0.018,0.12475,0.1721,0.1785,0.138,0.085
2020-02-12,-0.53695,-0.5369,-0.5369,-0.5403,-0.5425,-0.547,-0.5505,-0.5535,-0.5569,-0.5599,-0.5628,-0.5647,-0.567,-0.5691,-0.58,-0.576,-0.5645,-0.5409,-0.5085,-0.471,-0.425,-0.3735,-0.3186,-0.263,-0.209,-0.155,-0.0133,0.1288,0.1777,0.1798,0.1378,0.077
2020-02-13,-0.537,-0.5369,-0.5385,-0.541,-0.5428,-0.5464,-0.553,-0.554,-0.559,-0.5605,-0.5635,-0.5662,-0.572,-0.575,-0.585,-0.589,-0.5695,-0.549,-0.519,-0.48,-0.437,-0.38775,-0.335,-0.2801,-0.226,-0.1736,-0.033,0.108,0.1552,0.158,0.1137,0.056
2020-02-14,-0.538,-0.53865,-0.53835,-0.54115,-0.54345,-0.547,-0.552,-0.556,-0.56,-0.5635,-0.567,-0.571,-0.573,-0.576,-0.585,-0.589,-0.5796,-0.559,-0.5304,-0.4924,-0.447,-0.396,-0.34525,-0.2917,-0.2342,-0.184,-0.044,0.0968,0.143,0.144,0.1041,0.035
2020-02-17,-0.538,-0.538,-0.53795,-0.541,-0.5429,-0.5465,-0.5513,-0.555,-0.5585,-0.5627,-0.5666,-0.57,-0.5732,-0.5761,-0.586,-0.589,-0.5812,-0.5605,-0.531,-0.492,-0.448,-0.398,-0.344,-0.291,-0.237,-0.184,-0.044,0.097,0.144,0.144,0.1026,0.034
2020-02-18,-0.538,-0.5385,-0.5385,-0.5405,-0.5421,-0.5463,-0.5502,-0.5541,-0.5574,-0.563,-0.5654,-0.57,-0.5725,-0.576,-0.587,-0.5909,-0.5854,-0.566,-0.5365,-0.499,-0.456,-0.408,-0.356,-0.3049,-0.251,-0.198,-0.0581,0.0814,0.1268,0.1267,0.0867,0.023
2020-02-19,-0.53625,-0.5365,-0.537,-0.539,-0.541,-0.5455,-0.5495,-0.5535,-0.5565,-0.5605,-0.56424,-0.5665,-0.57,-0.573,-0.583,-0.5873,-0.58361,-0.569,-0.544,-0.509,-0.467,-0.421,-0.3685,-0.317,-0.265,-0.2115,-0.076,0.0645,0.109,0.1086,0.0674,0.00592
2020-02-20,-0.5355,-0.5355,-0.5365,-0.5385,-0.5404,-0.5445,-0.5492,-0.5535,-0.5565,-0.5605,-0.565,-0.568,-0.5695,-0.5725,-0.586,-0.593,-0.5833,-0.571,-0.547,-0.517,-0.4826,-0.438,-0.39,-0.342,-0.293,-0.2465,-0.1161,0.012,0.054,0.048,0.007,-0.049
2020-02-21,-0.53585,-0.5355,-0.536,-0.53685,-0.5395,-0.5435,-0.548,-0.5515,-0.5548,-0.5595,-0.5621,-0.5653,-0.569,-0.5705,-0.5785,-0.589,-0.5762,-0.563,-0.5405,-0.511,-0.473,-0.432,-0.386,-0.338,-0.291,-0.245,-0.11825,0.008,0.047,0.043,1e-05,-0.06
2020-02-24,-0.539,-0.539,-0.5405,-0.543,-0.5465,-0.5525,-0.5575,-0.5625,-0.5665,-0.5715,-0.575,-0.5795,-0.5825,-0.585,-0.6,-0.6015,-0.6015,-0.58975,-0.569,-0.53915,-0.50335,-0.464,-0.419,-0.372,-0.33,-0.282,-0.159,-0.037,-5e-05,-0.002,-0.052,-0.109
2020-02-25,-0.538,-0.538,-0.5434,-0.55,-0.559,-0.568,-0.573,-0.578,-0.584,-0.589,-0.591,-0.597,-0.598,-0.603,-0.622,-0.633,-0.6242,-0.61305,-0.5918,-0.562,-0.5274,-0.4861,-0.4413,-0.395,-0.344,-0.3022,-0.1814,-0.05875,-0.0202,-0.02575,-0.0705,-0.133
2020-02-26,-0.537,-0.537,-0.5455,-0.553,-0.555,-0.572,-0.574,-0.581,-0.586,-0.592,-0.597,-0.601,-0.605,-0.608,-0.624,-0.632,-0.622,-0.607,-0.583,-0.549,-0.5111,-0.4663,-0.4195,-0.3711,-0.324,-0.2772,-0.152,-0.026,0.016,0.013,-0.0315,-0.089
2020-02-27,-0.538,-0.538,-0.5485,-0.5545,-0.558,-0.57,-0.578,-0.584,-0.59,-0.596,-0.6,-0.604,-0.607,-0.611,-0.626,-0.637,-0.631,-0.616,-0.594,-0.564,-0.528,-0.4863,-0.44,-0.393,-0.346,-0.302,-0.178,-0.0555,-0.0135,-0.017,-0.06,-0.117
2020-02-28,-0.5375,-0.5375,-0.538,-0.541,-0.5875,-0.586,-0.599,-0.608,-0.617,-0.623,-0.629,-0.634,-0.638,-0.642,-0.66,-0.669,-0.6575,-0.65,-0.628,-0.601,-0.5684,-0.528,-0.487,-0.441,-0.395,-0.354,-0.238,-0.122,-0.087,-0.0959,-0.14,-0.189
2020-03-02,-0.552,-0.5519,-0.5955,-0.609,-0.6,-0.623,-0.636,-0.647,-0.657,-0.6775,-0.672,-0.678,-0.684,-0.688,-0.707,-0.715,-0.707,-0.69,-0.666,-0.633,-0.596,-0.554,-0.511,-0.4644,-0.4191,-0.377,-0.26,-0.14275,-0.11,-0.119,-0.168,-0.2295
2020-03-03,-0.552,-0.5595,-0.573,-0.594,-0.617,-0.636,-0.648,-0.658,-0.6655,-0.674,-0.681,-0.686,-0.692,-0.696,-0.714,-0.721,-0.704,-0.6883,-0.6625,-0.631,-0.5945,-0.5521,-0.5077,-0.4625,-0.4171,-0.3724,-0.2538,-0.135,-0.0995,-0.107,-0.1549,-0.219
2020-03-04,-0.565,-0.574,-0.6065,-0.6165,-0.624,-0.646,-0.658,-0.658,-0.675,-0.683,-0.683,-0.696,-0.694,-0.699,-0.724,-0.73,-0.728,-0.709,-0.685,-0.652,-0.614,-0.569,-0.523,-0.477,-0.429,-0.384,-0.261,-0.141,-0.105,-0.112,-0.1587,-0.218
2020-03-05,-0.5595,-0.5846,-0.6075,-0.568,-0.592,-0.608,-0.62,-0.6255,-0.634,-0.645,-0.655,-0.659,-0.666,-0.669,-0.6975,-0.7125,-0.719,-0.71,-0.692,-0.662,-0.626,-0.584,-0.54,-0.496,-0.4495,-0.4054,-0.2837,-0.166,-0.1315,-0.1393,-0.1817,-0.23
2020-03-06,-0.56245,-0.6,-0.531,-0.568,-0.599,-0.622,-0.639,-0.651,-0.663,-0.672,-0.681,-0.687,-0.693,-0.698,-0.72,-0.731,-0.7295,-0.7165,-0.697,-0.674,-0.642,-0.607,-0.569,-0.529,-0.49,-0.4509,-0.3425,-0.2375,-0.209,-0.2214,-0.2682,-0.34
2020-03-09,-0.55795,-0.6075,-0.625,-0.6453,-0.6627,-0.68,-0.6995,-0.71,-0.723,-0.734,-0.743,-0.751,-0.757,-0.757,-0.786,-0.798,-0.789,-0.777,-0.758,-0.733,-0.7074,-0.6783,-0.6473,-0.6144,-0.5795,-0.5474,-0.4603,-0.3873,-0.3774,-0.4059,-0.463,-0.538
2020-03-10,-0.564,-0.6005,-0.6235,-0.6355,-0.649,-0.656,-0.666,-0.673,-0.682,-0.691,-0.699,-0.706,-0.712,-0.716,-0.737,-0.748,-0.742,-0.716,-0.68,-0.6505,-0.6225,-0.5915,-0.5585,-0.5255,-0.495,-0.4635,-0.392,-0.343,-0.3555,-0.402,-0.4746,-0.554
2020-03-11,-0.5795,-0.6225,-0.6475,-0.665,-0.689,-0.701,-0.709,-0.713,-0.723,-0.731,-0.739,-0.744,-0.75,-0.753,-0.768,-0.773,-0.752,-0.72215,-0.69,-0.654,-0.624,-0.592,-0.559,-0.524,-0.49,-0.461,-0.386,-0.363,-0.402,-0.471,-0.54855,-0.627
2020-03-12,-0.573,-0.553,-0.5845,-0.595,-0.601,-0.617,-0.626,-0.632,-0.643,-0.654,-0.664,-0.67,-0.6755,-0.677,-0.7,-0.7095,-0.691,-0.664,-0.632,-0.596,-0.565,-0.536,-0.505,-0.474,-0.4417,-0.413,-0.344,-0.3285,-0.3845,-0.4559,-0.534,-0.61
2020-03-13,-0.5595,-0.5565,-0.5575,-0.5675,-0.595,-0.607,-0.613,-0.617,-0.625,-0.63,-0.635,-0.641,-0.645,-0.647,-0.662,-0.6645,-0.6315,-0.59,-0.5394,-0.4964,-0.4597,-0.424,-0.39,-0.3541,-0.3212,-0.2926,-0.2222,-0.1972,-0.2461,-0.315,-0.3812,-0.474
2020-03-16,-0.5925,-0.5925,-0.5925,-0.5975,-0.605,-0.618,-0.626,-0.632,-0.64,-0.648,-0.656,-0.66,-0.665,-0.668,-0.682,-0.68,-0.6485,-0.593,-0.537,-0.491,-0.449,-0.408,-0.37,-0.335,-0.308,-0.281,-0.22,-0.206,-0.256,-0.33,-0.403,-0.478
2020-03-17,-0.5725,-0.572,-0.575,-0.583,-0.5971,-0.612,-0.621,-0.6285,-0.635,-0.643,-0.65,-0.652,-0.655,-0.658,-0.671,-0.667,-0.628,-0.592,-0.542,-0.49,-0.442,-0.401,-0.365,-0.33,-0.301,-0.274,-0.215,-0.202,-0.2623,-0.3413,-0.4184,-0.475
2020-03-18,-0.56,-0.5599,-0.5615,-0.564,-0.581,-0.593,-0.601,-0.607,-0.612,-0.616,-0.619,-0.621,-0.624,-0.623,-0.62,-0.607,-0.56,-0.4866,-0.405,-0.338,-0.281,-0.247,-0.203,-0.162,-0.127,-0.096,-0.028,-0.001,-0.0519,-0.126,-0.204,-0.283
2020-03-19,-0.563,-0.56,-0.563,-0.5735,-0.5855,-0.589,-0.593,-0.594,-0.595,-0.597,-0.598,-0.599,-0.602,-0.6035,-0.594,-0.572,-0.53,-0.47,-0.411,-0.3428,-0.2843,-0.2381,-0.1958,-0.157,-0.15,-0.117,-0.045,-0.015,-0.055,-0.1196,-0.1923,-0.263
2020-03-20,-0.561,-0.5609,-0.5608,-0.576,-0.59,-0.593,-0.603,-0.608,-0.613,-0.619,-0.622,-0.623,-0.625,-0.6245,-0.623,-0.609,-0.5618,-0.518,-0.4691,-0.4157,-0.3642,-0.3195,-0.2808,-0.2462,-0.2125,-0.1804,-0.102,-0.0661,-0.1007,-0.1618,-0.2331,-0.29
2020-03-23,-0.5563,-0.5599,-0.55855,-0.579,-0.58575,-0.6,-0.605,-0.61,-0.615,-0.62,-0.623,-0.625,-0.626,-0.627,-0.625,-0.611,-0.5685,-0.53,-0.484,-0.4332,-0.3869,-0.3438,-0.3063,-0.271,-0.237,-0.206,-0.1278,-0.0826,-0.1113,-0.1663,-0.245,-0.332
2020-03-24,-0.559,-0.5589,-0.5585,-0.571,-0.5818,-0.587,-0.6,-0.604,-0.598,-0.599,-0.601,-0.614,-0.615,-0.6,-0.609,-0.593,-0.542,-0.498,-0.447,-0.3965,-0.3458,-0.2983,-0.255,-0.218,-0.1804,-0.141,-0.055,-0.002,-0.0246,-0.0754,-0.149,-0.239
2020-03-25,-0.548,-0.5479,-0.5479,-0.571,-0.577,-0.579,-0.577,-0.579,-0.582,-0.584,-0.586,-0.585,-0.584,-0.584,-0.579,-0.564,-0.5175,-0.4661,-0.409,-0.352,-0.2972,-0.247,-0.201,-0.155,-0.116,-0.077,0.012,0.071,0.0565,0.014,-0.051,-0.139
2020-03-26,-0.54375,-0.54465,-0.5449,-0.58,-0.5652,-0.587,-0.588,-0.59,-0.593,-0.597,-0.599,-0.6,-0.602,-0.601,-0.603,-0.591,-0.557,-0.518,-0.47,-0.418,-0.365,-0.314,-0.264,-0.217,-0.173,-0.132,-0.029,0.0472,0.0431,0.009,-0.047,-0.123
2020-03-27,-0.545,-0.5449,-0.5449,-0.5545,-0.5622,-0.583,-0.584,-0.576,-0.59,-0.596,-0.601,-0.604,-0.606,-0.608,-0.617,-0.615,-0.587,-0.554,-0.515,-0.472,-0.426,-0.3785,-0.3325,-0.2875,-0.2411,-0.1998,-0.097,-0.027,-0.0357,-0.074,-0.1262,-0.196
2020-03-30,-0.542,-0.5429,-0.5405,-0.551,-0.55865,-0.582,-0.582,-0.571,-0.589,-0.595,-0.6,-0.603,-0.6055,-0.607,-0.616,-0.616,-0.593,-0.566,-0.53075,-0.49155,-0.448,-0.401,-0.356,-0.309,-0.266,-0.224,-0.117,-0.048,-0.054,-0.089,-0.144,-0.205
2020-03-31,-0.537,-0.5379,-0.5379,-0.558,-0.5481,-0.564,-0.557,-0.561,-0.566,-0.577,-0.5755,-0.584,-0.582,-0.59,-0.599,-0.598,-0.5799,-0.547,-0.5075,-0.464,-0.418,-0.372,-0.3256,-0.278,-0.233,-0.1876,-0.0795,-0.0062,-0.011,-0.044,-0.099,-0.172
2020-04-01,-0.534,-0.5339,-0.5339,-0.5385,-0.5426,-0.5465,-0.548,-0.552,-0.557,-0.561,-0.564,-0.567,-0.571,-0.575,-0.586,-0.588,-0.5745,-0.549,-0.5135,-0.4715,-0.432,-0.387,-0.345,-0.2994,-0.254,-0.214,-0.109,-0.041,-0.045,-0.081,-0.135,-0.198
2020-04-02,-0.536,-0.5359,-0.5359,-0.538,-0.548,-0.5466,-0.55,-0.554,-0.559,-0.5615,-0.565,-0.5665,-0.571,-0.574,-0.584,-0.586,-0.5702,-0.5428,-0.5078,-0.47,-0.4295,-0.387,-0.3442,-0.303,-0.261,-0.221,-0.126,-0.0642,-0.0763,-0.1157,-0.178,-0.232
2020-04-03,-0.54,-0.5399,-0.54,-0.543,-0.547,-0.552,-0.548,-0.552,-0.555,-0.558,-0.562,-0.565,-0.569,-0.572,-0.587,-0.591,-0.5775,-0.554,-0.52,-0.481,-0.438,-0.397,-0.352,-0.307,-0.267,-0.225,-0.1329,-0.0769,-0.092,-0.1387,-0.2019,-0.265
2020-04-06,-0.5405,-0.5405,-0.5405,-0.5425,-0.551,-0.551,-0.552,-0.553,-0.555,-0.557,-0.56,-0.563,-0.566,-0.571,-0.585,-0.582,-0.576,-0.552,-0.519,-0.479,-0.435,-0.389,-0.343,-0.2975,-0.2553,-0.2135,-0.115,-0.054,-0.0672,-0.11,-0.1723,-0.229
2020-04-07,-0.539,-0.5385,-0.5395,-0.546,-0.543,-0.54,-0.541,-0.539,-0.538,-0.537,-0.54,-0.541,-0.544,-0.546,-0.558,-0.558,-0.545,-0.51,-0.468,-0.42,-0.371,-0.322,-0.275,-0.226,-0.1816,-0.1417,-0.0422,0.019,0.006,-0.0359,-0.0988,-0.162
2020-04-08,-0.5385,-0.5385,-0.54,-0.5425,-0.563,-0.5595,-0.558,-0.558,-0.559,-0.559,-0.56,-0.559,-0.564,-0.564,-0.576,-0.574,-0.5524,-0.5163,-0.477,-0.4313,-0.3826,-0.3349,-0.2869,-0.2403,-0.197,-0.155,-0.056,0.0067,-0.0078,-0.0518,-0.1183,-0.179
2020-04-09,-0.54,-0.5399,-0.5408,-0.562,-0.5605,-0.559,-0.558,-0.561,-0.562,-0.564,-0.567,-0.57,-0.573,-0.576,-0.591,-0.592,-0.5815,-0.549,-0.50875,-0.464,-0.41825,-0.37275,-0.32675,-0.28025,-0.2345,-0.1944,-0.095,-0.034,-0.048,-0.091,-0.1602,-0.221
2020-04-10,-0.5335,-0.5405,-0.541,,,,,,,,,,,,,,,,,,,,,,,,,,,,,
2020-04-13,,,,-0.544,-0.545,-0.546,-0.547,-0.549,-0.552,-0.555,-0.559,-0.562,-0.565,-0.568,-0.581,-0.582,,,,,,,,,,,,,,,,
2020-04-14,-0.536,-0.536,-0.53895,-0.557,-0.562,-0.564,-0.565,-0.57,-0.574,-0.577,-0.581,-0.583,-0.586,-0.583,-0.605,-0.61,-0.5902,-0.563,-0.5224,-0.4806,-0.436,-0.39,-0.345,-0.3002,-0.2556,-0.2145,-0.1122,-0.049,-0.063,-0.106,-0.1781,-0.25
2020-04-15,-0.5365,-0.5366,-0.5385,-0.549,-0.548,-0.546,-0.544,-0.557,-0.552,-0.555,-0.56,-0.564,-0.568,-0.573,-0.596,-0.607,-0.607,-0.585,-0.554,-0.518,-0.4782,-0.436,-0.3931,-0.3495,-0.3082,-0.268,-0.171,-0.111,-0.1305,-0.1775,-0.2521,-0.308
2020-04-16,-0.535,-0.535,-0.538,-0.542,-0.558,-0.56,-0.563,-0.564,-0.566,-0.567,-0.569,-0.573,-0.576,-0.581,-0.604,-0.616,-0.613,-0.5952,-0.5682,-0.535,-0.4976,-0.4564,-0.412,-0.375,-0.334,-0.292,-0.2,-0.138,-0.157,-0.206,-0.279,-0.345
2020-04-17,-0.536,-0.5359,-0.5394,-0.5432,-0.563,-0.54845,-0.56,-0.561,-0.562,-0.55665,-0.564,-0.562,-0.5642,-0.57345,-0.597,-0.609,-0.604,-0.587,-0.56,-0.52365,-0.485,-0.44125,-0.403,-0.358,-0.316,-0.278,-0.183,-0.12,-0.13865,-0.18545,-0.257,-0.325
2020-04-20,-0.5374,-0.5375,-0.5402,-0.551,-0.548,-0.544,-0.549,-0.552,-0.553,-0.548,-0.549,-0.551,-0.559,-0.561,-0.574,-0.583,-0.578,-0.56,-0.532,-0.4978,-0.457,-0.414,-0.3691,-0.327,-0.287,-0.246,-0.149,-0.088,-0.105,-0.1525,-0.23,-0.298
2020-04-21,-0.539,-0.5392,-0.5409,-0.5445,-0.548,-0.548,-0.548,-0.552,-0.555,-0.5575,-0.56,-0.558,-0.56,-0.564,-0.5675,-0.575,-0.5734,-0.56,-0.537,-0.508,-0.469,-0.4331,-0.3917,-0.3515,-0.3113,-0.27,-0.1796,-0.121,-0.1405,-0.1885,-0.265,-0.334
2020-04-22,-0.54285,-0.54235,-0.54275,-0.539,-0.529,-0.522,-0.519,-0.521,-0.525,-0.563,-0.566,-0.535,-0.539,-0.543,-0.561,-0.566,-0.563,-0.537,-0.501,-0.4645,-0.426,-0.3841,-0.3394,-0.2959,-0.2554,-0.2174,-0.124,-0.0681,-0.088,-0.136,-0.2141,-0.295
2020-04-23,-0.5435,-0.5434,-0.5458,-0.5491,-0.566,-0.571,-0.576,-0.583,-0.585,-0.589,-0.594,-0.595,-0.597,-0.569,-0.604,-0.6025,-0.567,-0.542,-0.509,-0.476,-0.438,-0.395,-0.355,-0.312,-0.2709,-0.234,-0.146,-0.09575,-0.12,-0.172,-0.2528,-0.333
2020-04-24,-0.5416,-0.5585,-0.5445,-0.57,-0.582,-0.578,-0.584,-0.581,-0.583,-0.584,-0.585,-0.5885,-0.592,-0.596,-0.609,-0.619,-0.606,-0.5845,-0.556,-0.522,-0.483,-0.4425,-0.4,-0.358,-0.3193,-0.28,-0.191,-0.14,-0.17,-0.2252,-0.3087,-0.396
2020-04-27,-0.542,-0.548,-0.551,-0.5592,-0.568,-0.571,-0.573,-0.577,-0.579,-0.583,-0.582,-0.584,-0.588,-0.588,-0.602,-0.6085,-0.5939,-0.572,-0.542,-0.504,-0.468,-0.4265,-0.3842,-0.341,-0.2988,-0.2609,-0.17,-0.11975,-0.14925,-0.205,-0.2891,-0.382
2020-04-28,-0.5438,-0.5488,-0.5515,-0.56,-0.566,-0.572,-0.578,-0.58225,-0.587,-0.5905,-0.59385,-0.596,-0.6,-0.604,-0.619,-0.621,-0.6105,-0.5895,-0.558,-0.521,-0.48,-0.4371,-0.3936,-0.3485,-0.3055,-0.266,-0.1721,-0.11675,-0.14425,-0.1999,-0.2851,-0.376
2020-04-29,-0.5497,-0.5508,-0.5515,-0.559,-0.549,-0.555,-0.561,-0.566,-0.571,-0.575,-0.579,-0.583,-0.587,-0.591,-0.612,-0.623,-0.6195,-0.6,-0.57,-0.53455,-0.4958,-0.453,-0.4113,-0.366,-0.324,-0.284,-0.1951,-0.1405,-0.169,-0.2232,-0.311,-0.407
2020-04-30,-0.5457,-0.551,-0.5468,-0.5561,-0.545,-0.557,-0.564,-0.573,-0.58,-0.586,-0.591,-0.596,-0.602,-0.607,-0.639,-0.656,-0.659,-0.6493,-0.624,-0.5928,-0.5555,-0.5131,-0.472,-0.429,-0.3876,-0.3496,-0.258,-0.202,-0.226,-0.279,-0.3692,-0.478
2020-05-01,,-0.553,,-0.527,-0.544,-0.555,-0.564,-0.572,-0.579,-0.585,,,-0.601,-0.606,-0.636,-0.652,,,,,,,,,,,,,,,,-0.464
2020-05-04,-0.54535,-0.54545,-0.54555,-0.5542,-0.542,-0.553,-0.562,-0.568,-0.581,-0.581,-0.587,-0.592,-0.598,-0.602,-0.63,-0.64546,-0.6416,-0.63,-0.6067,-0.572,-0.533,-0.491,-0.4464,-0.4028,-0.3586,-0.3189,-0.22175,-0.16125,-0.184,-0.235,-0.3273,-0.411
2020-05-05,-0.548,-0.5479,-0.5475,-0.548,-0.56085,-0.565,-0.571,-0.574,-0.573,-0.577,-0.581,-0.586,-0.592,-0.602,-0.626,-0.644,-0.6501,-0.64,-0.617,-0.5849,-0.5472,-0.5055,-0.4622,-0.4172,-0.374,-0.332,-0.2338,-0.1704,-0.19075,-0.2404,-0.337,-0.423
2020-05-06,-0.548,-0.5479,-0.5479,-0.552,-0.556,-0.56,-0.566,-0.569,-0.573,-0.577,-0.581,-0.585,-0.589,-0.592,-0.616,-0.63,-0.6275,-0.614,-0.589,-0.5523,-0.511,-0.466,-0.422,-0.374,-0.333,-0.289,-0.193,-0.128,-0.148,-0.195,-0.293,-0.383
2020-05-07,-0.54635,-0.54645,-0.547,-0.543,-0.556,-0.566,-0.574,-0.578,-0.583,-0.588,-0.591,-0.594,-0.598,-0.6,-0.619,-0.632,-0.6281,-0.6191,-0.598,-0.569,-0.532,-0.492,-0.449,-0.406,-0.363,-0.324,-0.22375,-0.16,-0.178,-0.225,-0.3242,-0.41
2020-05-08,-0.546,-0.5465,-0.5465,-0.515,-0.55755,-0.56275,-0.547,-0.554,-0.561,-0.567,-0.573,-0.578,-0.583,-0.5929,-0.613,-0.627,-0.631,-0.618,-0.587,-0.554,-0.516,-0.474,-0.43,-0.384,-0.34595,-0.302,-0.203,-0.138,-0.156,-0.204,-0.303,-0.386
2020-05-11,-0.5445,-0.5445,-0.5455,-0.5505,-0.527,-0.5635,-0.567,-0.57,-0.553,-0.558,-0.561,-0.582,-0.57,-0.587,-0.598,-0.613,-0.6195,-0.609,-0.586,-0.555,-0.5152,-0.473,-0.4304,-0.38525,-0.346,-0.304,-0.208,-0.145,-0.1635,-0.211,-0.308,-0.393
2020-05-12,-0.544,-0.5439,-0.5459,-0.551,-0.5585,-0.5638,-0.552,-0.558,-0.561,-0.57675,-0.57,-0.573,-0.576,-0.58,-0.6019,-0.616,-0.6205,-0.616,-0.597,-0.57,-0.53645,-0.49645,-0.45505,-0.41295,-0.37335,-0.336,-0.245,-0.19,-0.209,-0.258,-0.345,-0.436
2020-05-13,-0.54395,-0.5439,-0.545,-0.544,-0.5542,-0.5579,-0.5638,-0.5682,-0.5719,-0.5765,-0.5796,-0.5829,-0.5858,-0.5886,-0.6069,-0.623,-0.629,-0.62,-0.602,-0.574,-0.542,-0.506,-0.467,-0.425,-0.388,-0.349,-0.26,-0.2032,-0.2222,-0.272,-0.358,-0.44
2020-05-14,-0.543,-0.5429,-0.545,-0.548,-0.556,-0.553,-0.566,-0.567,-0.571,-0.575,-0.578,-0.581,-0.584,-0.587,-0.607,-0.621,-0.631,-0.625,-0.608,-0.582,-0.552,-0.517,-0.479,-0.438,-0.4,-0.3612,-0.2712,-0.2133,-0.2315,-0.2805,-0.372,-0.452
2020-05-15,-0.5425,-0.5419,-0.5449,-0.511,-0.5535,-0.558,-0.564,-0.568,-0.572,-0.576,-0.58,-0.583,-0.586,-0.589,-0.604,-0.617,-0.6162,-0.606,-0.592,-0.567,-0.536,-0.502,-0.465,-0.426,-0.388,-0.352,-0.264,-0.208,-0.226,-0.275,-0.363,-0.445
2020-05-18,-0.542,-0.5419,-0.5442,-0.509,-0.5545,-0.5585,-0.563,-0.567,-0.562,-0.567,-0.572,-0.575,-0.578,-0.581,-0.599,-0.61,-0.603,-0.592,-0.5681,-0.545,-0.5089,-0.476,-0.4325,-0.3937,-0.358,-0.3183,-0.2305,-0.171,-0.187,-0.22775,-0.319,-0.41
2020-05-19,-0.5415,-0.5409,-0.5445,-0.547,-0.5522,-0.556,-0.5604,-0.5646,-0.559,-0.571,-0.573,-0.571,-0.5765,-0.579,-0.59,-0.602,-0.596,-0.582,-0.561,-0.537,-0.506,-0.468,-0.431,-0.391,-0.354,-0.319,-0.23,-0.172,-0.19,-0.233,-0.325,-0.4115
2020-05-20,-0.53995,-0.54,-0.5435,-0.549,-0.5545,-0.5576,-0.5627,-0.5667,-0.57,-0.573,-0.5755,-0.5772,-0.58,-0.582,-0.598,-0.608,-0.598,-0.582,-0.559,-0.534,-0.503,-0.467,-0.429,-0.391,-0.35365,-0.316,-0.227,-0.169,-0.184,-0.2295,-0.322,-0.413
2020-05-21,-0.54,-0.54,-0.5451,-0.551,-0.556,-0.5595,-0.553,-0.56575,-0.56955,-0.5748,-0.572,-0.5782,-0.579,-0.5835,-0.601,-0.613,-0.60905,-0.592,-0.57,-0.545,-0.514,-0.479,-0.442,-0.404,-0.36725,-0.329,-0.235,-0.173,-0.189,-0.23,-0.32,-0.406
2020-05-22,-0.53995,-0.5395,-0.544,-0.553,-0.556,-0.559,-0.563,-0.5665,-0.569,-0.5735,-0.5765,-0.573,-0.576,-0.58,-0.5985,-0.61,-0.607,-0.594,-0.573,-0.546,-0.513,-0.475,-0.436,-0.396,-0.357,-0.32,-0.2271,-0.1626,-0.177,-0.223,-0.316,-0.404
2020-05-25,-0.5383,-0.5385,-0.5446,-0.5498,-0.554,-0.5585,-0.562,-0.5656,-0.5693,-0.573,-0.577,-0.5785,-0.571,-0.58205,-0.593,-0.605,-0.603,-0.593,-0.572,-0.547,-0.516,-0.481,-0.444,-0.405,-0.366,-0.329,-0.237,-0.173,-0.186,-0.229,-0.317,-0.407
2020-05-26,-0.541,-0.5414,-0.5445,-0.5497,-0.533,-0.55795,-0.548,-0.56305,-0.558,-0.56805,-0.57005,-0.572,-0.5736,-0.575,-0.586,-0.597,-0.58465,-0.56765,-0.54,-0.5115,-0.477,-0.439,-0.4,-0.36,-0.321,-0.284,-0.194,-0.128,-0.14,-0.181,-0.276,-0.363
2020-05-27,-0.541,-0.5418,-0.545,-0.5505,-0.548,-0.56,-0.563,-0.562,-0.566,-0.5705,-0.572,-0.576,-0.578,-0.58,-0.593,-0.6,-0.5875,-0.567,-0.539,-0.511,-0.477,-0.44,-0.401,-0.361,-0.32,-0.284,-0.18875,-0.119,-0.1305,-0.171,-0.263,-0.348
2020-05-28,-0.542,-0.543,-0.546,-0.552,-0.5567,-0.5602,-0.563,-0.566,-0.57,-0.572,-0.574,-0.575,-0.576,-0.577,-0.588,-0.599,-0.5894,-0.57,-0.544,-0.5155,-0.4815,-0.4435,-0.404,-0.363,-0.32365,-0.2865,-0.19,-0.1175,-0.121,-0.1555,-0.246,-0.335
2020-05-29,-0.53995,-0.5421,-0.5435,-0.551,-0.546,-0.553,-0.561,-0.564,-0.567,-0.57,-0.569,-0.576,-0.578,-0.578,-0.597,-0.597,-0.598,-0.583,-0.5605,-0.5325,-0.499,-0.461,-0.422,-0.382,-0.34125,-0.304,-0.208,-0.129,-0.13,-0.1615,-0.244,-0.339
2020-06-01,-0.54,-0.5424,-0.5435,-0.518,-0.531,-0.54,-0.562,-0.5648,-0.5677,-0.5702,-0.5721,-0.5746,-0.5765,-0.5785,-0.5895,-0.5925,-0.5874,-0.5711,-0.5468,-0.5137,-0.47605,-0.4373,-0.3959,-0.3529,-0.3118,-0.2719,-0.171,-0.089,-0.0832,-0.109,-0.188,-0.258
2020-06-02,-0.5423,-0.5431,-0.547,-0.52,-0.536,-0.543,-0.5618,-0.555,-0.56,-0.5645,-0.5735,-0.572,-0.578,-0.578,-0.593,-0.599,-0.589,-0.566,-0.536,-0.502,-0.465,-0.4245,-0.382,-0.3395,-0.30195,-0.259,-0.158,-0.077,-0.0735,-0.099,-0.169,-0.245
2020-06-03,-0.54,-0.541,-0.5455,-0.5525,-0.556,-0.5585,-0.5609,-0.563,-0.565,-0.563,-0.5689,-0.5707,-0.5725,-0.574,-0.584,-0.588,-0.5669,-0.543,-0.508,-0.473,-0.432,-0.389,-0.345,-0.301,-0.2594,-0.2194,-0.119,-0.0386,-0.0347,-0.06,-0.1242,-0.189
2020-06-04,-0.54,-0.54485,-0.5455,-0.537,-0.544,-0.557,-0.5585,-0.556,-0.559,-0.5625,-0.5635,-0.565,-0.568,-0.568,-0.576,-0.578,-0.558,-0.531,-0.496,-0.454,-0.411,-0.36205,-0.317,-0.268,-0.2222,-0.178,-0.07255,0.017,0.02715,0.006,-0.059,-0.142
2020-06-05,-0.54035,-0.541,-0.547,-0.5525,-0.5545,-0.5565,-0.553,-0.559,-0.56,-0.559,-0.56,-0.561,-0.563,-0.564,-0.57,-0.572,-0.548,-0.516,-0.478,-0.433,-0.386,-0.339,-0.288,-0.238,-0.191,-0.1462,-0.034,0.0517,0.0603,0.0375,-0.0255,-0.106
2020-06-08,-0.542,-0.54,-0.547,-0.5521,-0.5545,-0.5564,-0.559,-0.561,-0.562,-0.5629,-0.565,-0.567,-0.568,-0.567,-0.577,-0.5735,-0.5615,-0.536,-0.503,-0.4615,-0.416,-0.369,-0.321,-0.273,-0.225,-0.179,-0.07,0.01475,0.01825,-0.0078,-0.067,-0.142
2020-06-09,-0.542,-0.5485,-0.5495,-0.555,-0.534,-0.543,-0.5605,-0.552,-0.565,-0.56565,-0.56665,-0.568,-0.5691,-0.5702,-0.575,-0.576,-0.558,-0.5282,-0.49125,-0.44915,-0.4041,-0.3559,-0.3067,-0.2585,-0.2111,-0.1674,-0.059,0.022,0.0188,-0.013,-0.07515,-0.1455
2020-06-10,-0.5375,-0.5419,-0.5485,-0.5524,-0.5545,-0.5575,-0.56,-0.5625,-0.564,-0.5661,-0.5673,-0.5689,-0.571,-0.573,-0.574,-0.57,-0.5556,-0.532,-0.496,-0.457,-0.4145,-0.371,-0.322,-0.276,-0.23,-0.187,-0.084,-0.007,-0.011,-0.0445,-0.1098,-0.189
2020-06-11,-0.5445,-0.5485,-0.553,-0.5575,-0.545,-0.553,-0.5644,-0.5675,-0.5692,-0.566,-0.572,-0.5755,-0.578,-0.5787,-0.59,-0.596,-0.586,-0.569,-0.544,-0.511,-0.4735,-0.432,-0.39,-0.347,-0.301,-0.2625,-0.162,-0.089,-0.095,-0.13,-0.192,-0.273
2020-06-12,-0.5485,-0.5525,-0.555,-0.559,-0.552,-0.5655,-0.568,-0.572,-0.576,-0.578,-0.581,-0.585,-0.588,-0.59,-0.606,-0.614,-0.6015,-0.586,-0.56,-0.527,-0.4903,-0.4485,-0.40535,-0.3627,-0.3185,-0.2776,-0.17525,-0.0979,-0.09995,-0.131,-0.197,-0.282
2020-06-15,-0.553,-0.5529,-0.554,-0.526,-0.562,-0.5671,-0.5705,-0.5735,-0.568,-0.579,-0.582,-0.584,-0.587,-0.58925,-0.599,-0.606,-0.605,-0.588,-0.561,-0.53319,-0.499,-0.461,-0.42,-0.378,-0.3341,-0.294,-0.19165,-0.10985,-0.1067,-0.1325,-0.193,-0.257
2020-06-16,-0.552,-0.5564,-0.5605,-0.5665,-0.5695,-0.575,-0.565,-0.5795,-0.584,-0.586,-0.579,-0.583,-0.591,-0.593,-0.602,-0.605,-0.6015,-0.583,-0.5565,-0.528,-0.49105,-0.4525,-0.412,-0.3672,-0.324,-0.282,-0.177,-0.0945,-0.092,-0.116,-0.168,-0.241
2020-06-17,-0.5559,-0.5575,-0.5611,-0.5649,-0.5681,-0.574,-0.5785,-0.58,-0.584,-0.586,-0.588,-0.593,-0.595,-0.5975,-0.61,-0.617,-0.6072,-0.586,-0.557,-0.525,-0.4885,-0.449,-0.406,-0.362,-0.317,-0.276,-0.16965,-0.09,-0.085,-0.108,-0.1562,-0.209
2020-06-18,-0.5565,-0.5595,-0.5595,-0.5635,-0.5668,-0.5725,-0.569,-0.579,-0.5821,-0.581,-0.583,-0.59,-0.591,-0.594,-0.6095,-0.614,-0.6125,-0.595,-0.5655,-0.537,-0.504,-0.467,-0.427,-0.3845,-0.3423,-0.3019,-0.1995,-0.1195,-0.118,-0.1429,-0.196,-0.25
2020-06-19,-0.5636,-0.565,-0.5666,-0.551,-0.56,-0.566,-0.5785,-0.581,-0.579,-0.581,-0.584,-0.587,-0.589,-0.592,-0.61,-0.618,-0.614,-0.596,-0.572,-0.541,-0.506,-0.468,-0.4278,-0.384,-0.3397,-0.2977,-0.1928,-0.11,-0.1066,-0.131,-0.182,-0.243
2020-06-22,-0.5636,-0.5646,-0.567,-0.5705,-0.5725,-0.5775,-0.5805,-0.5831,-0.5865,-0.579,-0.583,-0.594,-0.5985,-0.601,-0.616,-0.629,-0.629,-0.6125,-0.587,-0.5575,-0.522,-0.4822,-0.442,-0.3989,-0.356,-0.312,-0.20595,-0.121,-0.116,-0.141,-0.19,-0.249
2020-06-23,-0.5623,-0.5625,-0.5638,-0.5662,-0.5677,-0.571,-0.574,-0.564,-0.578,-0.58,-0.573,-0.577,-0.58,-0.584,-0.602,-0.613,-0.609,-0.595,-0.571,-0.539,-0.5005,-0.4596,-0.417,-0.372,-0.327,-0.2815,-0.17125,-0.084,-0.07025,-0.08825,-0.138,-0.205
2020-06-24,-0.55925,-0.55955,-0.5608,-0.559,-0.5625,-0.566,-0.566,-0.567,-0.575,-0.575,-0.578,-0.581,-0.585,-0.588,-0.606,-0.615,-0.616,-0.6015,-0.581,-0.5515,-0.51575,-0.4771,-0.4355,-0.39245,-0.349,-0.30425,-0.1965,-0.117,-0.112,-0.13555,-0.18525,-0.243
2020-06-25,-0.5525,-0.5525,-0.5536,-0.5565,-0.5595,-0.5635,-0.5668,-0.57,-0.5735,-0.5765,-0.5795,-0.581,-0.5875,-0.5915,-0.61,-0.619,-0.623,-0.609,-0.586,-0.557,-0.523,-0.485,-0.445,-0.403,-0.358,-0.3175,-0.214,-0.13591,-0.1375,-0.1675,-0.22,-0.274
2020-06-26,-0.552,-0.5519,-0.5545,-0.5575,-0.5615,-0.5665,-0.5705,-0.575,-0.579,-0.583,-0.587,-0.583,-0.588,-0.599,-0.617,-0.627,-0.6295,-0.618,-0.596,-0.569,-0.5365,-0.5,-0.46,-0.418,-0.37725,-0.335,-0.231,-0.154,-0.1565,-0.1865,-0.2431,-0.29
2020-06-29,-0.54895,-0.5489,-0.5525,-0.5545,-0.5585,-0.5635,-0.553,-0.56,-0.565,-0.569,-0.573,-0.578,-0.582,-0.586,-0.608,-0.619,-0.6205,-0.607,-0.58515,-0.5578,-0.5259,-0.491,-0.4525,-0.41,-0.365,-0.326,-0.22325,-0.146,-0.14775,-0.173,-0.225,-0.286
2020-06-30,-0.54595,-0.5459,-0.54975,-0.5512,-0.55655,-0.545,-0.565,-0.569,-0.573,-0.568,-0.581,-0.577,-0.588,-0.5905,-0.608,-0.62,-0.6205,-0.606,-0.585,-0.5565,-0.5219,-0.485,-0.445,-0.402,-0.357,-0.314,-0.207,-0.126,-0.125,-0.15,-0.199,-0.255
2020-07-01,-0.54995,-0.5499,-0.5526,-0.546,-0.5595,-0.5625,-0.56,-0.563,-0.568,-0.574,-0.578,-0.578,-0.581,-0.585,-0.603,-0.612,-0.6034,-0.584,-0.5565,-0.524,-0.4865,-0.447,-0.404,-0.359,-0.316,-0.273,-0.1675,-0.088,-0.088,-0.114,-0.163,-0.213
2020-07-02,-0.54795,-0.5484,-0.553,-0.5553,-0.5599,-0.5645,-0.568,-0.572,-0.574,-0.5768,-0.58,-0.584,-0.5864,-0.5895,-0.605,-0.6135,-0.615,-0.601,-0.579,-0.546,-0.511,-0.472,-0.43,-0.387,-0.341,-0.298,-0.192,-0.11,-0.1066,-0.13125,-0.183,-0.224
2020-07-03,-0.547,-0.5484,-0.5543,-0.5565,-0.5616,-0.5665,-0.5685,-0.5725,-0.5759,-0.5785,-0.5821,-0.5855,-0.5886,-0.59175,-0.607,-0.617,-0.615,-0.6,-0.57595,-0.54505,-0.50905,-0.471,-0.428,-0.383,-0.338,-0.295,-0.188,-0.102,-0.099,-0.122,-0.169,-0.209
2020-07-06,-0.54995,-0.5499,-0.5556,-0.5575,-0.5618,-0.546,-0.5682,-0.5715,-0.574,-0.5765,-0.5795,-0.5825,-0.579,-0.583,-0.603,-0.613,-0.61,-0.595,-0.573,-0.5441,-0.5085,-0.46895,-0.426,-0.38165,-0.336,-0.29235,-0.18415,-0.09805,-0.0914,-0.11245,-0.158,-0.207
2020-07-07,-0.549,-0.55,-0.5555,-0.5576,-0.54,-0.5648,-0.5674,-0.559,-0.564,-0.5745,-0.5774,-0.58,-0.582,-0.5844,-0.596,-0.603,-0.60145,-0.59,-0.5644,-0.536,-0.50225,-0.46325,-0.42075,-0.37715,-0.33245,-0.2905,-0.18455,-0.10075,-0.09875,-0.12585,-0.168,-0.212
2020-07-08,-0.5488,-0.55085,-0.5542,-0.5554,-0.5595,-0.5623,-0.5639,-0.56578,-0.5702,-0.57,-0.573,-0.5775,-0.579,-0.582,-0.5933,-0.601,-0.599,-0.587,-0.5635,-0.537,-0.504,-0.468,-0.427,-0.384,-0.3412,-0.3,-0.2,-0.121,-0.12,-0.146,-0.19,-0.239
2020-07-09,-0.54895,-0.5507,-0.521,-0.553,-0.5573,-0.5602,-0.554,-0.5659,-0.5688,-0.566,-0.569,-0.572,-0.574,-0.5816,-0.595,-0.607,-0.6062,-0.594,-0.575,-0.5495,-0.519,-0.48265,-0.444,-0.403,-0.36075,-0.32045,-0.21955,-0.14235,-0.143,-0.169,-0.214,-0.263
2020-07-10,-0.54995,-0.5514,-0.5527,-0.5532,-0.5578,-0.563,-0.5635,-0.5675,-0.571,-0.574,-0.5777,-0.581,-0.584,-0.58725,-0.604,-0.612,-0.616,-0.604,-0.582,-0.557,-0.526,-0.491,-0.452,-0.41,-0.36725,-0.32715,-0.22775,-0.15345,-0.15725,-0.18585,-0.23185,-0.27255
2020-07-13,-0.549,-0.5513,-0.5529,-0.5533,-0.5575,-0.56,-0.562,-0.552,-0.567,-0.5686,-0.572,-0.5731,-0.575,-0.578,-0.59,-0.595,-0.594,-0.5805,-0.558,-0.526,-0.4915,-0.453,-0.413,-0.37,-0.327,-0.285,-0.181,-0.105,-0.106,-0.134,-0.182,-0.226
2020-07-14,-0.54955,-0.5513,-0.5523,-0.522,-0.557,-0.5591,-0.562,-0.5645,-0.5665,-0.568,-0.57,-0.573,-0.569,-0.572,-0.5905,-0.598,-0.6005,-0.5895,-0.57,-0.544,-0.515,-0.479,-0.443,-0.402,-0.36035,-0.32,-0.22065,-0.147,-0.15,-0.1828,-0.2325,-0.272
2020-07-15,-0.54985,-0.5509,-0.5515,-0.5525,-0.5565,-0.5585,-0.5605,-0.5635,-0.5665,-0.5675,-0.5715,-0.5745,-0.575,-0.5805,-0.5955,-0.611,-0.61,-0.599,-0.578,-0.5525,-0.521,-0.485,-0.447,-0.403,-0.361,-0.32125,-0.22195,-0.146,-0.148,-0.179,-0.222,-0.27
2020-07-16,-0.553,-0.5537,-0.5537,-0.531,-0.5582,-0.549,-0.5628,-0.566,-0.57,-0.5719,-0.57,-0.5777,-0.581,-0.584,-0.6,-0.611,-0.616,-0.6055,-0.587,-0.5616,-0.52965,-0.49325,-0.45455,-0.4138,-0.371,-0.3295,-0.22675,-0.148,-0.148,-0.173,-0.219,-0.261
2020-07-17,-0.5507,-0.551,-0.551,-0.5515,-0.529,-0.5561,-0.5565,-0.5595,-0.563,-0.565,-0.568,-0.571,-0.573,-0.576,-0.5915,-0.6,-0.606,-0.594,-0.572,-0.5465,-0.5145,-0.478,-0.4385,-0.3955,-0.353,-0.311,-0.208,-0.1305,-0.1305,-0.1575,-0.198,-0.239
2020-07-20,-0.55,-0.55,-0.5509,-0.5519,-0.5553,-0.5565,-0.54,-0.562,-0.566,-0.568,-0.571,-0.574,-0.566,-0.578,-0.591,-0.603,-0.609,-0.6015,-0.58435,-0.5602,-0.52895,-0.49285,-0.454,-0.413,-0.37205,-0.3323,-0.22975,-0.15475,-0.1558,-0.1845,-0.2281,-0.264
2020-07-21,-0.55,-0.55,-0.55,-0.5511,-0.5535,-0.5555,-0.5583,-0.5615,-0.5645,-0.5665,-0.5705,-0.573,-0.576,-0.5788,-0.595,-0.608,-0.6115,-0.603,-0.58695,-0.56205,-0.5325,-0.498,-0.459,-0.417,-0.37435,-0.334,-0.233,-0.158,-0.1605,-0.189,-0.238,-0.288
2020-07-22,-0.549,-0.5489,-0.5483,-0.5494,-0.546,-0.549,-0.5567,-0.561,-0.562,-0.5668,-0.571,-0.572,-0.575,-0.578,-0.598,-0.612,-0.619,-0.615,-0.601,-0.575,-0.546,-0.5115,-0.47505,-0.434,-0.392,-0.3517,-0.25075,-0.1774,-0.17985,-0.209,-0.259,-0.306
2020-07-23,-0.54995,-0.5499,-0.5499,-0.5511,-0.5525,-0.5535,-0.5565,-0.5595,-0.5625,-0.5655,-0.5685,-0.5715,-0.5755,-0.579,-0.5945,-0.605,-0.612,-0.6055,-0.586,-0.562,-0.536,-0.5035,-0.466,-0.425,-0.383,-0.344,-0.2455,-0.174,-0.179,-0.21,-0.2608,-0.31
2020-07-24,-0.54895,-0.54895,-0.5493,-0.5495,-0.5515,-0.553,-0.5545,-0.5575,-0.5595,-0.563,-0.5635,-0.558,-0.5685,-0.5715,-0.584,-0.593,-0.5965,-0.5875,-0.568,-0.544,-0.514,-0.481,-0.444,-0.403,-0.363,-0.322,-0.223,-0.153,-0.159,-0.1905,-0.245,-0.299
2020-07-27,-0.55,-0.5499,-0.5499,-0.5508,-0.5515,-0.5541,-0.5562,-0.559,-0.5612,-0.5638,-0.566,-0.5692,-0.571,-0.574,-0.586,-0.599,-0.605,-0.5995,-0.583,-0.563,-0.535,-0.503,-0.468,-0.43,-0.389,-0.349,-0.251,-0.18375,-0.19025,-0.224,-0.281,-0.333
2020-07-28,-0.54995,-0.5499,-0.5495,-0.5515,-0.5523,-0.5534,-0.557,-0.56,-0.563,-0.566,-0.5696,-0.5728,-0.578,-0.5795,-0.593,-0.607,-0.617,-0.61,-0.596,-0.576,-0.549,-0.5175,-0.482,-0.443,-0.4001,-0.365,-0.268,-0.199,-0.207,-0.24,-0.293,-0.355
2020-07-29,-0.55,-0.55,-0.5495,-0.5515,-0.5535,-0.556,-0.56,-0.5625,-0.5655,-0.5688,-0.572,-0.575,-0.5775,-0.5805,-0.5953,-0.6033,-0.61015,-0.60085,-0.583,-0.56,-0.53107,-0.49875,-0.463,-0.42235,-0.381,-0.341,-0.242,-0.172,-0.179,-0.211,-0.264,-0.327
2020-07-30,-0.5519,-0.5529,-0.5521,-0.5535,-0.5555,-0.559,-0.563,-0.567,-0.565,-0.5765,-0.5795,-0.5835,-0.5875,-0.5905,-0.6075,-0.619,-0.6305,-0.627,-0.61301,-0.592,-0.5645,-0.53165,-0.497,-0.458,-0.418,-0.3805,-0.282,-0.214,-0.222,-0.255,-0.309,-0.368
2020-07-31,-0.552,-0.55195,-0.5524,-0.5542,-0.556,-0.55935,-0.5634,-0.5681,-0.5717,-0.5764,-0.5804,-0.575,-0.587,-0.5906,-0.603,-0.618,-0.6265,-0.619,-0.6005,-0.576,-0.546,-0.5125,-0.475,-0.434,-0.394,-0.354,-0.254,-0.182,-0.19,-0.221,-0.278,-0.333
2020-08-03,-0.553,-0.5529,-0.5529,-0.5548,-0.5564,-0.559,-0.547,-0.567,-0.5707,-0.5748,-0.57,-0.5815,-0.577,-0.589,-0.602,-0.611,-0.6185,-0.6165,-0.601,-0.576,-0.5485,-0.515,-0.478,-0.438,-0.39855,-0.3575,-0.25605,-0.1833,-0.18925,-0.2225,-0.278,-0.33
2020-08-04,-0.5525,-0.5525,-0.5529,-0.5547,-0.5561,-0.559,-0.551,-0.559,-0.564,-0.5743,-0.574,-0.583,-0.582,-0.585,-0.606,-0.62,-0.6285,-0.628,-0.617,-0.59635,-0.569,-0.5395,-0.505,-0.4665,-0.426,-0.387,-0.288,-0.218,-0.227,-0.261,-0.3139,-0.371
2020-08-05,-0.55195,-0.552,-0.5525,-0.5544,-0.5556,-0.55745,-0.562,-0.5651,-0.569,-0.569,-0.573,-0.576,-0.5815,-0.583,-0.598,-0.605,-0.6115,-0.6025,-0.588,-0.56195,-0.5325,-0.502,-0.465,-0.42303,-0.381,-0.341,-0.243,-0.1705,-0.1775,-0.21,-0.2657,-0.329
2020-08-06,-0.55195,-0.552,-0.5525,-0.5555,-0.5565,-0.5574,-0.563,-0.567,-0.569,-0.566,-0.5765,-0.5795,-0.5825,-0.5855,-0.5985,-0.607,-0.617,-0.613,-0.599,-0.577,-0.549,-0.5182,-0.48265,-0.444,-0.404,-0.365,-0.26525,-0.192,-0.1983,-0.2306,-0.2855,-0.343
2020-08-07,-0.55195,-0.55205,-0.5524,-0.554,-0.5555,-0.5565,-0.561,-0.5625,-0.5645,-0.568,-0.563,-0.574,-0.57,-0.5785,-0.5905,-0.597,-0.6065,-0.6,-0.586,-0.562,-0.5335,-0.501,-0.464,-0.424,-0.3825,-0.343,-0.24325,-0.17,-0.176,-0.2075,-0.262,-0.319
2020-08-10,-0.55195,-0.55205,-0.5519,-0.5545,-0.5562,-0.5582,-0.56385,-0.5671,-0.5688,-0.5724,-0.5762,-0.5802,-0.5831,-0.58,-0.5981,-0.609,-0.6165,-0.6135,-0.602,-0.579,-0.552,-0.51965,-0.4837,-0.44495,-0.40465,-0.364,-0.264,-0.188,-0.1925,-0.225,-0.27805,-0.333
2020-08-11,-0.552,-0.552,-0.5519,-0.5545,-0.556,-0.558,-0.5615,-0.5646,-0.5667,-0.5699,-0.5728,-0.57806,-0.5785,-0.5806,-0.591,-0.597,-0.6005,-0.5925,-0.575,-0.54875,-0.517,-0.482,-0.444,-0.401,-0.359,-0.317,-0.212,-0.133,-0.135,-0.163,-0.21555,-0.274
2020-08-12,-0.552,-0.5519,-0.552,-0.5546,-0.5564,-0.558,-0.562,-0.564,-0.56535,-0.566,-0.568,-0.5711,-0.573,-0.575,-0.585,-0.592,-0.58615,-0.579,-0.56285,-0.53615,-0.504,-0.468,-0.429,-0.386,-0.34315,-0.30065,-0.19515,-0.11435,-0.11535,-0.14225,-0.19215,-0.256
2020-08-13,-0.551,-0.5509,-0.55135,-0.55315,-0.54,-0.546,-0.559,-0.56,-0.555,-0.56365,-0.56,-0.56755,-0.5675,-0.566,-0.574,-0.578,-0.5705,-0.56,-0.539,-0.509,-0.475,-0.437,-0.395,-0.351,-0.307,-0.264,-0.157,-0.076,-0.077,-0.103,-0.154,-0.212
2020-08-14,-0.5495,-0.5493,-0.5502,-0.5523,-0.5539,-0.5554,-0.557,-0.559,-0.5617,-0.563,-0.556,-0.566,-0.568,-0.563,-0.574,-0.577,-0.5765,-0.563,-0.5415,-0.513,-0.479,-0.44,-0.399,-0.35475,-0.312,-0.269,-0.16375,-0.082,-0.083,-0.10975,-0.161,-0.0735
2020-08-17,-0.5485,-0.5485,-0.5488,-0.5522,-0.552,-0.5552,-0.556,-0.558,-0.56,-0.561,-0.565,-0.5665,-0.569,-0.571,-0.583,-0.59,-0.5864,-0.579,-0.56215,-0.533,-0.501,-0.464,-0.4245,-0.381,-0.338,-0.296,-0.19075,-0.109,-0.108,-0.135,-0.185,-0.238
2020-08-18,-0.5495,-0.5495,-0.5505,-0.552,-0.5535,-0.5539,-0.5562,-0.5581,-0.559,-0.563,-0.5639,-0.5661,-0.569,-0.571,-0.5815,-0.589,-0.59245,-0.585,-0.568,-0.541,-0.509,-0.4725,-0.432,-0.39,-0.348,-0.305,-0.201,-0.12,-0.119,-0.146,-0.1939,-0.254
2020-08-19,-0.55,-0.5499,-0.5506,-0.552,-0.5533,-0.5545,-0.558,-0.5591,-0.561,-0.5632,-0.5655,-0.568,-0.57,-0.5725,-0.588,-0.599,-0.598,-0.5935,-0.578,-0.553,-0.5195,-0.4825,-0.442,-0.39915,-0.35585,-0.314,-0.209,-0.129,-0.129,-0.15525,-0.204,-0.26
2020-08-20,-0.55,-0.5499,-0.5505,-0.5523,-0.5535,-0.556,-0.551,-0.562,-0.559,-0.562,-0.5682,-0.5706,-0.575,-0.576,-0.59,-0.604,-0.605,-0.602,-0.587,-0.563,-0.5325,-0.4965,-0.45812,-0.417,-0.3735,-0.3325,-0.228,-0.15075,-0.15,-0.176,-0.22345,-0.277
2020-08-21,-0.5495,-0.5499,-0.5515,-0.5525,-0.554,-0.5568,-0.545,-0.552,-0.5658,-0.5689,-0.565,-0.574,-0.5775,-0.578,-0.597,-0.609,-0.6125,-0.60975,-0.594,-0.569,-0.537,-0.50075,-0.462,-0.418,-0.375,-0.333,-0.226,-0.146,-0.145,-0.171,-0.216,-0.275
2020-08-24,-0.55,-0.5499,-0.5514,-0.5525,-0.5545,-0.538,-0.559,-0.562,-0.5642,-0.567,-0.5695,-0.573,-0.576,-0.5795,-0.5935,-0.606,-0.60825,-0.603,-0.58845,-0.563,-0.531,-0.493,-0.45385,-0.41,-0.366,-0.3235,-0.215,-0.133,-0.131,-0.157,-0.202,-0.261
2020-08-25,-0.55,-0.55065,-0.5515,-0.5525,-0.5535,-0.54,-0.558,-0.56,-0.562,-0.556,-0.567,-0.569,-0.565,-0.572,-0.582,-0.592,-0.58905,-0.5815,-0.5618,-0.53265,-0.496,-0.456,-0.414,-0.369,-0.323,-0.279,-0.169,-0.0855,-0.082,-0.107,-0.1475,-0.208
2020-08-26,-0.5499,-0.5499,-0.5514,-0.5525,-0.5535,-0.555,-0.557,-0.5575,-0.559,-0.5605,-0.5625,-0.5645,-0.5665,-0.567,-0.579,-0.585,-0.584,-0.5735,-0.5522,-0.5205,-0.483,-0.442,-0.398,-0.352,-0.305,-0.26,-0.151,-0.064,-0.062,-0.085,-0.13,-0.183
2020-08-27,-0.54995,-0.5499,-0.5515,-0.5525,-0.5541,-0.5555,-0.5569,-0.558,-0.5593,-0.561,-0.5625,-0.5645,-0.5665,-0.566,-0.581,-0.59,-0.588,-0.574,-0.55,-0.516,-0.475,-0.43,-0.385,-0.3365,-0.2887,-0.244,-0.13,-0.042,-0.036,-0.0585,-0.103,-0.154
2020-08-28,-0.55,-0.55,-0.552,-0.5525,-0.5538,-0.5558,-0.558,-0.559,-0.561,-0.562,-0.5645,-0.567,-0.56912,-0.571,-0.586,-0.59,-0.592,-0.5785,-0.552,-0.516,-0.476,-0.432,-0.384,-0.333,-0.286,-0.239,-0.122,-0.03,-0.019,-0.038,-0.086,-0.119
2020-08-31,-0.55,-0.5499,-0.55215,-0.553,-0.5538,-0.54,-0.544,-0.5577,-0.5597,-0.561,-0.5632,-0.566,-0.569,-0.5699,-0.581,-0.585,-0.5866,-0.575,-0.55,-0.5143,-0.4738,-0.431,-0.384,-0.337,-0.289,-0.2434,-0.1284,-0.038,-0.028,-0.045,-0.08405,-0.129
2020-09-01,-0.552,-0.55235,-0.553,-0.5535,-0.5545,-0.5564,-0.546,-0.5604,-0.564,-0.565,-0.5675,-0.57,-0.568,-0.572,-0.589,-0.597,-0.5996,-0.58965,-0.56605,-0.53175,-0.49065,-0.446,-0.39965,-0.351,-0.30305,-0.257,-0.14345,-0.052,-0.039,-0.056,-0.09275,-0.132
2020-09-02,-0.552,-0.5528,-0.5555,-0.5565,-0.5585,-0.562,-0.565,-0.568,-0.569,-0.5745,-0.5785,-0.582,-0.5855,-0.589,-0.606,-0.621,-0.623,-0.617,-0.598,-0.568,-0.53,-0.4895,-0.444,-0.395,-0.3467,-0.304,-0.194,-0.106,-0.098,-0.116,-0.1535,-0.189
2020-09-03,-0.553,-0.556,-0.5585,-0.5601,-0.563,-0.567,-0.5715,-0.5745,-0.572,-0.576,-0.58,-0.585,-0.589,-0.593,-0.614,-0.628,-0.63035,-0.6245,-0.608,-0.579,-0.5415,-0.5,-0.457,-0.408,-0.363,-0.32,-0.212,-0.127,-0.12015,-0.141,-0.1799,-0.218
2020-09-04,-0.5534,-0.5565,-0.5595,-0.5609,-0.5625,-0.567,-0.572,-0.575,-0.5788,-0.583,-0.5865,-0.59,-0.594,-0.596,-0.6153,-0.625,-0.631,-0.619,-0.594,-0.563,-0.525,-0.482,-0.435,-0.387,-0.339,-0.29585,-0.18675,-0.10075,-0.0935,-0.1135,-0.158,-0.19
2020-09-07,-0.553,-0.557,-0.5585,-0.5605,-0.5628,-0.567,-0.5698,-0.572,-0.5758,-0.5797,-0.582,-0.586,-0.59,-0.5947,-0.613,-0.623,-0.63,-0.62,-0.598,-0.565,-0.527,-0.484,-0.437,-0.388,-0.343,-0.295,-0.187,-0.096,-0.087,-0.107,-0.144,-0.184
2020-09-08,-0.55465,-0.5586,-0.5613,-0.5625,-0.5645,-0.56825,-0.571,-0.573,-0.5775,-0.5813,-0.585,-0.5893,-0.594,-0.5968,-0.616,-0.6265,-0.6355,-0.6295,-0.613,-0.584,-0.54595,-0.504,-0.4596,-0.41105,-0.364,-0.3201,-0.209,-0.1218,-0.115,-0.135,-0.1768,-0.213
2020-09-09,-0.555,-0.557,-0.557,-0.5595,-0.5615,-0.564,-0.566,-0.5679,-0.5715,-0.5755,-0.5785,-0.58,-0.5855,-0.589,-0.606,-0.612,-0.619,-0.608,-0.5855,-0.554,-0.5147,-0.4717,-0.4255,-0.3768,-0.32895,-0.284,-0.17255,-0.08385,-0.075,-0.09765,-0.137,-0.171
2020-09-10,-0.55405,-0.5549,-0.5545,-0.5565,-0.559,-0.554,-0.5649,-0.5665,-0.56965,-0.57202,-0.57465,-0.578,-0.5811,-0.58325,-0.599,-0.6033,-0.60735,-0.59345,-0.56945,-0.53765,-0.49945,-0.45575,-0.41045,-0.36245,-0.31635,-0.27155,-0.1605,-0.0745,-0.06905,-0.09215,-0.133,-0.169
2020-09-11,-0.555,-0.556,-0.5547,-0.5565,-0.5589,-0.5634,-0.5665,-0.5686,-0.5726,-0.576,-0.579,-0.584,-0.587,-0.5909,-0.607,-0.617,-0.624,-0.618,-0.601,-0.571,-0.533,-0.49,-0.446,-0.4,-0.353,-0.309,-0.19875,-0.1135,-0.107,-0.13,-0.1686,-0.207
2020-09-14,-0.555,-0.55495,-0.5549,-0.5565,-0.5585,-0.564,-0.568,-0.561,-0.577,-0.571,-0.575,-0.588,-0.593,-0.59525,-0.615,-0.6245,-0.6286,-0.623,-0.601,-0.572,-0.5365,-0.4945,-0.45,-0.405,-0.356,-0.315,-0.204,-0.119,-0.113,-0.136,-0.179,-0.224
2020-09-15,-0.5552,-0.5552,-0.55505,-0.5569,-0.5595,-0.5657,-0.5701,-0.5732,-0.5789,-0.583,-0.5868,-0.5915,-0.5953,-0.59475,-0.617,-0.625,-0.62755,-0.6225,-0.601,-0.5725,-0.538,-0.497,-0.454,-0.4075,-0.362,-0.317,-0.20825,-0.12,-0.117,-0.14,-0.1859,-0.224
2020-09-16,-0.55395,-0.55395,-0.5539,-0.55615,-0.559,-0.566,-0.5717,-0.576,-0.582,-0.5855,-0.5905,-0.5941,-0.5979,-0.6,-0.618,-0.627,-0.628,-0.62,-0.5975,-0.5705,-0.537,-0.4975,-0.455,-0.41,-0.3624,-0.322,-0.21475,-0.13,-0.12525,-0.1475,-0.192,-0.237
2020-09-17,-0.5547,-0.5555,-0.555,-0.5572,-0.5605,-0.566,-0.5706,-0.574,-0.5797,-0.5836,-0.5895,-0.5943,-0.5985,-0.6025,-0.622,-0.635,-0.638,-0.6315,-0.614,-0.586,-0.5515,-0.513,-0.47,-0.425,-0.3795,-0.337,-0.23085,-0.148,-0.1425,-0.16675,-0.209,-0.248
2020-09-18,-0.55495,-0.5549,-0.5549,-0.5575,-0.55995,-0.5645,-0.5695,-0.5725,-0.578,-0.583,-0.585,-0.59,-0.597,-0.6,-0.619,-0.634,-0.634,-0.6235,-0.603,-0.5755,-0.541,-0.501,-0.458,-0.412,-0.367,-0.325,-0.219,-0.136,-0.13,-0.154,-0.1978,-0.237
2020-09-21,-0.55495,-0.5547,-0.5549,-0.5573,-0.5607,-0.566,-0.571,-0.569,-0.576,-0.587,-0.588,-0.5975,-0.6025,-0.60775,-0.6305,-0.645,-0.652,-0.641,-0.621,-0.593,-0.559,-0.52,-0.477,-0.432,-0.3887,-0.346,-0.24125,-0.16075,-0.15775,-0.18275,-0.2353,-0.275
2020-09-22,-0.55495,-0.5549,-0.55465,-0.5574,-0.5606,-0.567,-0.5704,-0.574,-0.58,-0.576,-0.59,-0.595,-0.6,-0.60275,-0.6255,-0.636,-0.643,-0.635,-0.615,-0.587,-0.551,-0.511,-0.467,-0.421,-0.375,-0.333,-0.228,-0.145,-0.14,-0.164,-0.2081,-0.265
2020-09-23,-0.555,-0.5545,-0.5545,-0.5572,-0.5615,-0.566,-0.571,-0.57154,-0.579,-0.58455,-0.5887,-0.594,-0.598,-0.60075,-0.6215,-0.633,-0.638,-0.63,-0.609,-0.579,-0.543,-0.502,-0.458,-0.411,-0.3688,-0.324,-0.219,-0.138,-0.134,-0.1585,-0.212,-0.25
2020-09-24,-0.554,-0.5545,-0.5535,-0.5565,-0.5605,-0.566,-0.57,-0.574,-0.579,-0.5835,-0.5875,-0.5925,-0.5965,-0.6,-0.618,-0.628,-0.6325,-0.623,-0.601,-0.5725,-0.539,-0.5005,-0.4595,-0.413,-0.368,-0.329,-0.225,-0.146,-0.142,-0.168,-0.21475,-0.261
2020-09-25,-0.5532,-0.5533,-0.5535,-0.55615,-0.5602,-0.564,-0.568,-0.572,-0.57604,-0.5795,-0.5835,-0.584,-0.5925,-0.59625,-0.617,-0.628,-0.634,-0.6272,-0.61,-0.5828,-0.5494,-0.512,-0.47,-0.426,-0.384,-0.345,-0.24275,-0.166,-0.1655,-0.194,-0.245,-0.282
2020-09-28,-0.55415,-0.5543,-0.5545,-0.556,-0.5592,-0.563,-0.566,-0.571,-0.575,-0.5795,-0.577,-0.5885,-0.594,-0.59725,-0.617,-0.627,-0.637,-0.625,-0.6054,-0.5775,-0.545,-0.506,-0.464,-0.421,-0.378,-0.337,-0.23475,-0.15725,-0.15625,-0.18275,-0.232,-0.277
2020-09-29,-0.555,-0.5551,-0.55509,-0.5565,-0.5595,-0.563,-0.566,-0.57,-0.576,-0.5795,-0.5838,-0.5885,-0.588,-0.59625,-0.616,-0.6275,-0.634,-0.628,-0.61,-0.5825,-0.5505,-0.5135,-0.473,-0.43,-0.387,-0.347,-0.2455,-0.169,-0.169,-0.19675,-0.248,-0.289
2020-09-30,-0.5555,-0.5559,-0.55565,-0.5567,-0.55875,-0.56155,-0.561,-0.566,-0.57,-0.57625,-0.58,-0.5841,-0.587,-0.59,-0.61,-0.619,-0.624,-0.61615,-0.5965,-0.569,-0.536,-0.497,-0.455,-0.41155,-0.368,-0.32715,-0.224,-0.14585,-0.14425,-0.17135,-0.21895,-0.25955
2020-10-01,-0.557,-0.5579,-0.5575,-0.5585,-0.5619,-0.5649,-0.5671,-0.5709,-0.5744,-0.5783,-0.5815,-0.5863,-0.5901,-0.5935,-0.6127,-0.623,-0.6295,-0.622,-0.604,-0.576,-0.5395,-0.5,-0.458,-0.414,-0.37,-0.327,-0.222,-0.14075,-0.13825,-0.16325,-0.21,-0.262
2020-10-02,-0.5565,-0.5575,-0.5575,-0.5585,-0.56165,-0.565,-0.568,-0.5719,-0.575,-0.5785,-0.5825,-0.5878,-0.5917,-0.596,-0.615,-0.627,-0.635,-0.627,-0.61,-0.579,-0.544,-0.505,-0.462,-0.4175,-0.37275,-0.3305,-0.22475,-0.142,-0.139,-0.163,-0.208,-0.245
2020-10-05,-0.5565,-0.5569,-0.5573,-0.5587,-0.5624,-0.566,-0.5681,-0.5715,-0.5747,-0.578,-0.5818,-0.5855,-0.5895,-0.59225,-0.61,-0.622,-0.627,-0.617,-0.595,-0.5645,-0.528,-0.487,-0.444,-0.398,-0.351,-0.309,-0.204,-0.12,-0.118,-0.143,-0.178,-0.224
2020-10-06,-0.557,-0.5569,-0.5574,-0.5585,-0.5625,-0.5652,-0.568,-0.5712,-0.5747,-0.5775,-0.5815,-0.5855,-0.589,-0.59225,-0.6095,-0.619,-0.6245,-0.612,-0.5894,-0.559,-0.522,-0.482,-0.439,-0.393,-0.348,-0.305,-0.2,-0.1165,-0.112,-0.135,-0.177,-0.2205
2020-10-07,-0.5575,-0.5579,-0.5583,-0.5595,-0.5642,-0.567,-0.57,-0.5735,-0.5775,-0.5805,-0.5835,-0.5875,-0.5905,-0.59375,-0.61,-0.6165,-0.6205,-0.608,-0.584,-0.5525,-0.5145,-0.472,-0.427,-0.38,-0.335,-0.292,-0.18575,-0.101,-0.097,-0.12,-0.158,-0.203
2020-10-08,-0.558,-0.5585,-0.5595,-0.5615,-0.5665,-0.57,-0.573,-0.5766,-0.5798,-0.5831,-0.58665,-0.5907,-0.5941,-0.59725,-0.6134,-0.623,-0.627,-0.617,-0.5945,-0.563,-0.527,-0.485,-0.441,-0.395,-0.3486,-0.307,-0.20075,-0.1185,-0.115,-0.1385,-0.18,-0.221
2020-10-09,-0.558,-0.557,-0.5594,-0.56,-0.56695,-0.571,-0.57385,-0.577,-0.5805,-0.5826,-0.5875,-0.5905,-0.593,-0.596,-0.615,-0.623,-0.62975,-0.617,-0.595,-0.5635,-0.5255,-0.4815,-0.4365,-0.3895,-0.3405,-0.301,-0.194,-0.109,-0.102,-0.12575,-0.16255,-0.199
2020-10-12,-0.5575,-0.5575,-0.5595,-0.56105,-0.5675,-0.5715,-0.574,-0.578,-0.5816,-0.58455,-0.5885,-0.5923,-0.5951,-0.5981,-0.6155,-0.627,-0.6318,-0.6218,-0.601,-0.57,-0.5335,-0.491,-0.4465,-0.4,-0.355,-0.312,-0.206,-0.12025,-0.11525,-0.13725,-0.1761,-0.209
2020-10-13,-0.55695,-0.5569,-0.5591,-0.56045,-0.5675,-0.572,-0.575,-0.57985,-0.585,-0.587,-0.5914,-0.596,-0.5991,-0.60265,-0.6205,-0.6332,-0.642,-0.632,-0.6115,-0.5825,-0.5475,-0.507,-0.464,-0.419,-0.374,-0.33,-0.225,-0.139,-0.1335,-0.156,-0.196,-0.238
2020-10-14,-0.55695,-0.5569,-0.5585,-0.5595,-0.5669,-0.571,-0.5741,-0.581,-0.586,-0.5895,-0.5945,-0.598,-0.602,-0.60575,-0.6255,-0.6365,-0.646,-0.64,-0.623,-0.595,-0.559,-0.5205,-0.479,-0.436,-0.394,-0.349,-0.246,-0.163,-0.158,-0.182,-0.22785,-0.262
2020-10-15,-0.55705,-0.55835,-0.5599,-0.5629,-0.5705,-0.577,-0.58,-0.586,-0.59,-0.5955,-0.599,-0.604,-0.608,-0.6115,-0.632,-0.647,-0.654,-0.6476,-0.633,-0.6085,-0.5765,-0.5395,-0.5,-0.457,-0.418,-0.375,-0.273,-0.195,-0.1935,-0.21775,-0.263,-0.3
2020-10-16,-0.5575,-0.5575,-0.5605,-0.5635,-0.5725,-0.579,-0.582,-0.588,-0.593,-0.5975,-0.602,-0.607,-0.6115,-0.61625,-0.639,-0.653,-0.665,-0.658,-0.642,-0.616,-0.5845,-0.5475,-0.507,-0.465,-0.42,-0.383,-0.281,-0.204,-0.201,-0.225,-0.267,-0.32
2020-10-19,-0.55795,-0.5579,-0.5602,-0.5632,-0.572,-0.578,-0.582,-0.588,-0.593,-0.597,-0.6035,-0.608,-0.6125,-0.61575,-0.6395,-0.657,-0.666,-0.66,-0.6428,-0.6162,-0.5829,-0.545,-0.5045,-0.462,-0.419,-0.3775,-0.274,-0.195,-0.192,-0.216,-0.26,-0.3085
2020-10-20,-0.55585,-0.5561,-0.5576,-0.56,-0.566,-0.57,-0.5735,-0.582,-0.584,-0.588,-0.592,-0.597,-0.601,-0.605,-0.627,-0.644,-0.64875,-0.638,-0.616,-0.588,-0.554,-0.515,-0.473,-0.428,-0.388,-0.3435,-0.241,-0.162,-0.159,-0.183,-0.236,-0.28
2020-10-21,-0.55595,-0.5562,-0.5575,-0.5595,-0.565,-0.569,-0.572,-0.5765,-0.581,-0.5855,-0.59,-0.5935,-0.5975,-0.60175,-0.624,-0.636,-0.646,-0.633,-0.611,-0.582,-0.546,-0.506,-0.463,-0.4175,-0.367,-0.331,-0.22725,-0.1475,-0.144,-0.168,-0.2132,-0.253
2020-10-22,-0.55595,-0.557,-0.558,-0.5617,-0.5662,-0.5705,-0.5738,-0.576,-0.5827,-0.587,-0.591,-0.5948,-0.599,-0.60175,-0.625,-0.635,-0.641,-0.6255,-0.6025,-0.571,-0.5325,-0.4905,-0.446,-0.399,-0.3539,-0.312,-0.206,-0.122,-0.116,-0.14,-0.181,-0.246
2020-10-23,-0.556,-0.557,-0.558,-0.5625,-0.5675,-0.5708,-0.5747,-0.5787,-0.5825,-0.5863,-0.5895,-0.593,-0.597,-0.59975,-0.6195,-0.629,-0.636,-0.6235,-0.603,-0.571,-0.534,-0.493,-0.449,-0.403,-0.355,-0.315,-0.20875,-0.125,-0.119,-0.142,-0.185,-0.241
2020-10-26,-0.555,-0.557,-0.5575,-0.562,-0.5671,-0.5712,-0.575,-0.579,-0.582,-0.585,-0.589,-0.594,-0.597,-0.602,-0.62,-0.631,-0.636,-0.627,-0.6054,-0.574,-0.5375,-0.4965,-0.454,-0.409,-0.364,-0.3225,-0.21725,-0.1345,-0.13,-0.152,-0.198,-0.241
2020-10-27,-0.5564,-0.5576,-0.5582,-0.5625,-0.5675,-0.5716,-0.576,-0.581,-0.585,-0.5895,-0.5945,-0.5985,-0.6026,-0.6065,-0.6295,-0.64295,-0.65325,-0.645,-0.62365,-0.59505,-0.56095,-0.521,-0.479,-0.436,-0.393,-0.3512,-0.2461,-0.166,-0.16265,-0.189,-0.24205,-0.3015
2020-10-28,-0.557,-0.5583,-0.5585,-0.565,-0.5705,-0.5764,-0.581,-0.587,-0.592,-0.5965,-0.6005,-0.60535,-0.609,-0.61275,-0.63635,-0.6481,-0.658,-0.646,-0.6247,-0.597,-0.56,-0.522,-0.48,-0.435,-0.3925,-0.3515,-0.25,-0.175,-0.174,-0.203,-0.26,-0.338
2020-10-29,-0.5581,-0.5585,-0.5587,-0.569,-0.576,-0.581,-0.588,-0.593,-0.598,-0.602,-0.607,-0.611,-0.614,-0.618,-0.638,-0.656,-0.655,-0.644,-0.624,-0.593,-0.5569,-0.5146,-0.472,-0.4263,-0.3822,-0.341,-0.2391,-0.1607,-0.16,-0.1868,-0.238,-0.311
2020-10-30,-0.55795,-0.558,-0.558,-0.572,-0.5745,-0.579,-0.587,-0.591,-0.597,-0.601,-0.606,-0.6091,-0.613,-0.617,-0.6355,-0.648,-0.656,-0.644,-0.6215,-0.59,-0.552,-0.51,-0.465,-0.42,-0.373,-0.335,-0.231,-0.153,-0.1515,-0.18,-0.22535,-0.298
2020-11-02,-0.55665,-0.55665,-0.5575,-0.5675,-0.5754,-0.58045,-0.587,-0.594,-0.598,-0.6027,-0.6065,-0.6105,-0.6135,-0.6175,-0.6355,-0.6458,-0.654,-0.642,-0.618,-0.585,-0.546,-0.5035,-0.458,-0.411,-0.368,-0.3245,-0.22025,-0.142,-0.1415,-0.1665,-0.21415,-0.254
2020-11-03,-0.55695,-0.5569,-0.5569,-0.5681,-0.5765,-0.582,-0.5874,-0.5924,-0.598,-0.6015,-0.605,-0.6085,-0.611,-0.61425,-0.6305,-0.63925,-0.647,-0.6315,-0.6065,-0.573,-0.5325,-0.4895,-0.444,-0.3965,-0.349,-0.31,-0.205,-0.127,-0.125,-0.15,-0.195,-0.264
2020-11-04,-0.557,-0.557,-0.5569,-0.5685,-0.5775,-0.583,-0.5884,-0.5935,-0.5985,-0.602,-0.6064,-0.61,-0.613,-0.617,-0.636,-0.642,-0.65,-0.64,-0.617,-0.585,-0.546,-0.504,-0.46,-0.4135,-0.3683,-0.326,-0.2215,-0.141,-0.138,-0.164,-0.2122,-0.2525
2020-11-05,-0.557,-0.5569,-0.5575,-0.5685,-0.5744,-0.5785,-0.5845,-0.59,-0.5945,-0.5991,-0.6035,-0.6065,-0.614,-0.615,-0.631,-0.643,-0.652,-0.64,-0.617,-0.586,-0.549,-0.507,-0.464,-0.4195,-0.374,-0.333,-0.226,-0.144,-0.14,-0.164,-0.207,-0.279
2020-11-06,-0.557,-0.5569,-0.5559,-0.5675,-0.5748,-0.57895,-0.5851,-0.59025,-0.59465,-0.6,-0.604,-0.606,-0.613,-0.613,-0.635,-0.64,-0.6485,-0.63875,-0.6152,-0.58275,-0.545,-0.5015,-0.456,-0.41,-0.364,-0.32,-0.213,-0.1264,-0.1205,-0.143,-0.18705,-0.215
2020-11-09,-0.5566,-0.5567,-0.55675,-0.5655,-0.5705,-0.5735,-0.5773,-0.58,-0.582,-0.585,-0.587,-0.59,-0.592,-0.59275,-0.604,-0.611,-0.613,-0.593,-0.563,-0.524,-0.479,-0.43,-0.38,-0.329,-0.28285,-0.234,-0.122,-0.031,-0.023,-0.0435,-0.089,-0.147
2020-11-10,-0.5568,-0.5569,-0.5569,-0.565,-0.5695,-0.5726,-0.576,-0.578,-0.58,-0.5829,-0.5845,-0.587,-0.5865,-0.589,-0.601,-0.609,-0.5955,-0.576,-0.5455,-0.5055,-0.4605,-0.4115,-0.361,-0.31,-0.26125,-0.214,-0.101,-0.008,0.00225,-0.018,-0.0564,-0.12
2020-11-11,-0.55695,-0.5569,-0.5569,-0.5633,-0.567,-0.5685,-0.572,-0.5745,-0.5766,-0.5791,-0.58095,-0.583,-0.5849,-0.5867,-0.5955,-0.598,-0.596,-0.582,-0.553,-0.514,-0.47,-0.4225,-0.374,-0.323,-0.271,-0.227,-0.114,-0.02225,-0.01225,-0.03175,-0.07,-0.128
2020-11-12,-0.55695,-0.5569,-0.5569,-0.5635,-0.56525,-0.56745,-0.5705,-0.57445,-0.57675,-0.57965,-0.582,-0.585,-0.5864,-0.589,-0.5982,-0.6039,-0.60475,-0.59465,-0.57045,-0.533,-0.49,-0.445,-0.398,-0.347,-0.30225,-0.253,-0.14565,-0.05665,-0.043,-0.06745,-0.11025,-0.14645
2020-11-13,-0.5565,-0.557,-0.55725,-0.5645,-0.567,-0.5695,-0.573,-0.576,-0.578,-0.58295,-0.5835,-0.586,-0.5885,-0.5905,-0.603,-0.608,-0.61,-0.598,-0.573,-0.539,-0.4985,-0.454,-0.407,-0.358,-0.309,-0.2645,-0.15375,-0.062,-0.051,-0.073,-0.1165,-0.165
2020-11-16,-0.556,-0.556,-0.5565,-0.5645,-0.5675,-0.569,-0.5728,-0.575,-0.578,-0.58,-0.583,-0.585,-0.587,-0.5885,-0.6,-0.605,-0.60675,-0.5935,-0.568,-0.535,-0.496,-0.453,-0.406,-0.3585,-0.3088,-0.265,-0.15525,-0.065,-0.056,-0.079,-0.123,-0.16
2020-11-17,-0.5565,-0.5565,-0.5585,-0.5645,-0.5672,-0.569,-0.573,-0.575,-0.5785,-0.5805,-0.586,-0.586,-0.587,-0.59,-0.606,-0.616,-0.608,-0.596,-0.572,-0.5385,-0.5,-0.4575,-0.4125,-0.3645,-0.316,-0.274,-0.164,-0.07475,-0.06525,-0.08775,-0.127,-0.171
2020-11-18,-0.556,-0.5559,-0.5585,-0.5645,-0.568,-0.57,-0.573,-0.575,-0.5776,-0.5805,-0.583,-0.586,-0.5872,-0.589,-0.6005,-0.611,-0.605,-0.591,-0.565,-0.532,-0.492,-0.449,-0.404,-0.357,-0.316,-0.2675,-0.157,-0.0695,-0.061,-0.082,-0.12965,-0.168
2020-11-19,-0.556,-0.5565,-0.5595,-0.5655,-0.5685,-0.5703,-0.5735,-0.5758,-0.578,-0.5813,-0.5839,-0.58595,-0.58825,-0.591,-0.603,-0.6105,-0.613,-0.6,-0.576,-0.5435,-0.507,-0.465,-0.4205,-0.374,-0.3312,-0.285,-0.178,-0.091,-0.083,-0.1055,-0.1509,-0.189
2020-11-20,-0.556,-0.5559,-0.5598,-0.5654,-0.568,-0.57,-0.5735,-0.576,-0.5795,-0.583,-0.5855,-0.5881,-0.592,-0.593,-0.607,-0.614,-0.619,-0.606,-0.58375,-0.554,-0.5183,-0.4765,-0.4325,-0.3875,-0.342,-0.297,-0.19,-0.101,-0.092,-0.114,-0.154,-0.195
2020-11-23,-0.55695,-0.5569,-0.5615,-0.566,-0.5695,-0.5715,-0.5744,-0.5759,-0.5785,-0.582,-0.58365,-0.5859,-0.5878,-0.59,-0.603,-0.6075,-0.61125,-0.597,-0.5754,-0.546,-0.5095,-0.469,-0.424,-0.3775,-0.333,-0.2875,-0.179,-0.089,-0.079,-0.1,-0.141,-0.181
2020-11-24,-0.55695,-0.5569,-0.56085,-0.5655,-0.5685,-0.57,-0.573,-0.5763,-0.5787,-0.5805,-0.5828,-0.585,-0.5861,-0.5877,-0.5969,-0.61,-0.6039,-0.588,-0.563,-0.532,-0.494,-0.4525,-0.409,-0.362,-0.3196,-0.273,-0.163,-0.073,-0.063,-0.084,-0.127,-0.168
2020-11-25,-0.5565,-0.5565,-0.5605,-0.5645,-0.5675,-0.5708,-0.573,-0.575,-0.5778,-0.5795,-0.583,-0.585,-0.585,-0.5869,-0.597,-0.6012,-0.603,-0.5905,-0.5689,-0.539,-0.5,-0.4594,-0.417,-0.3692,-0.323,-0.28025,-0.1719,-0.0815,-0.072,-0.095,-0.1356,-0.175
2020-11-26,-0.556,-0.556,-0.561,-0.565,-0.5675,-0.5705,-0.573,-0.5757,-0.5784,-0.581,-0.584,-0.587,-0.588,-0.5893,-0.6007,-0.614,-0.609,-0.596,-0.574,-0.545,-0.51,-0.471,-0.428,-0.384,-0.343,-0.296,-0.187,-0.09925,-0.0905,-0.113,-0.159,-0.195
2020-11-27,-0.556,-0.556,-0.5632,-0.5665,-0.5689,-0.572,-0.57585,-0.57835,-0.58,-0.582,-0.5852,-0.587,-0.589,-0.589,-0.6008,-0.60365,-0.60655,-0.597,-0.578,-0.549,-0.514,-0.476,-0.433,-0.388,-0.343,-0.301,-0.193,-0.10675,-0.09875,-0.121,-0.164,-0.205
2020-11-30,-0.5561,-0.5563,-0.563,-0.5665,-0.5695,-0.572,-0.575,-0.5776,-0.58,-0.583,-0.586,-0.588,-0.5895,-0.591,-0.6015,-0.613,-0.611,-0.5965,-0.574,-0.5455,-0.51,-0.47,-0.427,-0.383,-0.34,-0.2955,-0.18875,-0.102,-0.0935,-0.1155,-0.16005,-0.195
2020-12-01,-0.558,-0.5589,-0.566,-0.5685,-0.5705,-0.5734,-0.5756,-0.577,-0.58,-0.581,-0.583,-0.5855,-0.5865,-0.588,-0.5965,-0.6011,-0.6,-0.583,-0.557,-0.526,-0.489,-0.447,-0.40225,-0.35625,-0.316,-0.26975,-0.164,-0.0765,-0.06675,-0.08725,-0.134,-0.178
2020-12-02,-0.55695,-0.558,-0.5655,-0.5685,-0.5708,-0.573,-0.5758,-0.578,-0.58,-0.5825,-0.5845,-0.5865,-0.5875,-0.59,-0.601,-0.6015,-0.6,-0.583,-0.557,-0.52645,-0.4875,-0.447,-0.401,-0.355,-0.311,-0.267,-0.161,-0.073,-0.0625,-0.083,-0.124,-0.174
2020-12-03,-0.55695,-0.5615,-0.5675,-0.57,-0.5722,-0.5754,-0.578,-0.5807,-0.5835,-0.5865,-0.589,-0.591,-0.593,-0.595,-0.606,-0.611,-0.6085,-0.5945,-0.5678,-0.537,-0.5,-0.4585,-0.415,-0.36715,-0.323,-0.28,-0.1745,-0.0846,-0.073,-0.093,-0.13615,-0.177
2020-12-04,-0.55695,-0.5632,-0.5704,-0.5728,-0.5749,-0.57785,-0.5817,-0.58415,-0.588,-0.591,-0.5936,-0.597,-0.5981,-0.6005,-0.612,-0.626,-0.617,-0.6,-0.574,-0.54,-0.502,-0.458,-0.411,-0.363,-0.32,-0.277,-0.17,-0.078,-0.067,-0.084,-0.121,-0.17
2020-12-07,-0.558,-0.5651,-0.57225,-0.5745,-0.576,-0.5814,-0.586,-0.59,-0.5935,-0.5969,-0.6,-0.603,-0.6057,-0.609,-0.6212,-0.628,-0.62925,-0.6139,-0.589,-0.557,-0.52,-0.478,-0.43405,-0.388,-0.343,-0.3,-0.1925,-0.10225,-0.09095,-0.11,-0.1504,-0.194
2020-12-08,-0.55995,-0.5675,-0.5745,-0.5775,-0.5795,-0.585,-0.5894,-0.594,-0.598,-0.6,-0.6042,-0.6072,-0.6095,-0.6115,-0.6255,-0.63305,-0.635,-0.6213,-0.6002,-0.5697,-0.533,-0.493,-0.448,-0.4025,-0.358,-0.316,-0.20975,-0.1205,-0.1095,-0.128,-0.169,-0.2045
2020-12-09,-0.5605,-0.56715,-0.5715,-0.5739,-0.5765,-0.583,-0.588,-0.5931,-0.5977,-0.6015,-0.6049,-0.608,-0.6107,-0.6125,-0.6254,-0.632,-0.63375,-0.622,-0.601,-0.569,-0.532,-0.49,-0.446,-0.4,-0.359,-0.313,-0.207,-0.117,-0.106,-0.124,-0.166,-0.205
2020-12-10,-0.55895,-0.556,-0.56245,-0.5647,-0.5673,-0.574,-0.5793,-0.58455,-0.589,-0.5928,-0.596,-0.599,-0.602,-0.605,-0.6186,-0.634,-0.62825,-0.616,-0.595,-0.567,-0.531,-0.49,-0.449,-0.403,-0.36115,-0.317,-0.213,-0.125,-0.114,-0.133,-0.177,-0.2135
2020-12-11,-0.56,-0.5595,-0.564,-0.5665,-0.5705,-0.5786,-0.585,-0.589,-0.595,-0.6,-0.603,-0.606,-0.609,-0.6105,-0.626,-0.635,-0.63775,-0.628,-0.611,-0.5859,-0.552,-0.5145,-0.47535,-0.433,-0.392,-0.35145,-0.252,-0.1715,-0.166,-0.188,-0.231,-0.267
2020-12-14,-0.5605,-0.5609,-0.5637,-0.5655,-0.5675,-0.576,-0.582,-0.5868,-0.592,-0.596,-0.6,-0.603,-0.606,-0.608,-0.623,-0.63,-0.636,-0.6265,-0.607,-0.5805,-0.546,-0.50775,-0.466,-0.421,-0.37595,-0.339,-0.23875,-0.158,-0.1505,-0.173,-0.217,-0.257
2020-12-15,-0.55925,-0.5599,-0.564,-0.56465,-0.567,-0.5742,-0.58,-0.5846,-0.5898,-0.594,-0.5975,-0.601,-0.6035,-0.6055,-0.619,-0.626,-0.63025,-0.622,-0.603,-0.577,-0.543,-0.505,-0.4615,-0.419,-0.377,-0.337,-0.236,-0.152,-0.143,-0.168,-0.20955,-0.244
2020-12-16,-0.558,-0.565,-0.5615,-0.564,-0.5655,-0.571,-0.575,-0.577,-0.581,-0.584,-0.5865,-0.589,-0.591,-0.593,-0.603,-0.608,-0.608,-0.598,-0.578,-0.55,-0.515,-0.475,-0.4335,-0.388,-0.34485,-0.306,-0.205,-0.12175,-0.11425,-0.137,-0.17885,-0.223
2020-12-17,-0.5587,-0.566,-0.5625,-0.564,-0.5655,-0.57,-0.574,-0.577,-0.579,-0.5825,-0.5845,-0.587,-0.589,-0.5905,-0.601,-0.6065,-0.61,-0.6,-0.581,-0.5525,-0.518,-0.4795,-0.437,-0.393,-0.349,-0.308,-0.205,-0.118,-0.11,-0.131,-0.17475,-0.2225
2020-12-18,-0.558,-0.56565,-0.5615,-0.56275,-0.5645,-0.569,-0.573,-0.5756,-0.5785,-0.581,-0.583,-0.585,-0.5875,-0.5885,-0.5983,-0.6031,-0.604,-0.595,-0.5745,-0.549,-0.515,-0.477,-0.4355,-0.392,-0.34865,-0.307,-0.204,-0.117,-0.1115,-0.1345,-0.179,-0.218
2020-12-21,-0.558,-0.56555,-0.561,-0.563,-0.566,-0.57015,-0.5745,-0.5775,-0.5812,-0.58405,-0.5866,-0.5891,-0.59,-0.59075,-0.602,-0.6078,-0.60725,-0.5975,-0.5785,-0.55,-0.516,-0.477,-0.4355,-0.39175,-0.3485,-0.308,-0.205,-0.121,-0.116,-0.141,-0.1882,-0.224
2020-12-22,-0.558,-0.5655,-0.5615,-0.5635,-0.5655,-0.5698,-0.5735,-0.5764,-0.581,-0.582,-0.5851,-0.587,-0.589,-0.5905,-0.6005,-0.6065,-0.6048,-0.595,-0.577,-0.551,-0.519,-0.482,-0.442,-0.3995,-0.356,-0.3155,-0.21375,-0.13075,-0.12775,-0.1528,-0.201,-0.235
2020-12-23,-0.574,-0.565,-0.56065,-0.563,-0.564,-0.567,-0.57,-0.572,-0.575,-0.5775,-0.579,-0.583,-0.5835,-0.586,-0.595,-0.601,-0.59425,-0.58,-0.55705,-0.531,-0.498,-0.459,-0.418,-0.375,-0.331,-0.289,-0.186,-0.102,-0.099,-0.124,-0.1737,-0.21
2020-12-24,-0.57095,-0.565,-0.5608,-0.5631,-0.5653,-0.568,-0.5707,-0.573,-0.576,-0.579,-0.581,-0.583,-0.585,-0.587,-0.593,-0.597,-0.59,-0.581,,,,,,,,,,,,,,
2020-12-25,-0.57095,-0.565,,,,,,,,,,,,,,,,,,,,,,,,,,,,,,
2020-12-28,-0.574,-0.5645,-0.561,-0.5625,-0.565,-0.569,-0.5727,-0.5762,-0.578,-0.5816,-0.583,-0.585,-0.587,-0.5885,-0.596,-0.59945,-0.5951,-0.587,-0.57,-0.543,-0.511,-0.473,-0.4325,-0.389,-0.345,-0.302,-0.197,-0.111,-0.106,-0.132,-0.17935,-0.215
2020-12-29,-0.56555,-0.5602,-0.5595,-0.564,-0.5621,-0.566,-0.5689,-0.572,-0.576,-0.5793,-0.5815,-0.5841,-0.5905,-0.589,-0.5995,-0.604,-0.6015,-0.593,-0.575,-0.5485,-0.5165,-0.4785,-0.4353,-0.3935,-0.34955,-0.308,-0.20375,-0.11675,-0.111,-0.136,-0.1789,-0.222
2020-12-30,-0.555,-0.555,-0.5567,-0.5595,-0.563,-0.566,-0.569,-0.5726,-0.576,-0.5805,-0.583,-0.5857,-0.589,-0.591,-0.6,-0.605,-0.603,-0.5917,-0.574,-0.548,-0.5165,-0.4795,-0.4373,-0.3955,-0.34965,-0.309,-0.203,-0.1165,-0.111,-0.135,-0.17785,-0.216
2020-12-31,-0.555,-0.555,-0.5245,-0.56,-0.564,-0.5685,-0.5703,-0.574,-0.5778,-0.581,-0.586,-0.5875,-0.5895,-0.592,-0.602,-0.607,-0.604,,,,,,,,,,,,,,,
2021-01-01,-0.555,-0.555,,,,,,,,,,,,,,,,,,,,,,,,,,,,,,
2021-01-04,-0.556,-0.556,-0.558,-0.5595,-0.564,-0.568,-0.572,-0.576,-0.581,-0.585,-0.5895,-0.593,-0.595,-0.599,-0.614,-0.629,-0.626,-0.617,-0.6015,-0.57825,-0.547,-0.511,-0.471,-0.427,-0.385,-0.34,-0.235,-0.148,-0.1405,-0.1635,-0.20695,-0.245
2021-01-05,-0.557,-0.557,-0.5593,-0.5605,-0.564,-0.56745,-0.57,-0.5733,-0.577,-0.578,-0.5842,-0.5879,-0.5908,-0.5935,-0.6065,-0.615,-0.6169,-0.605,-0.587,-0.561,-0.528,-0.488,-0.446,-0.401,-0.356,-0.315,-0.20825,-0.1195,-0.1105,-0.133,-0.17425,-0.2115
2021-01-06,-0.5575,-0.5575,-0.5595,-0.561,-0.5641,-0.567,-0.5705,-0.573,-0.576,-0.58,-0.583,-0.5845,-0.5865,-0.589,-0.5985,-0.60505,-0.60575,-0.591,-0.569,-0.541,-0.506,-0.466,-0.421,-0.376,-0.331,-0.287,-0.18,-0.08975,-0.08225,-0.104,-0.147,-0.183
2021-01-07,-0.56095,-0.5609,-0.5628,-0.5635,-0.5665,-0.57,-0.571,-0.574,-0.5761,-0.5785,-0.5805,-0.5822,-0.5842,-0.586,-0.594,-0.59875,-0.59675,-0.584,-0.562,-0.531,-0.493,-0.451,-0.406,-0.3595,-0.311,-0.27,-0.161,-0.07,-0.0605,-0.0805,-0.121,-0.16
2021-01-08,-0.56125,-0.5612,-0.564,-0.564,-0.5667,-0.569,-0.5709,-0.572,-0.575,-0.5765,-0.5775,-0.5795,-0.582,-0.583,-0.591,-0.596,-0.595,-0.5805,-0.5575,-0.5275,-0.49,-0.448,-0.404,-0.356,-0.305,-0.267,-0.159,-0.067,-0.056,-0.076,-0.1158,-0.156
2021-01-11,-0.562,-0.562,-0.5637,-0.5642,-0.5675,-0.5699,-0.571,-0.574,-0.576,-0.577,-0.579,-0.5805,-0.5815,-0.583,-0.59,-0.593,-0.589,-0.57225,-0.545,-0.512,-0.473,-0.431,-0.38325,-0.33625,-0.29135,-0.247,-0.137,-0.042,-0.028,-0.046,-0.08845,-0.123
2021-01-12,-0.56195,-0.562,-0.5637,-0.5642,-0.566,-0.568,-0.5681,-0.57,-0.5714,-0.5725,-0.5735,-0.5746,-0.5755,-0.576,-0.5805,-0.5825,-0.57225,-0.5505,-0.521,-0.4856,-0.444,-0.4,-0.353,-0.306,-0.262,-0.216,-0.107,-0.013,0.001,-0.017,-0.061,-0.095
2021-01-13,-0.562,-0.562,-0.5645,-0.5655,-0.56735,-0.5695,-0.571,-0.573,-0.575,-0.5775,-0.579,-0.581,-0.583,-0.584,-0.5915,-0.603,-0.58925,-0.5735,-0.548,-0.519,-0.483,-0.443,-0.399,-0.354,-0.3125,-0.266,-0.161,-0.069,-0.057,-0.077,-0.12,-0.165
2021-01-14,-0.56295,-0.564,-0.5648,-0.5655,-0.5681,-0.5703,-0.572,-0.5752,-0.578,-0.5803,-0.5829,-0.5847,-0.5869,-0.5895,-0.5968,-0.603,-0.60175,-0.588,-0.5645,-0.534,-0.498,-0.457,-0.413,-0.367,-0.322,-0.279,-0.172,-0.079,-0.067,-0.087,-0.1309,-0.171
2021-01-15,-0.563,-0.5645,-0.5655,-0.567,-0.56885,-0.571,-0.5735,-0.577,-0.58,-0.5823,-0.585,-0.588,-0.5895,-0.593,-0.6005,-0.606,-0.6025,-0.5845,-0.561,-0.529,-0.492,-0.451,-0.406,-0.36,-0.313,-0.271,-0.1625,-0.068,-0.054,-0.072,-0.1144,-0.155
2021-01-18,-0.56345,-0.56545,-0.566,-0.5671,-0.56935,-0.571,-0.573,-0.576,-0.578,-0.58,-0.583,-0.586,-0.5866,-0.5885,-0.597,-0.6001,-0.59625,-0.58,-0.554,-0.521,-0.483,-0.44,-0.395,-0.35,-0.302,-0.26,-0.15,-0.0555,-0.041,-0.059,-0.0978,-0.138
2021-01-19,-0.5637,-0.566,-0.567,-0.5678,-0.5695,-0.5709,-0.5723,-0.574,-0.5768,-0.5784,-0.581,-0.582,-0.584,-0.5854,-0.5915,-0.5945,-0.588,-0.57025,-0.544,-0.511,-0.4733,-0.432,-0.388,-0.343,-0.297,-0.25525,-0.145,-0.05175,-0.036,-0.054,-0.09,-0.131
2021-01-20,-0.56425,-0.5655,-0.5665,-0.56735,-0.56855,-0.571,-0.572,-0.5736,-0.5757,-0.5771,-0.5786,-0.58015,-0.5815,-0.5835,-0.58875,-0.5915,-0.586,-0.57,-0.544,-0.51025,-0.471,-0.43025,-0.386,-0.339,-0.292,-0.25,-0.14,-0.043,-0.028,-0.044,-0.0813,-0.116
2021-01-21,-0.565,-0.566,-0.56575,-0.5662,-0.5675,-0.5687,-0.5699,-0.571,-0.5729,-0.572,-0.5745,-0.575,-0.577,-0.57825,-0.5816,-0.59,-0.57445,-0.553,-0.524,-0.489,-0.449,-0.405,-0.358,-0.30975,-0.264,-0.21775,-0.10575,-0.007,0.012,-0.003,-0.0383,-0.074
2021-01-22,-0.564,-0.564,-0.564,-0.5645,-0.566,-0.5669,-0.5682,-0.57,-0.571,-0.5725,-0.5742,-0.5758,-0.577,-0.579,-0.5854,-0.5868,-0.5805,-0.56225,-0.53575,-0.499,-0.46175,-0.418,-0.37275,-0.325,-0.27725,-0.234,-0.123,-0.02575,-0.006,-0.021,-0.05805,-0.093
2021-01-25,-0.56395,-0.5639,-0.564,-0.5655,-0.5665,-0.569,-0.57,-0.5735,-0.5759,-0.578,-0.5805,-0.5822,-0.5839,-0.587,-0.5955,-0.6,-0.596,-0.578,-0.552,-0.518,-0.48075,-0.439,-0.395,-0.34795,-0.3035,-0.258,-0.148,-0.05035,-0.0306,-0.04555,-0.0851,-0.122
2021-01-26,-0.5645,-0.564,-0.564,-0.5655,-0.5666,-0.5689,-0.5711,-0.573,-0.576,-0.5775,-0.58,-0.582,-0.582,-0.58525,-0.5925,-0.595,-0.587,-0.568,-0.54,-0.505,-0.464,-0.42,-0.374,-0.32575,-0.282,-0.23425,-0.123,-0.024,-0.00325,-0.018,-0.06,-0.09
2021-01-27,-0.565,-0.5649,-0.56385,-0.5677,-0.5716,-0.5757,-0.5791,-0.5827,-0.586,-0.5887,-0.5915,-0.5935,-0.597,-0.598,-0.6075,-0.611,-0.604,-0.583,-0.554,-0.517,-0.47475,-0.42925,-0.38175,-0.33225,-0.286,-0.23825,-0.123,-0.02225,-0.001,-0.012,-0.04965,-0.081
2021-01-28,-0.5645,-0.5645,-0.5645,-0.5688,-0.5736,-0.577,-0.581,-0.5855,-0.588,-0.591,-0.594,-0.597,-0.599,-0.601,-0.614,-0.613,-0.605,-0.58275,-0.55175,-0.513,-0.47,-0.423,-0.37475,-0.324,-0.275,-0.22825,-0.11225,-0.00825,0.01275,0.00125,-0.036,-0.065
2021-01-29,-0.56425,-0.56395,-0.564,-0.568,-0.571,-0.5748,-0.5785,-0.582,-0.585,-0.588,-0.59,-0.593,-0.5945,-0.5975,-0.607,-0.61,-0.601,-0.576,-0.54325,-0.50325,-0.45825,-0.409,-0.359,-0.30625,-0.2583,-0.20975,-0.093,0.011,0.033,0.0215,-0.01025,-0.042
2021-02-01,-0.565,-0.5649,-0.56505,-0.5686,-0.5714,-0.5745,-0.5775,-0.58,-0.583,-0.5854,-0.5877,-0.59,-0.5918,-0.594,-0.6015,-0.6045,-0.5945,-0.5726,-0.54025,-0.50025,-0.456,-0.40825,-0.35675,-0.307,-0.259,-0.21025,-0.095,0.00925,0.03025,0.01775,-0.0124,-0.041
2021-02-02,-0.56595,-0.5659,-0.566,-0.5691,-0.571,-0.5735,-0.5767,-0.5791,-0.5815,-0.5835,-0.5855,-0.5875,-0.5895,-0.59075,-0.598,-0.601,-0.5895,-0.563,-0.527,-0.486,-0.439,-0.389,-0.3392,-0.287,-0.238,-0.19,-0.0733,0.0317,0.0555,0.044,0.013,-0.013
2021-02-03,-0.564,-0.5639,-0.56395,-0.568,-0.571,-0.573,-0.5751,-0.5765,-0.5782,-0.5796,-0.581,-0.582,-0.584,-0.5845,-0.591,-0.58955,-0.577,-0.548,-0.51,-0.466,-0.417,-0.365,-0.313,-0.259,-0.2091,-0.16,-0.04,0.06825,0.09175,0.084,0.053,0.03
2021-02-04,-0.564,-0.56395,-0.5635,-0.569,-0.5705,-0.57315,-0.57515,-0.57695,-0.578,-0.57985,-0.581,-0.58265,-0.58395,-0.5855,-0.5905,-0.591,-0.577,-0.545,-0.506,-0.461,-0.411,-0.359,-0.306,-0.251,-0.201,-0.151,-0.027,0.084,0.109,0.103,0.074,0.048
2021-02-05,-0.564,-0.564,-0.5645,-0.56895,-0.5715,-0.5725,-0.574,-0.5755,-0.5765,-0.577,-0.58,-0.58015,-0.581,-0.581,-0.587,-0.588,-0.57125,-0.5395,-0.5,-0.453,-0.401,-0.347,-0.292,-0.236,-0.183,-0.133,-0.009,0.103,0.13,0.125,0.094,0.071
2021-02-08,-0.5645,-0.5645,-0.565,-0.56835,-0.57,-0.572,-0.574,-0.574,-0.57615,-0.577,-0.57785,-0.579,-0.5795,-0.58045,-0.58425,-0.5855,-0.57,-0.5395,-0.5005,-0.4535,-0.402,-0.3475,-0.294,-0.239,-0.187,-0.136,-0.0095,0.10325,0.13125,0.12675,0.102,0.079
2021-02-09,-0.56485,-0.56485,-0.56495,-0.5685,-0.5705,-0.572,-0.574,-0.576,-0.578,-0.579,-0.581,-0.582,-0.583,-0.584,-0.59,-0.591,-0.57675,-0.547,-0.5065,-0.459,-0.406,-0.352,-0.296,-0.24,-0.1863,-0.136,-0.009,0.106,0.136,0.1325,0.109,0.085
2021-02-10,-0.5639,-0.56395,-0.5645,-0.5679,-0.57025,-0.572,-0.575,-0.576,-0.57705,-0.57855,-0.57995,-0.581,-0.58255,-0.583,-0.58895,-0.591,-0.57575,-0.546,-0.506,-0.456,-0.4015,-0.345,-0.2885,-0.231,-0.1775,-0.124,0.00475,0.1225,0.1535,0.15,0.124,0.096
2021-02-11,-0.565,-0.565,-0.56485,-0.56825,-0.56995,-0.571,-0.57345,-0.576,-0.57715,-0.5795,-0.58085,-0.5825,-0.58395,-0.586,-0.59165,-0.59325,-0.582,-0.554,-0.517,-0.46975,-0.41695,-0.3615,-0.3057,-0.2485,-0.19495,-0.143,-0.0146,0.102,0.133,0.1302,0.1054,0.081
2021-02-12,-0.56485,-0.565,-0.565,-0.568,-0.57,-0.571,-0.573,-0.575,-0.57705,-0.57895,-0.58,-0.58175,-0.5825,-0.5835,-0.591,-0.5895,-0.573,-0.541,-0.499,-0.448,-0.3925,-0.334,-0.275,-0.216,-0.15585,-0.105,0.029,0.15425,0.18925,0.18825,0.1642,0.15
2021-02-15,-0.5645,-0.5645,-0.5645,-0.5675,-0.569,-0.57,-0.572,-0.5735,-0.57455,-0.576,-0.57735,-0.57835,-0.57945,-0.58,-0.5855,-0.592,-0.56605,-0.5264,-0.4761,-0.42045,-0.36265,-0.3,-0.239,-0.177,-0.1195,-0.06415,0.071,0.197,0.233,0.2345,0.213,0.192
2021-02-16,-0.564,-0.564,-0.56425,-0.56695,-0.568,-0.56905,-0.57005,-0.57065,-0.57155,-0.57275,-0.5735,-0.575,-0.576,-0.577,-0.58085,-0.582,-0.55955,-0.517,-0.4635,-0.404,-0.34,-0.274,-0.209,-0.145,-0.08655,-0.03,0.109,0.235,0.273,0.27325,0.25,0.231
2021-02-17,-0.5635,-0.5635,-0.56335,-0.567,-0.56805,-0.56995,-0.57025,-0.572,-0.573,-0.57455,-0.57475,-0.57695,-0.5785,-0.579,-0.58435,-0.584,-0.5673,-0.53,-0.48,-0.421,-0.36,-0.296,-0.231,-0.168,-0.108,-0.054,0.082,0.207,0.243,0.242,0.2181,0.197
2021-02-18,-0.5638,-0.5629,-0.5645,-0.5665,-0.5675,-0.56765,-0.56925,-0.57,-0.57055,-0.5715,-0.575,-0.5745,-0.5755,-0.5766,-0.583,-0.59,-0.5615,-0.518,-0.466,-0.404,-0.343,-0.279,-0.214,-0.15,-0.092,-0.038,0.096,0.215,0.249,0.2465,0.2214,0.203
2021-02-19,-0.563,-0.563,-0.564,-0.565,-0.56505,-0.56555,-0.567,-0.5665,-0.5685,-0.57,-0.57105,-0.574,-0.57385,-0.5745,-0.58085,-0.5825,-0.558,-0.50885,-0.449,-0.384,-0.315,-0.2458,-0.1795,-0.11375,-0.054,0.0006,0.13625,0.25985,0.2928,0.28745,0.2575,0.224
2021-02-22,-0.563,-0.563,-0.564,-0.56495,-0.56585,-0.56645,-0.56715,-0.56765,-0.56845,-0.56975,-0.571,-0.573,-0.576,-0.575,-0.585,-0.593,-0.565,-0.523,-0.469,-0.41,-0.347,-0.282,-0.217,-0.154,-0.095,-0.0397,0.095,0.21655,0.249,0.244,0.21545,0.193
2021-02-23,-0.563,-0.563,-0.564,-0.5648,-0.56565,-0.5655,-0.5665,-0.5665,-0.567,-0.568,-0.569,-0.57,-0.5705,-0.57165,-0.579,-0.585,-0.5605,-0.517,-0.46,-0.399,-0.333,-0.267,-0.202,-0.13825,-0.08,-0.024,0.111,0.2325,0.264,0.259,0.23,0.211
2021-02-24,-0.564,-0.56385,-0.56475,-0.565,-0.566,-0.5665,-0.5665,-0.5675,-0.5675,-0.569,-0.57085,-0.571,-0.573,-0.57425,-0.582,-0.5855,-0.5635,-0.521,-0.465,-0.403,-0.337,-0.271,-0.205,-0.14225,-0.0815,-0.026,0.112,0.235,0.2695,0.2655,0.2468,0.215
2021-02-25,-0.564,-0.56395,-0.5651,-0.5655,-0.56575,-0.568,-0.568,-0.568,-0.566,-0.565,-0.56,-0.563,-0.562,-0.56175,-0.564,-0.561,-0.519,-0.461,-0.39525,-0.328,-0.26,-0.192,-0.126,-0.06,-0.014,0.054,0.18725,0.3,0.32825,0.31875,0.275,0.274
2021-02-26,-0.564,-0.56395,-0.565,-0.564,-0.566,-0.5665,-0.5675,-0.5675,-0.568,-0.569,-0.568,-0.567,-0.5665,-0.567,-0.565,-0.5617,-0.533,-0.49125,-0.43775,-0.374,-0.309,-0.24425,-0.182,-0.12,-0.056,-0.008,0.125,0.23,0.253,0.238,0.214,0.186
2021-03-01,-0.564,-0.564,-0.56505,-0.566,-0.567,-0.566,-0.57,-0.571,-0.5715,-0.57305,-0.573,-0.5735,-0.575,-0.57575,-0.583,-0.588,-0.561,-0.528,-0.481,-0.42175,-0.3582,-0.29545,-0.23365,-0.1727,-0.1126,-0.059,0.073,0.186,0.212,0.202,0.173,0.14
2021-03-02,-0.56345,-0.564,-0.565,-0.566,-0.56645,-0.5675,-0.569,-0.57,-0.57135,-0.57255,-0.57345,-0.57415,-0.57465,-0.57535,-0.582,-0.594,-0.5685,-0.535,-0.491,-0.43105,-0.369,-0.30605,-0.2436,-0.18175,-0.1225,-0.067,0.068,0.1841,0.2122,0.20315,0.172,0.144
2021-03-03,-0.5659,-0.566,-0.568,-0.569,-0.57065,-0.5695,-0.57185,-0.572,-0.573,-0.574,-0.574,-0.574,-0.574,-0.574,-0.578,-0.577,-0.55005,-0.50575,-0.45,-0.39,-0.318,-0.251,-0.185,-0.118,-0.055,0.001,0.14075,0.26175,0.29375,0.288,0.266,0.223
2021-03-04,-0.566,-0.56655,-0.567,-0.567,-0.567,-0.567,-0.568,-0.569,-0.57,-0.5705,-0.572,-0.5715,-0.572,-0.5725,-0.574,-0.574,-0.55,-0.511,-0.45675,-0.39425,-0.328,-0.26075,-0.194,-0.13,-0.072,-0.0125,0.127,0.249,0.2825,0.278,0.2494,0.23
2021-03-05,-0.5662,-0.567,-0.568,-0.568,-0.569,-0.56965,-0.571,-0.57195,-0.57305,-0.575,-0.5755,-0.576,-0.576,-0.57675,-0.579,-0.577,-0.553,-0.513,-0.45925,-0.394,-0.324,-0.25625,-0.187,-0.12325,-0.05995,-0.00675,0.132,0.25,0.281,0.27675,0.258,0.2185
2021-03-08,-0.566,-0.568,-0.568,-0.569,-0.57,-0.571,-0.572,-0.57235,-0.5725,-0.573,-0.573,-0.574,-0.573,-0.57275,-0.573,-0.569,-0.5392,-0.493,-0.434,-0.368,-0.299,-0.22925,-0.16175,-0.09625,-0.035,0.021,0.158,0.27675,0.30825,0.30275,0.281,0.255
2021-03-09,-0.5655,-0.567,-0.568,-0.569,-0.57015,-0.57105,-0.572,-0.5715,-0.572,-0.572,-0.57255,-0.573,-0.574,-0.57255,-0.572,-0.57015,-0.54245,-0.499,-0.444,-0.38,-0.312,-0.244,-0.18,-0.117,-0.0562,-0.0011,0.136,0.254,0.2862,0.281,0.257,0.219
2021-03-10,-0.566,-0.567,-0.568,-0.56845,-0.56945,-0.571,-0.5715,-0.5725,-0.573,-0.573,-0.573,-0.574,-0.574,-0.57325,-0.576,-0.574,-0.551,-0.507,-0.456,-0.39,-0.325,-0.259,-0.19525,-0.1339,-0.075,-0.021,0.113,0.229,0.2588,0.252,0.228,0.194
2021-03-11,-0.565,-0.565,-0.566,-0.5665,-0.567,-0.569,-0.57,-0.571,-0.571,-0.57175,-0.57225,-0.572,-0.5735,-0.57325,-0.583,-0.588,-0.5555,-0.516,-0.463,-0.4,-0.3348,-0.26945,-0.204,-0.142,-0.0821,-0.02665,0.11125,0.23275,0.2656,0.26205,0.2371,0.213
2021-03-12,-0.565,-0.565,-0.565,-0.56605,-0.56695,-0.56805,-0.56875,-0.56935,-0.56995,-0.57035,-0.57065,-0.5714,-0.57145,-0.572,-0.57515,-0.581,-0.548,-0.506,-0.451,-0.385,-0.3145,-0.246,-0.177,-0.113,-0.04665,0.007,0.148,0.272,0.307,0.306,0.286,0.257
2021-03-15,-0.565,-0.56495,-0.56485,-0.567,-0.5674,-0.569,-0.57,-0.5695,-0.57055,-0.57125,-0.57185,-0.57235,-0.5735,-0.57235,-0.58,-0.5815,-0.5625,-0.524,-0.471,-0.406,-0.33675,-0.26775,-0.20025,-0.13525,-0.074,-0.014,0.12825,0.255,0.292,0.2935,0.271,0.246
2021-03-16,-0.565,-0.5652,-0.5659,-0.56635,-0.568,-0.56865,-0.56985,-0.57065,-0.57155,-0.57265,-0.57315,-0.57415,-0.57475,-0.57525,-0.582,-0.583,-0.568,-0.53,-0.47875,-0.415,-0.34675,-0.278,-0.21,-0.145,-0.088,-0.02525,0.117,0.245,0.2815,0.28,0.25215,0.239
2021-03-17,-0.566,-0.56595,-0.56585,-0.5663,-0.56735,-0.5675,-0.568,-0.568,-0.56945,-0.569,-0.569,-0.569,-0.57,-0.571,-0.579,-0.584,-0.554,-0.511,-0.454,-0.3865,-0.315,-0.23975,-0.168,-0.1015,-0.031,0.01625,0.16,0.29475,0.33,0.3305,0.315,0.293
2021-03-18,-0.565,-0.565,-0.565,-0.56635,-0.567,-0.5675,-0.5685,-0.5685,-0.57,-0.569,-0.5705,-0.57,-0.571,-0.57125,-0.576,-0.5755,-0.5505,-0.503,-0.44125,-0.37025,-0.295,-0.22025,-0.146,-0.076,-0.011,0.04975,0.19575,0.32675,0.36675,0.368,0.348,0.322
2021-03-19,-0.566,-0.56595,-0.5659,-0.5669,-0.56715,-0.5675,-0.56825,-0.569,-0.56985,-0.5705,-0.571,-0.572,-0.57225,-0.57325,-0.5795,-0.582,-0.56,-0.515,-0.456,-0.386,-0.311,-0.23475,-0.161,-0.092,-0.027,0.036,0.18375,0.31575,0.35575,0.35675,0.33775,0.325
2021-03-22,-0.566,-0.566,-0.566,-0.567,-0.568,-0.569,-0.569,-0.56895,-0.56985,-0.5715,-0.5715,-0.573,-0.574,-0.57475,-0.581,-0.5825,-0.5601,-0.521,-0.46325,-0.39375,-0.32,-0.24475,-0.172,-0.102,-0.036,0.024,0.1735,0.305,0.34575,0.34775,0.326,0.316
2021-03-23,-0.56675,-0.566,-0.566,-0.567,-0.567,-0.56775,-0.5685,-0.5695,-0.5705,-0.57115,-0.57185,-0.57255,-0.57335,-0.574,-0.58015,-0.588,-0.5645,-0.5275,-0.47495,-0.409,-0.335,-0.26305,-0.19115,-0.122,-0.0545,0.006,0.1547,0.2857,0.325,0.325,0.307,0.276
2021-03-24,-0.566,-0.566,-0.5659,-0.5674,-0.56805,-0.56865,-0.5685,-0.56955,-0.5708,-0.572,-0.573,-0.57415,-0.575,-0.57525,-0.584,-0.593,-0.57105,-0.537,-0.486,-0.42175,-0.35275,-0.28075,-0.21075,-0.14275,-0.0731,-0.016,0.132,0.261,0.299,0.298,0.2813,0.271
2021-03-25,-0.565,-0.566,-0.5659,-0.5679,-0.5687,-0.56945,-0.57075,-0.5715,-0.57335,-0.57455,-0.57585,-0.57665,-0.5775,-0.57875,-0.588,-0.589,-0.57585,-0.545,-0.499,-0.436,-0.369,-0.299,-0.23,-0.16375,-0.0948,-0.039,0.108,0.235,0.27125,0.26825,0.2505,0.219
2021-03-26,-0.566,-0.566,-0.56605,-0.5678,-0.569,-0.56995,-0.572,-0.57315,-0.5756,-0.5765,-0.578,-0.5785,-0.5795,-0.58095,-0.5875,-0.5895,-0.5725,-0.534,-0.481,-0.41525,-0.34425,-0.27125,-0.201,-0.12975,-0.068,-0.00425,0.144,0.27275,0.30925,0.30725,0.2785,0.272
2021-03-29,-0.566,-0.566,-0.566,-0.56765,-0.568,-0.57,-0.5721,-0.5735,-0.57605,-0.577,-0.578,-0.57965,-0.58035,-0.5816,-0.58815,-0.589,-0.567,-0.527,-0.47035,-0.403,-0.3279,-0.255,-0.18155,-0.11135,-0.0451,0.016,0.167,0.299,0.3386,0.3353,0.3136,0.301
2021-03-30,-0.566,-0.566,-0.567,-0.568,-0.57,-0.57075,-0.57255,-0.57385,-0.575,-0.57575,-0.576,-0.57665,-0.577,-0.577,-0.581,-0.5795,-0.5535,-0.5092,-0.453,-0.38025,-0.304,-0.229,-0.156,-0.0844,-0.019,0.041,0.18955,0.32,0.3581,0.3544,0.33015,0.2975
2021-03-31,-0.568,-0.56795,-0.56845,-0.569,-0.57045,-0.57175,-0.57275,-0.57395,-0.575,-0.575,-0.577,-0.577,-0.57725,-0.57765,-0.5805,-0.579,-0.551,-0.507,-0.44625,-0.378,-0.30375,-0.23025,-0.157,-0.087,-0.023,0.037,0.18675,0.316,0.35175,0.348,0.3213,0.308
2021-04-01,-0.568,-0.56795,-0.569,-0.569,-0.571,-0.572,-0.57315,-0.575,-0.576,-0.5775,-0.579,-0.58,-0.581,-0.58125,-0.5855,-0.585,-0.5645,-0.52325,-0.467,-0.40125,-0.33075,-0.257,-0.187,-0.11875,-0.0547,0.00675,0.1555,0.286,0.32375,0.321,0.292,0.279
2021-04-02,-0.568,-0.567,-0.56845,-0.569,-0.571,,-0.573,,-0.576,,,,,,,-0.586,-0.567,,,,,,,,,,,,,,,
2021-04-05,,,,-0.569,-0.571,-0.572,-0.573,-0.575,-0.576,-0.578,-0.579,-0.58,-0.581,-0.582,-0.586,-0.585,,,,,,,,,,,,,,,,0.262
2021-04-06,-0.567,-0.567,-0.5679,-0.5685,-0.57,-0.57195,-0.57305,-0.57465,-0.57595,-0.57715,-0.578,-0.57915,-0.57985,-0.581,-0.585,-0.593,-0.564,-0.523,-0.469,-0.403,-0.33275,-0.26025,-0.19,-0.122,-0.053,0.004,0.153,0.282,0.32,0.317,0.296,0.275
2021-04-07,-0.567,-0.567,-0.5679,-0.56865,-0.57015,-0.57195,-0.57345,-0.57525,-0.57685,-0.578,-0.579,-0.58,-0.581,-0.582,-0.58825,-0.588,-0.56945,-0.532,-0.48,-0.417,-0.344,-0.274,-0.203,-0.135,-0.07,-0.008,0.141,0.272,0.311,0.3085,0.288,0.275
2021-04-08,-0.567,-0.567,-0.568,-0.5685,-0.57095,-0.573,-0.574,-0.57635,-0.578,-0.57985,-0.58085,-0.58215,-0.58335,-0.58475,-0.591,-0.59175,-0.57325,-0.537,-0.4874,-0.424,-0.354,-0.282,-0.211,-0.144,-0.078,-0.017,0.132,0.264,0.304,0.303,0.28,0.252
2021-04-09,-0.567,-0.567,-0.5683,-0.569,-0.57105,-0.573,-0.57425,-0.576,-0.577,-0.578,-0.579,-0.57995,-0.58075,-0.58125,-0.5862,-0.585,-0.558,-0.515,-0.459,-0.393,-0.323,-0.2515,-0.18025,-0.111,-0.0455,0.01325,0.159,0.287,0.324,0.321,0.29655,0.274
2021-04-12,-0.567,-0.567,-0.56845,-0.569,-0.571,-0.5725,-0.573,-0.57325,-0.5755,-0.576,-0.576,-0.577,-0.578,-0.57805,-0.585,-0.584,-0.558,-0.513,-0.454,-0.388,-0.316,-0.243,-0.171,-0.102,-0.039,0.024,0.172,0.3,0.337,0.334,0.31,0.282
2021-04-13,-0.567,-0.5672,-0.569,-0.57,-0.572,-0.573,-0.57335,-0.575,-0.5755,-0.5769,-0.577,-0.578,-0.5785,-0.57975,-0.586,-0.591,-0.559,-0.51675,-0.45975,-0.39325,-0.32075,-0.249,-0.176,-0.106,-0.03995,0.02,0.168,0.296,0.333,0.332,0.3105,0.2915
2021-04-14,-0.567,-0.568,-0.57,-0.571,-0.57125,-0.571,-0.5725,-0.5735,-0.57445,-0.573,-0.574,-0.57505,-0.575,-0.57525,-0.57975,-0.58,-0.54325,-0.489,-0.42625,-0.357,-0.282,-0.207,-0.133,-0.063,0.00045,0.063,0.21,0.34,0.377,0.375,0.3465,0.328
2021-04-15,-0.567,-0.56835,-0.5695,-0.57,-0.57115,-0.57215,-0.57285,-0.57385,-0.57485,-0.57565,-0.57655,-0.57745,-0.578,-0.57825,-0.58295,-0.581,-0.55755,-0.51575,-0.45975,-0.39375,-0.32225,-0.25075,-0.17975,-0.11175,-0.04055,0.01425,0.1615,0.29125,0.328,0.325,0.3074,0.2805
2021-04-16,-0.567,-0.56875,-0.56985,-0.57035,-0.571,-0.57175,-0.57235,-0.57345,-0.57425,-0.57485,-0.575,-0.57595,-0.576,-0.57675,-0.58,-0.578,-0.5485,-0.5,-0.43975,-0.37,-0.295,-0.221,-0.14775,-0.07875,-0.013,0.04625,0.193,0.32175,0.35825,0.35575,0.33,0.301
2021-04-19,-0.567,-0.569,-0.56995,-0.57085,-0.57185,-0.5725,-0.5735,-0.5725,-0.5735,-0.574,-0.573,-0.574,-0.574,-0.574,-0.576,-0.5705,-0.537,-0.483,-0.418,-0.348,-0.275,-0.202,-0.12925,-0.061,0.002,0.064,0.209,0.336,0.3695,0.365,0.33465,0.314
2021-04-20,-0.5679,-0.569,-0.56975,-0.5707,-0.57185,-0.573,-0.57395,-0.57425,-0.5741,-0.57455,-0.57495,-0.57505,-0.57535,-0.57575,-0.57825,-0.575,-0.546,-0.498,-0.43525,-0.36625,-0.297,-0.224,-0.154,-0.086,-0.024,0.03575,0.18125,0.308,0.342,0.333,0.305,0.285
2021-04-21,-0.56735,-0.5688,-0.56925,-0.56975,-0.571,-0.57185,-0.5725,-0.57305,-0.57345,-0.574,-0.57415,-0.57455,-0.57505,-0.57575,-0.579,-0.576,-0.5452,-0.501,-0.44,-0.373,-0.302,-0.23,-0.158,-0.09075,-0.027,0.03125,0.176,0.302,0.335,0.3285,0.30085,0.279
2021-04-22,-0.568,-0.568,-0.568,-0.56925,-0.5706,-0.57165,-0.57235,-0.57355,-0.57405,-0.5751,-0.57555,-0.57605,-0.5766,-0.5765,-0.57935,-0.575,-0.544,-0.492,-0.431,-0.363,-0.293,-0.222,-0.151,-0.086,-0.0209,0.037,0.182,0.30625,0.337,0.32775,0.3012,0.265
2021-04-23,-0.568,-0.568,-0.568,-0.569,-0.57,-0.5695,-0.57175,-0.57255,-0.573,-0.5735,-0.57455,-0.575,-0.576,-0.57525,-0.582,-0.57335,-0.541,-0.492,-0.431,-0.362,-0.291,-0.218,-0.147,-0.079,-0.0161,0.043,0.18775,0.313,0.34425,0.33675,0.3029,0.275
2021-04-26,-0.568,-0.56795,-0.56785,-0.56855,-0.56955,-0.57105,-0.57195,-0.573,-0.57385,-0.574,-0.57485,-0.576,-0.576,-0.57575,-0.578,-0.572,-0.539,-0.486,-0.4231,-0.3548,-0.2833,-0.20975,-0.1396,-0.0716,-0.008,0.051,0.196,0.32125,0.35325,0.34575,0.3164,0.282
2021-04-27,-0.568,-0.56795,-0.568,-0.569,-0.57045,-0.572,-0.573,-0.5739,-0.57435,-0.5746,-0.57475,-0.5751,-0.575,-0.57575,-0.5769,-0.5715,-0.5355,-0.48315,-0.421,-0.352,-0.281,-0.2098,-0.13845,-0.07,-0.006,0.052,0.199,0.324,0.358,0.35025,0.321,0.297
2021-04-28,-0.567,-0.56695,-0.5669,-0.5682,-0.57,-0.571,-0.5715,-0.57265,-0.57325,-0.57365,-0.574,-0.574,-0.574,-0.57375,-0.5746,-0.568,-0.5265,-0.47135,-0.407,-0.339,-0.264,-0.192,-0.12,-0.053,0.01275,0.07265,0.21865,0.34555,0.37935,0.3727,0.343,0.313
2021-04-29,-0.567,-0.567,-0.5672,-0.569,-0.57,-0.57105,-0.57195,-0.573,-0.57295,-0.57295,-0.573,-0.573,-0.574,-0.57275,-0.573,-0.5625,-0.517,-0.458,-0.389,-0.314,-0.23725,-0.16075,-0.086,-0.016,0.0489,0.111,0.2595,0.391,0.4255,0.421,0.388,0.364
2021-04-30,-0.567,-0.5669,-0.5672,-0.56945,-0.571,-0.571,-0.57295,-0.5739,-0.57445,-0.57485,-0.57525,-0.57545,-0.577,-0.57665,-0.57815,-0.56925,-0.527,-0.469,-0.402,-0.327,-0.25,-0.172,-0.097,-0.026,0.04,0.103,0.253,0.38545,0.421,0.41695,0.3833,0.35
2021-05-03,-0.567,-0.567,-0.567,-0.569,-0.57035,-0.5713,-0.57275,-0.574,-0.57485,-0.576,-0.576,-0.576,-0.57645,-0.57695,-0.57895,-0.56925,-0.5273,-0.4683,-0.401,-0.3251,-0.2472,-0.17,-0.096,-0.0245,0.042,0.104,0.255,0.387,0.4215,0.41765,0.382,0.359
2021-05-04,-0.568,-0.56795,-0.568,-0.5694,-0.5706,-0.5716,-0.574,-0.572,-0.57575,-0.5765,-0.577,-0.57825,-0.57875,-0.57925,-0.5842,-0.579,-0.542,-0.492,-0.432,-0.358,-0.282,-0.209,-0.137,-0.068,0.00245,0.057,0.209,0.3375,0.374,0.369,0.342,0.306
2021-05-05,-0.5681,-0.5681,-0.568,-0.5693,-0.57,-0.5709,-0.569,-0.5728,-0.5735,-0.574,-0.573,-0.5746,-0.5754,-0.576,-0.581,-0.574,-0.5385,-0.488,-0.425,-0.353,-0.27675,-0.202,-0.12805,-0.059,0.007,0.068,0.21785,0.3491,0.384,0.381,0.3479,0.318
2021-05-06,-0.568,-0.568,-0.568,-0.56995,-0.571,-0.5715,-0.573,-0.574,-0.5745,-0.575,-0.575,-0.5755,-0.576,-0.577,-0.581,-0.574,-0.538,-0.48725,-0.427,-0.3555,-0.28075,-0.206,-0.132,-0.063,0.00495,0.06375,0.2145,0.3445,0.38075,0.377,0.3501,0.32
2021-05-07,-0.568,-0.56795,-0.5679,-0.56985,-0.5705,-0.5717,-0.5725,-0.5735,-0.574,-0.574,-0.574,-0.574,-0.5745,-0.575,-0.579,-0.574,-0.5287,-0.47625,-0.413,-0.343,-0.2695,-0.19425,-0.122,-0.054,0.01245,0.071,0.218,0.347,0.38325,0.376,0.345,0.309
2021-05-10,-0.568,-0.568,-0.56785,-0.569,-0.57,-0.571,-0.572,-0.573,-0.5735,-0.574,-0.575,-0.574,-0.574,-0.575,-0.577,-0.569,-0.531,-0.478,-0.41225,-0.341,-0.26575,-0.189,-0.11575,-0.046,0.018,0.081,0.2315,0.361,0.39675,0.393,0.3553,0.329
2021-05-11,-0.568,-0.568,-0.5679,-0.56965,-0.57,-0.57095,-0.57215,-0.5725,-0.572,-0.572,-0.57225,-0.57195,-0.5715,-0.57175,-0.57155,-0.562,-0.519,-0.459,-0.388,-0.31325,-0.235,-0.156,-0.082,-0.012,0.052,0.115,0.26375,0.393,0.42825,0.424,0.391,0.359
2021-05-12,-0.568,-0.56795,-0.568,-0.5695,-0.57035,-0.57085,-0.5715,-0.57275,-0.572,-0.572,-0.572,-0.57165,-0.5715,-0.5715,-0.571,-0.557,-0.507,-0.44,-0.36425,-0.287,-0.20825,-0.13075,-0.055,0.016,0.075,0.141,0.287,0.414,0.45,0.446,0.408,0.3735
2021-05-13,-0.567,-0.5669,-0.567,-0.569,-0.57,-0.5705,-0.57255,-0.5725,-0.57315,-0.573,-0.572,-0.572,-0.571,-0.57175,-0.569,-0.555,-0.5055,-0.439,-0.372,-0.295,-0.2175,-0.142,-0.072,-0.001,0.06,0.119,0.262,0.384,0.41675,0.408,0.377,0.34
2021-05-14,-0.56685,-0.56695,-0.56705,-0.56835,-0.5695,-0.5705,-0.57205,-0.5725,-0.5735,-0.57285,-0.57265,-0.572,-0.57135,-0.57175,-0.569,-0.556,-0.5065,-0.443,-0.371,-0.297,-0.22125,-0.14725,-0.0765,-0.008,0.05575,0.11375,0.256,0.38075,0.41425,0.40775,0.3748,0.342
2021-05-17,-0.566,-0.5665,-0.567,-0.56865,-0.57,-0.571,-0.571,-0.572,-0.5725,-0.57135,-0.57,-0.5706,-0.5702,-0.569,-0.57,-0.561,-0.5025,-0.442,-0.36925,-0.29425,-0.21725,-0.14175,-0.0702,-0.002,0.061,0.121,0.266,0.393,0.42575,0.42,0.387,0.348
2021-05-18,-0.566,-0.56595,-0.5664,-0.568,-0.569,-0.569,-0.5708,-0.5715,-0.5719,-0.57155,-0.573,-0.57065,-0.5702,-0.572,-0.566,-0.552,-0.501,-0.43275,-0.357,-0.279,-0.201,-0.124,-0.051,0.02,0.084,0.143,0.291,0.4185,0.453,0.448,0.414,0.374
2021-05-19,-0.566,-0.566,-0.5666,-0.567,-0.569,-0.5705,-0.571,-0.5721,-0.57215,-0.5711,-0.5704,-0.5698,-0.569,-0.568,-0.565,-0.552,-0.5,-0.42965,-0.35455,-0.27815,-0.20175,-0.126,-0.05475,0.013,0.077,0.134,0.279,0.4035,0.438,0.43,0.398,0.364
2021-05-20,-0.566,-0.5659,-0.5666,-0.5675,-0.56855,-0.569,-0.5699,-0.57,-0.5702,-0.569,-0.5681,-0.5675,-0.567,-0.566,-0.5629,-0.549,-0.4985,-0.42775,-0.353,-0.276,-0.19875,-0.123,-0.052,0.01525,0.075,0.13625,0.27875,0.40125,0.43325,0.42575,0.391,0.357
2021-05-21,-0.5663,-0.5661,-0.567,-0.5675,-0.56805,-0.569,-0.56955,-0.56975,-0.57,-0.569,-0.568,-0.568,-0.56745,-0.56775,-0.5655,-0.555,-0.508,-0.445,-0.37475,-0.2985,-0.22075,-0.14525,-0.07325,-0.00625,0.059,0.11425,0.256,0.37875,0.41075,0.40375,0.376,0.335
2021-05-24,-0.566,-0.56595,-0.56695,-0.56715,-0.568,-0.5685,-0.5689,-0.569,-0.569,-0.568,-0.5672,-0.5672,-0.5672,-0.567,-0.56455,-0.554,-0.511,-0.449,-0.38025,-0.307,-0.23,-0.153,-0.08225,-0.015,0.049,0.106,0.25,0.37325,0.40625,0.39905,0.368,0.33
2021-05-25,-0.566,-0.566,-0.567,-0.5677,-0.568,-0.5685,-0.56895,-0.5692,-0.56915,-0.569,-0.56815,-0.568,-0.568,-0.56775,-0.5664,-0.5575,-0.518,-0.46,-0.394,-0.31975,-0.244,-0.16925,-0.098,-0.03,0.035,0.092,0.238,0.36475,0.3975,0.3915,0.361,0.323
2021-05-26,-0.566,-0.566,-0.567,-0.56745,-0.56785,-0.5681,-0.5688,-0.5692,-0.56935,-0.5695,-0.569,-0.569,-0.568,-0.56775,-0.571,-0.5655,-0.523,-0.474,-0.415,-0.346,-0.274,-0.203,-0.133,-0.067,-0.006,0.05525,0.2,0.32625,0.35975,0.35375,0.319,0.281
2021-05-27,-0.566,-0.566,-0.5677,-0.568,-0.56885,-0.569,-0.5691,-0.5694,-0.56925,-0.5685,-0.568,-0.56775,-0.567,-0.56655,-0.562,-0.55,-0.509,-0.45275,-0.38875,-0.316,-0.24175,-0.168,-0.096,-0.02825,0.034,0.095,0.241,0.36725,0.40075,0.395,0.361,0.323
2021-05-28,-0.566,-0.56595,-0.56785,-0.56855,-0.5689,-0.5687,-0.5696,-0.569,-0.56945,-0.5697,-0.56945,-0.5692,-0.57,-0.5685,-0.56555,-0.555,-0.511,-0.45925,-0.39625,-0.326,-0.25125,-0.17825,-0.10625,-0.039,0.0238,0.08475,0.231,0.358,0.39175,0.38575,0.351,0.314
2021-05-31,-0.566,-0.566,-0.56715,-0.56755,-0.568,-0.5685,-0.56915,-0.57,-0.573,-0.56955,-0.57,-0.56935,-0.569,-0.569,-0.572,-0.556,-0.5135,-0.461,-0.401,-0.331,-0.257,-0.182,-0.111,-0.045,0.018,0.077,0.222,0.348,0.379,0.373,0.34045,0.306
2021-06-01,-0.5665,-0.5666,-0.5683,-0.569,-0.569,-0.5685,-0.56985,-0.56995,-0.56975,-0.57,-0.5697,-0.569,-0.56935,-0.569,-0.5666,-0.556,-0.5158,-0.46275,-0.401,-0.331,-0.25625,-0.18225,-0.111,-0.043,0.0208,0.081,0.228,0.35575,0.39025,0.385,0.351,0.311
2021-06-02,-0.5665,-0.5672,-0.56835,-0.5688,-0.569,-0.5695,-0.5695,-0.5695,-0.56985,-0.57,-0.57,-0.57,-0.57,-0.56975,-0.5683,-0.558,-0.5205,-0.472,-0.41105,-0.3414,-0.2666,-0.191,-0.12,-0.052,0.012,0.072,0.219,0.35,0.385,0.379,0.3457,0.312
2021-06-03,-0.5666,-0.5678,-0.56855,-0.5688,-0.569,-0.5688,-0.5689,-0.5685,-0.5689,-0.5695,-0.569,-0.5686,-0.568,-0.56775,-0.56565,-0.554,-0.514,-0.462,-0.401,-0.329,-0.252,-0.175,-0.101,-0.03075,0.0375,0.093,0.2415,0.37,0.40475,0.40075,0.371,0.333
2021-06-04,-0.5655,-0.568,-0.5686,-0.56875,-0.5687,-0.5689,-0.5695,-0.5691,-0.5691,-0.569,-0.5695,-0.57,-0.569,-0.569,-0.568,-0.55685,-0.5195,-0.46975,-0.41,-0.33975,-0.26675,-0.193,-0.121,-0.052,0.015,0.07225,0.22,0.34825,0.383,0.37825,0.349,0.311
2021-06-07,-0.5665,-0.5678,-0.5682,-0.5683,-0.568,-0.5685,-0.5685,-0.5685,-0.5685,-0.5683,-0.5681,-0.56715,-0.5672,-0.56625,-0.564,-0.554,-0.5165,-0.463,-0.40025,-0.329,-0.25375,-0.179,-0.10525,-0.037,0.0282,0.08825,0.236,0.364,0.39875,0.393,0.359,0.324
2021-06-08,-0.5666,-0.5683,-0.569,-0.569,-0.5689,-0.56865,-0.5685,-0.5687,-0.569,-0.568,-0.568,-0.5675,-0.5672,-0.5667,-0.5648,-0.555,-0.52,-0.4697,-0.4109,-0.34295,-0.2708,-0.197,-0.1257,-0.058,0.007,0.066,0.212,0.339,0.37245,0.3654,0.333,0.296
2021-06-09,-0.5672,-0.5686,-0.5699,-0.5701,-0.569,-0.5695,-0.5695,-0.5696,-0.569,-0.569,-0.5685,-0.569,-0.569,-0.568,-0.568,-0.56,-0.529,-0.481,-0.42275,-0.35725,-0.28825,-0.21775,-0.1475,-0.08075,-0.02,0.04175,0.1875,0.3125,0.345,0.3385,0.3039,0.266
2021-06-10,-0.5685,-0.56935,-0.5694,-0.56945,-0.5694,-0.5685,-0.568,-0.57,-0.57,-0.5695,-0.5685,-0.57,-0.571,-0.572,-0.577,-0.573,-0.531,-0.487,-0.43,-0.365,-0.29425,-0.22375,-0.154,-0.08675,-0.021,0.037,0.18575,0.313,0.347,0.34025,0.311,0.272
2021-06-11,-0.5685,-0.5685,-0.569,-0.569,-0.5688,-0.5693,-0.57,-0.5697,-0.5695,-0.5695,-0.56915,-0.5695,-0.5695,-0.57,-0.5705,-0.56335,-0.5335,-0.489,-0.436,-0.371,-0.30245,-0.233,-0.164,-0.098,-0.034,0.0255,0.17045,0.2969,0.329,0.3211,0.291,0.25
2021-06-14,-0.5685,-0.5689,-0.5685,-0.5685,-0.569,-0.5682,-0.5685,-0.568,-0.5685,-0.568,-0.567,-0.567,-0.567,-0.56705,-0.567,-0.558,-0.5255,-0.47675,-0.41725,-0.35105,-0.28,-0.20875,-0.137,-0.07025,-0.005,0.05425,0.201,0.32675,0.35875,0.35075,0.319,0.28
2021-06-15,-0.569,-0.569,-0.5685,-0.568,-0.568,-0.5685,-0.5688,-0.56855,-0.5683,-0.56795,-0.56765,-0.56765,-0.566,-0.56675,-0.56575,-0.5555,-0.519,-0.468,-0.407,-0.338,-0.264,-0.191,-0.117,-0.04675,0.015,0.077,0.22375,0.35025,0.38125,0.372,0.337,0.302
2021-06-16,-0.567,-0.5669,-0.5673,-0.5671,-0.5671,-0.5668,-0.5667,-0.5667,-0.5665,-0.5665,-0.567,-0.5663,-0.567,-0.567,-0.5695,-0.558,-0.522,-0.47475,-0.416,-0.349,-0.278,-0.206,-0.134,-0.065,-0.002,0.05975,0.208,0.33625,0.36975,0.361,0.327,0.2925
2021-06-17,-0.5675,-0.5669,-0.567,-0.567,-0.56705,-0.5675,-0.5675,-0.56655,-0.5665,-0.567,-0.5665,-0.566,-0.566,-0.565,-0.565,-0.555,-0.513,-0.4629,-0.403,-0.339,-0.274,-0.204,-0.136,-0.073,-0.009,0.04735,0.192,0.314,0.341,0.326,0.29645,0.255
2021-06-18,-0.567,-0.567,-0.567,-0.5665,-0.56705,-0.5665,-0.5665,-0.566,-0.565,-0.564,-0.5637,-0.5635,-0.5625,-0.5615,-0.5575,-0.543,-0.5,-0.44605,-0.387,-0.324,-0.26125,-0.197,-0.1316,-0.07,-0.01,0.044,0.18,0.292,0.314,0.295,0.254,0.215
2021-06-21,-0.5665,-0.5675,-0.567,-0.567,-0.5665,-0.56695,-0.566,-0.5655,-0.5651,-0.56385,-0.56295,-0.56165,-0.56,-0.56,-0.5545,-0.54,-0.4925,-0.436,-0.37325,-0.31,-0.244,-0.176,-0.113,-0.05,0.0115,0.066,0.207,0.3246,0.3485,0.3315,0.295,0.243
2021-06-22,-0.567,-0.5669,-0.56685,-0.567,-0.567,-0.5667,-0.5657,-0.5657,-0.565,-0.564,-0.5632,-0.5619,-0.56,-0.559,-0.552,-0.5377,-0.492,-0.437,-0.375,-0.311,-0.2415,-0.175,-0.10705,-0.045,0.0175,0.07375,0.2132,0.3312,0.3577,0.3403,0.3051,0.252
2021-06-23,-0.567,-0.5669,-0.5669,-0.5673,-0.56715,-0.5672,-0.5671,-0.5667,-0.5661,-0.5653,-0.5645,-0.5625,-0.562,-0.56075,-0.5545,-0.5401,-0.4975,-0.445,-0.385,-0.31875,-0.249,-0.18075,-0.114,-0.04925,0.0135,0.06825,0.21,0.332,0.35975,0.34625,0.303,0.267
2021-06-24,-0.567,-0.5669,-0.56635,-0.567,-0.56685,-0.567,-0.5668,-0.5665,-0.5657,-0.5646,-0.564,-0.5621,-0.5605,-0.5591,-0.552,-0.538,-0.494,-0.442,-0.3814,-0.316,-0.25225,-0.18525,-0.118,-0.055,0.0063,0.0635,0.204,0.3275,0.355,0.33975,0.3,0.261
2021-06-25,-0.5671,-0.5669,-0.5669,-0.567,-0.568,-0.567,-0.5675,-0.567,-0.5666,-0.5655,-0.5642,-0.562,-0.5609,-0.55875,-0.551,-0.535,-0.486,-0.426,-0.362,-0.294,-0.224,-0.154,-0.0862,-0.01995,0.04335,0.101,0.2444,0.365,0.39385,0.3803,0.3395,0.296
2021-06-28,-0.567,-0.567,-0.56685,-0.567,-0.567,-0.5675,-0.56715,-0.56715,-0.5665,-0.566,-0.565,-0.564,-0.562,-0.561,-0.554,-0.538,-0.49025,-0.4375,-0.377,-0.311,-0.24325,-0.17575,-0.10925,-0.045,0.016,0.07525,0.219,0.34175,0.37075,0.35875,0.3151,0.265
2021-06-29,-0.567,-0.5665,-0.5665,-0.5665,-0.566,-0.567,-0.56695,-0.56715,-0.567,-0.5665,-0.5653,-0.5639,-0.56225,-0.56085,-0.5526,-0.5365,-0.4875,-0.43065,-0.3675,-0.2991,-0.22875,-0.159,-0.09125,-0.02575,0.0395,0.09575,0.241,0.364,0.39325,0.38175,0.342,0.299
2021-06-30,-0.567,-0.56695,-0.5669,-0.5665,-0.567,-0.5667,-0.5675,-0.5675,-0.56715,-0.567,-0.5665,-0.565,-0.56475,-0.564,-0.5579,-0.54365,-0.4999,-0.4476,-0.3886,-0.3221,-0.256,-0.185,-0.12005,-0.054,0.007,0.067,0.211,0.335,0.364,0.352,0.312,0.27
2021-07-01,-0.567,-0.5665,-0.5665,-0.567,-0.567,-0.56715,-0.5675,-0.5675,-0.5675,-0.56785,-0.5676,-0.56705,-0.566,-0.565,-0.564,-0.546,-0.5015,-0.449,-0.38875,-0.322,-0.253,-0.18445,-0.116,-0.04925,0.015,0.07315,0.2193,0.344,0.374,0.362,0.32365,0.286
2021-07-02,-0.567,-0.5669,-0.567,-0.5665,-0.567,-0.5675,-0.5682,-0.5675,-0.568,-0.568,-0.5689,-0.568,-0.5675,-0.56775,-0.563,-0.55,-0.5105,-0.46225,-0.407,-0.345,-0.278,-0.21,-0.14325,-0.0783,-0.013,0.04425,0.19,0.3156,0.346,0.33375,0.298,0.256
2021-07-05,-0.5665,-0.5669,-0.5669,-0.567,-0.567,-0.567,-0.567,-0.5675,-0.5675,-0.5674,-0.567,-0.5666,-0.5661,-0.56525,-0.5605,-0.5464,-0.50365,-0.451,-0.3899,-0.325,-0.256,-0.18575,-0.119,-0.052,0.01085,0.07025,0.2159,0.3416,0.37015,0.35945,0.323,0.2715
2021-07-06,-0.5665,-0.56695,-0.5665,-0.56675,-0.567,-0.56685,-0.567,-0.56725,-0.5675,-0.56745,-0.56715,-0.566,-0.56635,-0.56575,-0.562,-0.551,-0.517,-0.47525,-0.42325,-0.36425,-0.30025,-0.235,-0.16975,-0.107,-0.046,0.014,0.159,0.283,0.312,0.29975,0.258,0.217
2021-07-07,-0.5665,-0.5669,-0.5669,-0.567,-0.567,-0.5675,-0.56735,-0.56745,-0.56735,-0.56705,-0.56675,-0.56635,-0.56585,-0.56525,-0.563,-0.55285,-0.52315,-0.48725,-0.442,-0.387,-0.325,-0.263,-0.199,-0.138,-0.079,-0.02025,0.121,0.243,0.2715,0.256,0.216,0.168
2021-07-08,-0.567,-0.56695,-0.5669,-0.567,-0.5667,-0.5675,-0.5675,-0.56665,-0.567,-0.567,-0.568,-0.5665,-0.5661,-0.567,-0.563,-0.553,-0.5235,-0.48825,-0.44425,-0.391,-0.33225,-0.27,-0.208,-0.14725,-0.087,-0.03125,0.109,0.228,0.25375,0.237,0.193,0.152
2021-07-09,-0.567,-0.5665,-0.56695,-0.567,-0.567,-0.56715,-0.56735,-0.56725,-0.5665,-0.56695,-0.56665,-0.566,-0.566,-0.56525,-0.561,-0.5505,-0.51845,-0.4808,-0.436,-0.37875,-0.318,-0.25375,-0.19025,-0.128,-0.069,-0.01075,0.133,0.254,0.281,0.264,0.21895,0.164
2021-07-12,-0.5665,-0.5669,-0.5665,-0.5665,-0.5669,-0.5675,-0.5675,-0.5668,-0.5666,-0.5665,-0.5663,-0.567,-0.567,-0.5656,-0.562,-0.5505,-0.518,-0.4795,-0.434,-0.377,-0.3173,-0.2535,-0.19,-0.128,-0.067,-0.01025,0.1315,0.252,0.27675,0.259,0.213,0.162
2021-07-13,-0.567,-0.5669,-0.5669,-0.5668,-0.567,-0.5667,-0.5675,-0.5665,-0.5665,-0.5665,-0.566,-0.5655,-0.565,-0.564,-0.559,-0.5476,-0.5145,-0.4774,-0.433,-0.377,-0.314,-0.251,-0.186,-0.124,-0.062,-0.006,0.13975,0.26,0.285,0.26975,0.226,0.174
2021-07-14,-0.5665,-0.5669,-0.5669,-0.567,-0.567,-0.567,-0.5669,-0.566,-0.566,-0.5656,-0.565,-0.5645,-0.564,-0.563,-0.5582,-0.5486,-0.5185,-0.48475,-0.442,-0.388,-0.329,-0.267,-0.205,-0.143,-0.082,-0.024,0.1175,0.24005,0.264,0.2485,0.2016,0.152
2021-07-15,-0.567,-0.5669,-0.567,-0.5668,-0.5671,-0.5675,-0.5668,-0.567,-0.5663,-0.5665,-0.5653,-0.5645,-0.564,-0.5637,-0.563,-0.549,-0.5194,-0.49075,-0.451,-0.4,-0.346,-0.28655,-0.226,-0.1655,-0.105,-0.05075,0.0895,0.209,0.232,0.214,0.172,0.117
2021-07-16,-0.567,-0.567,-0.5675,-0.5668,-0.567,-0.5671,-0.5672,-0.5665,-0.5661,-0.5656,-0.565,-0.5644,-0.564,-0.5635,-0.5592,-0.551,-0.5228,-0.49575,-0.45795,-0.40825,-0.352,-0.29575,-0.236,-0.177,-0.118,-0.06275,0.076,0.195,0.22,0.202,0.1577,0.111
2021-07-19,-0.567,-0.5669,-0.5669,-0.56685,-0.568,-0.5675,-0.567,-0.5663,-0.5655,-0.5655,-0.566,-0.5649,-0.5645,-0.5644,-0.561,-0.553,-0.531,-0.507,-0.47125,-0.425,-0.373,-0.31775,-0.261,-0.20375,-0.147,-0.09325,0.0415,0.154,0.175,0.155,0.10595,0.045
2021-07-20,-0.5665,-0.5672,-0.567,-0.5668,-0.5665,-0.56665,-0.5664,-0.5665,-0.56655,-0.56665,-0.56655,-0.5665,-0.5665,-0.5666,-0.56525,-0.561,-0.54345,-0.522,-0.492,-0.447,-0.39325,-0.337,-0.28,-0.22225,-0.168,-0.115,0.01725,0.126,0.144,0.122,0.0731,0.026
2021-07-21,-0.567,-0.5669,-0.5675,-0.5668,-0.568,-0.567,-0.567,-0.5675,-0.5675,-0.567,-0.567,-0.567,-0.567,-0.567,-0.565,-0.558,-0.538,-0.5095,-0.473,-0.425,-0.37,-0.311,-0.252,-0.193,-0.135,-0.079,0.05865,0.17545,0.1982,0.178,0.12775,0.083
2021-07-22,-0.567,-0.56695,-0.56695,-0.569,-0.56755,-0.5685,-0.5685,-0.56835,-0.56855,-0.569,-0.56935,-0.5695,-0.57,-0.571,-0.571,-0.566,-0.5475,-0.52275,-0.48925,-0.44425,-0.392,-0.33525,-0.278,-0.22,-0.162,-0.10775,0.028,0.1439,0.16525,0.147,0.096,0.0405
2021-07-23,-0.5675,-0.5669,-0.56695,-0.5675,-0.5674,-0.568,-0.5683,-0.5695,-0.57,-0.571,-0.5715,-0.572,-0.5725,-0.575,-0.5756,-0.58,-0.551,-0.52375,-0.48725,-0.44025,-0.386,-0.32975,-0.27185,-0.21225,-0.1531,-0.099,0.037,0.15325,0.176,0.157,0.107,0.064
2021-07-26,-0.56795,-0.5669,-0.5675,-0.568,-0.5681,-0.5685,-0.5687,-0.5695,-0.57,-0.5707,-0.5719,-0.5727,-0.5725,-0.57375,-0.577,-0.5719,-0.55145,-0.524,-0.48535,-0.4377,-0.38365,-0.3262,-0.266,-0.206,-0.148,-0.093,0.04375,0.1582,0.18,0.162,0.112,0.066
2021-07-27,-0.568,-0.567,-0.56685,-0.5673,-0.5681,-0.5679,-0.5684,-0.569,-0.57,-0.57045,-0.5721,-0.573,-0.566,-0.5748,-0.5787,-0.576,-0.55625,-0.53175,-0.496,-0.44975,-0.39575,-0.338,-0.281,-0.22175,-0.165,-0.10975,0.027,0.142,0.166,0.146,0.09685,0.053
2021-07-28,-0.5675,-0.5675,-0.5675,-0.5679,-0.5678,-0.5686,-0.5695,-0.56975,-0.5707,-0.5715,-0.5715,-0.5724,-0.573,-0.574,-0.578,-0.577,-0.5559,-0.53,-0.49325,-0.447,-0.39175,-0.335,-0.27525,-0.2167,-0.158,-0.102,0.036,0.155,0.176,0.158,0.11075,0.045
2021-07-29,-0.56705,-0.567,-0.56745,-0.5675,-0.56835,-0.5688,-0.5695,-0.57025,-0.5711,-0.5717,-0.572,-0.57365,-0.5745,-0.57575,-0.5785,-0.57715,-0.555,-0.53,-0.49475,-0.4507,-0.396,-0.33825,-0.28,-0.22025,-0.162,-0.10725,0.03025,0.14525,0.16675,0.1462,0.1,0.033
2021-07-30,-0.56705,-0.567,-0.5672,-0.56785,-0.5682,-0.5691,-0.5699,-0.5707,-0.5715,-0.572,-0.573,-0.574,-0.575,-0.576,-0.5799,-0.5775,-0.559,-0.53225,-0.497,-0.45275,-0.40075,-0.34475,-0.286,-0.228,-0.172,-0.11625,0.02,0.13425,0.15425,0.133,0.084,0.039
2021-08-02,-0.567,-0.5671,-0.5667,-0.568,-0.568,-0.56925,-0.5703,-0.5714,-0.5725,-0.5741,-0.5752,-0.5771,-0.5778,-0.58,-0.5836,-0.58465,-0.571,-0.54775,-0.516,-0.47375,-0.424,-0.37125,-0.31625,-0.259,-0.202,-0.149,-0.014,0.10025,0.12075,0.103,0.049,-0.004
2021-08-03,-0.56795,-0.5679,-0.56785,-0.5684,-0.5686,-0.5693,-0.5705,-0.5714,-0.5725,-0.574,-0.575,-0.577,-0.578,-0.579,-0.5846,-0.586,-0.572,-0.549,-0.518,-0.47425,-0.42575,-0.37125,-0.316,-0.26,-0.204,-0.14975,-0.01575,0.096,0.116,0.09325,0.046,-0.001
2021-08-04,-0.568,-0.5679,-0.568,-0.56835,-0.5685,-0.5689,-0.5696,-0.571,-0.572,-0.5738,-0.575,-0.576,-0.57775,-0.5787,-0.584,-0.583,-0.5702,-0.549,-0.521,-0.478,-0.428,-0.37435,-0.31715,-0.262,-0.206,-0.154,-0.02225,0.0838,0.101,0.074,0.023,-0.0255
2021-08-05,-0.56805,-0.56805,-0.56855,-0.56885,-0.56925,-0.56975,-0.5705,-0.571,-0.5715,-0.5725,-0.574,-0.5746,-0.5755,-0.5763,-0.58,-0.581,-0.56825,-0.54875,-0.52105,-0.48025,-0.43325,-0.38075,-0.32425,-0.26775,-0.214,-0.163,-0.034,0.071,0.086,0.056,0.005,-0.049
2021-08-06,-0.5685,-0.5685,-0.5688,-0.569,-0.56965,-0.5695,-0.57025,-0.5707,-0.57095,-0.5715,-0.5725,-0.5732,-0.5742,-0.575,-0.57815,-0.578,-0.56,-0.532,-0.49875,-0.455,-0.4041,-0.347,-0.29175,-0.235,-0.1785,-0.127,0.00675,0.115,0.13075,0.103,0.05295,-0.016
2021-08-09,-0.5685,-0.5685,-0.56885,-0.569,-0.57,-0.57,-0.5703,-0.5705,-0.57065,-0.5711,-0.5715,-0.5723,-0.573,-0.574,-0.577,-0.57645,-0.56,-0.535,-0.5,-0.457,-0.40775,-0.35375,-0.29775,-0.242,-0.18655,-0.134,-0.004,0.1035,0.119,0.091,0.035,-0.029
2021-08-10,-0.569,-0.569,-0.569,-0.5695,-0.5698,-0.5702,-0.5705,-0.571,-0.5713,-0.5719,-0.572,-0.5734,-0.5735,-0.57425,-0.5775,-0.57715,-0.55725,-0.53525,-0.50225,-0.46135,-0.4122,-0.359,-0.3039,-0.247,-0.192,-0.14075,-0.0119,0.095,0.1105,0.083,0.029,-0.034
2021-08-11,-0.569,-0.5685,-0.569,-0.5695,-0.57,-0.5705,-0.57065,-0.5715,-0.57155,-0.573,-0.573,-0.5735,-0.574,-0.57525,-0.5785,-0.584,-0.56125,-0.53775,-0.50695,-0.46625,-0.41825,-0.366,-0.311,-0.256,-0.202,-0.149,-0.019,0.0895,0.106,0.08,0.0275,-0.029
2021-08-12,-0.5685,-0.5685,-0.5685,-0.57,-0.5705,-0.5705,-0.571,-0.5716,-0.572,-0.5735,-0.573,-0.574,-0.575,-0.575,-0.5785,-0.5765,-0.559,-0.535,-0.4991,-0.45875,-0.41175,-0.36,-0.305,-0.25,-0.195,-0.14325,-0.01325,0.0945,0.111,0.086,0.0302,-0.021
2021-08-13,-0.5685,-0.5685,-0.569,-0.57,-0.5703,-0.571,-0.5713,-0.5719,-0.5723,-0.572,-0.574,-0.5735,-0.574,-0.57425,-0.576,-0.574,-0.558,-0.536,-0.506,-0.467,-0.423,-0.37175,-0.317,-0.26275,-0.209,-0.15675,-0.0275,0.0805,0.0965,0.0715,0.016,-0.033
2021-08-16,-0.569,-0.56915,-0.56935,-0.57045,-0.5713,-0.5715,-0.573,-0.5727,-0.573,-0.573,-0.57355,-0.574,-0.57425,-0.575,-0.577,-0.574,-0.559,-0.537,-0.507,-0.468,-0.4217,-0.37,-0.3156,-0.2606,-0.205,-0.153,-0.024,0.084,0.101,0.075,0.0217,-0.026
2021-08-17,-0.57,-0.5699,-0.56965,-0.5711,-0.572,-0.5724,-0.5725,-0.5732,-0.5736,-0.5737,-0.5741,-0.5746,-0.5745,-0.5755,-0.5765,-0.574,-0.56,-0.537,-0.50625,-0.467,-0.422,-0.37025,-0.31695,-0.26165,-0.20635,-0.15485,-0.028,0.084,0.09925,0.07515,0.022,-0.022
2021-08-18,-0.569,-0.5695,-0.56965,-0.571,-0.5725,-0.5731,-0.5735,-0.5739,-0.5735,-0.5744,-0.5752,-0.5755,-0.5764,-0.5773,-0.5796,-0.5772,-0.564,-0.54,-0.511,-0.472,-0.425,-0.375,-0.321,-0.266,-0.2103,-0.15845,-0.028,0.082,0.098,0.073,0.018,-0.02
2021-08-19,-0.57,-0.5705,-0.571,-0.572,-0.573,-0.573,-0.574,-0.5746,-0.5753,-0.5765,-0.5765,-0.5775,-0.5785,-0.579,-0.582,-0.58,-0.56675,-0.544,-0.517,-0.479,-0.43335,-0.3836,-0.33,-0.2751,-0.22005,-0.169,-0.04045,0.0669,0.083,0.0575,0.003,-0.035
2021-08-20,-0.57,-0.5701,-0.571,-0.572,-0.573,-0.573,-0.5736,-0.574,-0.5755,-0.5755,-0.577,-0.5765,-0.5775,-0.579,-0.581,-0.58,-0.567,-0.546,-0.519,-0.483,-0.438,-0.39,-0.33575,-0.282,-0.228,-0.177,-0.047,0.0616,0.07675,0.053,-0.0028,-0.04
2021-08-23,-0.57,-0.57,-0.571,-0.572,-0.5729,-0.5737,-0.574,-0.5751,-0.5756,-0.5761,-0.577,-0.578,-0.579,-0.57975,-0.582,-0.579,-0.566,-0.54375,-0.51635,-0.47825,-0.435,-0.38225,-0.33,-0.27475,-0.22,-0.16975,-0.03955,0.06825,0.08625,0.065,0.01,-0.031
2021-08-24,-0.57,-0.5699,-0.5706,-0.5723,-0.573,-0.5739,-0.574,-0.5752,-0.576,-0.577,-0.578,-0.5785,-0.5793,-0.5803,-0.583,-0.581,-0.566,-0.545,-0.516,-0.48,-0.434,-0.383,-0.32915,-0.2741,-0.2192,-0.1676,-0.03735,0.0725,0.0917,0.069,0.012,-0.026
2021-08-25,-0.5695,-0.569,-0.57,-0.5707,-0.5716,-0.5725,-0.5735,-0.5741,-0.5746,-0.5755,-0.5754,-0.5761,-0.577,-0.57875,-0.581,-0.5757,-0.5562,-0.526,-0.493,-0.45,-0.40025,-0.34525,-0.29015,-0.231,-0.1748,-0.12,0.01275,0.124,0.1446,0.124,0.072,0.038
2021-08-26,-0.569,-0.5695,-0.5706,-0.5714,-0.5722,-0.5725,-0.5725,-0.5734,-0.5735,-0.574,-0.574,-0.5745,-0.575,-0.576,-0.575,-0.569,-0.5467,-0.516,-0.47925,-0.435,-0.386,-0.33035,-0.27175,-0.213,-0.156,-0.104,0.028,0.141,0.16,0.137,0.086,0.039
2021-08-27,-0.57,-0.5695,-0.5702,-0.571,-0.5714,-0.5719,-0.5725,-0.57275,-0.5731,-0.573,-0.5736,-0.574,-0.5745,-0.5751,-0.575,-0.578,-0.54925,-0.5176,-0.4813,-0.435,-0.386,-0.331,-0.273,-0.215,-0.158,-0.104,0.032,0.147,0.167,0.1462,0.08835,0.045
2021-08-30,-0.5685,-0.56865,-0.5707,-0.571,-0.5725,-0.57245,-0.573,-0.5734,-0.5733,-0.5733,-0.5736,-0.5745,-0.5744,-0.575,-0.5749,-0.571,-0.5511,-0.52575,-0.4938,-0.45075,-0.40115,-0.34695,-0.28965,-0.2318,-0.1742,-0.1198,0.01205,0.12575,0.14725,0.12675,0.078,0.04
2021-08-31,-0.5695,-0.5695,-0.5706,-0.571,-0.572,-0.5725,-0.5727,-0.572,-0.5725,-0.572,-0.5725,-0.5724,-0.5723,-0.572,-0.57,-0.56255,-0.5394,-0.507,-0.469,-0.423,-0.367,-0.31,-0.251,-0.192,-0.135,-0.0792,0.0553,0.16925,0.19105,0.168,0.121,0.071
2021-09-01,-0.569,-0.5694,-0.571,-0.572,-0.572,-0.569,-0.5725,-0.5725,-0.5725,-0.5726,-0.5724,-0.5725,-0.5725,-0.57225,-0.57,-0.5635,-0.54,-0.505,-0.464,-0.416,-0.36,-0.30175,-0.24,-0.18,-0.121,-0.06625,0.07,0.185,0.207,0.18775,0.132,0.096
2021-09-02,-0.569,-0.5701,-0.5711,-0.5717,-0.5721,-0.5731,-0.5734,-0.5734,-0.5735,-0.5735,-0.573,-0.5735,-0.5738,-0.574,-0.573,-0.56615,-0.5448,-0.5125,-0.473,-0.423,-0.366,-0.30325,-0.24295,-0.184,-0.124,-0.06675,0.07085,0.18735,0.20925,0.189,0.1366,0.095
2021-09-03,-0.569,-0.57045,-0.5716,-0.572,-0.5725,-0.5725,-0.5729,-0.57325,-0.5725,-0.572,-0.572,-0.573,-0.572,-0.573,-0.5705,-0.563,-0.53775,-0.501,-0.456,-0.404,-0.3469,-0.28425,-0.222,-0.16,-0.1,-0.045,0.094,0.211,0.2345,0.215,0.165,0.12
2021-09-06,-0.569,-0.5707,-0.5715,-0.572,-0.5731,-0.5734,-0.5734,-0.5729,-0.573,-0.5728,-0.573,-0.5724,-0.5722,-0.572,-0.5686,-0.561,-0.53265,-0.496,-0.45265,-0.402,-0.34525,-0.285,-0.223,-0.162,-0.10285,-0.04545,0.09295,0.21155,0.23465,0.216,0.164,0.115
2021-09-07,-0.56995,-0.57,-0.5705,-0.5705,-0.571,-0.5715,-0.571,-0.572,-0.5705,-0.57,-0.57,-0.568,-0.5685,-0.56875,-0.564,-0.55105,-0.517,-0.475,-0.428,-0.375,-0.316,-0.2541,-0.19105,-0.12925,-0.07,-0.015,0.12285,0.23825,0.261,0.242,0.187,0.14
2021-09-08,-0.57,-0.5706,-0.5714,-0.57115,-0.57135,-0.571,-0.57125,-0.5705,-0.5701,-0.5694,-0.568,-0.5684,-0.567,-0.5669,-0.5623,-0.55015,-0.515,-0.474,-0.427,-0.372,-0.315,-0.253,-0.19,-0.127,-0.069,-0.014,0.12,0.234,0.25585,0.234,0.185,0.134
2021-09-09,-0.5715,-0.5715,-0.572,-0.57195,-0.57185,-0.57195,-0.57215,-0.572,-0.572,-0.57075,-0.569,-0.57,-0.56955,-0.56875,-0.567,-0.561,-0.523,-0.48925,-0.448,-0.3975,-0.343,-0.2837,-0.221,-0.161,-0.104,-0.0487,0.085,0.201,0.2235,0.204,0.15,0.097
2021-09-10,-0.5715,-0.5715,-0.5715,-0.572,-0.5715,-0.5711,-0.5713,-0.5705,-0.572,-0.5685,-0.568,-0.567,-0.5662,-0.56675,-0.56,-0.555,-0.5118,-0.471,-0.424,-0.3707,-0.31325,-0.251,-0.189,-0.12755,-0.069,-0.01375,0.1217,0.23715,0.2596,0.24,0.18515,0.132
2021-09-13,-0.571,-0.5707,-0.571,-0.57075,-0.571,-0.57105,-0.5705,-0.5703,-0.56895,-0.56795,-0.56695,-0.567,-0.56525,-0.56455,-0.55815,-0.545,-0.50935,-0.46725,-0.422,-0.369,-0.31,-0.2487,-0.1868,-0.124,-0.066,-0.01035,0.1247,0.24315,0.266,0.24695,0.192,0.14
2021-09-14,-0.571,-0.5709,-0.5709,-0.57075,-0.57085,-0.57105,-0.571,-0.5708,-0.5698,-0.571,-0.571,-0.571,-0.566,-0.56525,-0.5597,-0.548,-0.513,-0.4735,-0.42725,-0.37575,-0.31925,-0.25925,-0.199,-0.139,-0.077,-0.026,0.11,0.227,0.25125,0.23175,0.1778,0.122
2021-09-15,-0.5703,-0.5709,-0.5705,-0.5707,-0.5706,-0.5705,-0.5705,-0.5703,-0.5695,-0.5684,-0.5674,-0.5662,-0.565,-0.564,-0.5567,-0.54255,-0.5061,-0.461,-0.412,-0.357,-0.297,-0.23375,-0.17,-0.108,-0.046,0.006,0.144,0.262,0.2865,0.268,0.214,0.161
2021-09-16,-0.5707,-0.57095,-0.5705,-0.57125,-0.57125,-0.57205,-0.5723,-0.57275,-0.571,-0.57,-0.56915,-0.569,-0.56615,-0.565,-0.5567,-0.54255,-0.50185,-0.45675,-0.406,-0.349,-0.289,-0.227,-0.162,-0.098,-0.037,0.016,0.155,0.2735,0.2985,0.28,0.226,0.171
2021-09-17,-0.57075,-0.5709,-0.5709,-0.571,-0.5713,-0.5716,-0.57165,-0.57155,-0.5705,-0.57,-0.5691,-0.5675,-0.567,-0.56475,-0.55465,-0.5405,-0.497,-0.446,-0.391,-0.332,-0.268,-0.204,-0.13675,-0.07325,-0.014,0.042,0.18,0.297,0.322,0.306,0.2529,0.202
2021-09-20,-0.571,-0.5709,-0.57065,-0.571,-0.571,-0.5707,-0.571,-0.5712,-0.5706,-0.57,-0.569,-0.5683,-0.5673,-0.5661,-0.557,-0.5443,-0.5072,-0.46025,-0.40875,-0.354,-0.295,-0.23225,-0.16975,-0.10825,-0.046,0.005,0.141,0.258,0.2825,0.2645,0.219,0.165
2021-09-21,-0.57,-0.57045,-0.5705,-0.57055,-0.57055,-0.5707,-0.5705,-0.57035,-0.57005,-0.5703,-0.56965,-0.569,-0.5677,-0.5664,-0.5585,-0.5455,-0.5105,-0.46325,-0.411,-0.354,-0.295,-0.233,-0.17,-0.11,-0.053,0.003,0.136,0.251,0.275,0.255,0.2034,0.157
2021-09-22,-0.57095,-0.57095,-0.5709,-0.571,-0.571,-0.57065,-0.57085,-0.5708,-0.57045,-0.5695,-0.56905,-0.568,-0.567,-0.565,-0.5575,-0.5445,-0.50925,-0.46425,-0.41375,-0.36025,-0.30375,-0.243,-0.18275,-0.124,-0.06695,-0.013,0.121,0.233,0.254,0.235,0.179,0.13
2021-09-23,-0.571,-0.5709,-0.5701,-0.5704,-0.5703,-0.5705,-0.5701,-0.56975,-0.5695,-0.569,-0.5677,-0.5666,-0.5651,-0.56325,-0.553,-0.53415,-0.485,-0.429,-0.36925,-0.30925,-0.24875,-0.18675,-0.125,-0.06425,-0.008,0.045,0.17875,0.2905,0.311,0.29,0.237,0.186
2021-09-24,-0.571,-0.5709,-0.5709,-0.571,-0.571,-0.5705,-0.569,-0.5699,-0.569,-0.5684,-0.5675,-0.5665,-0.565,-0.5634,-0.5516,-0.534,-0.4815,-0.42175,-0.35775,-0.2947,-0.229,-0.165,-0.09955,-0.035,0.022,0.07675,0.20915,0.32,0.3432,0.324,0.271,0.225
2021-09-27,-0.57,-0.57,-0.57,-0.5695,-0.5695,-0.5698,-0.5696,-0.56965,-0.569,-0.568,-0.568,-0.566,-0.5658,-0.5638,-0.5515,-0.532,-0.4795,-0.418,-0.353,-0.28775,-0.222,-0.157,-0.091,-0.02925,0.028,0.082,0.21525,0.327,0.34925,0.33,0.2757,0.227
2021-09-28,-0.572,-0.5719,-0.5715,-0.5695,-0.5695,-0.5705,-0.5701,-0.5695,-0.5685,-0.568,-0.567,-0.566,-0.5635,-0.562,-0.552,-0.5295,-0.476,-0.409,-0.34,-0.273,-0.203,-0.137,-0.07,-0.00725,0.049,0.10275,0.23425,0.343,0.362,0.339,0.28105,0.24
2021-09-29,-0.569,-0.569,-0.56925,-0.5695,-0.5693,-0.5696,-0.5701,-0.5693,-0.5687,-0.5684,-0.5673,-0.5657,-0.5635,-0.562,-0.55,-0.531,-0.481,-0.415,-0.351,-0.283,-0.21435,-0.147,-0.081,-0.018,0.041,0.094,0.2257,0.33265,0.3524,0.331,0.2752,0.234
2021-09-30,-0.5705,-0.5705,-0.5705,-0.57,-0.5685,-0.5695,-0.56925,-0.56825,-0.568,-0.56795,-0.566,-0.566,-0.56385,-0.562,-0.551,-0.533,-0.48025,-0.416,-0.35,-0.282,-0.21285,-0.144,-0.0761,-0.012,0.046,0.1,0.234,0.34575,0.366,0.34535,0.2907,0.235
2021-10-01,-0.57,-0.5699,-0.5698,-0.5696,-0.56985,-0.569,-0.569,-0.56985,-0.56955,-0.569,-0.56815,-0.567,-0.5648,-0.56325,-0.554,-0.5385,-0.4885,-0.42775,-0.36175,-0.29325,-0.226,-0.156,-0.088,-0.023,0.035,0.09075,0.2252,0.33825,0.36125,0.34175,0.28615,0.243
2021-10-04,-0.5699,-0.57,-0.5701,-0.57,-0.57,-0.5704,-0.5705,-0.57,-0.5703,-0.5695,-0.5687,-0.5675,-0.5662,-0.5645,-0.557,-0.541,-0.491,-0.42675,-0.3597,-0.293,-0.22175,-0.152,-0.08395,-0.019,0.04,0.09675,0.231,0.34675,0.371,0.3541,0.299,0.254
2021-10-05,-0.57,-0.5699,-0.5698,-0.56985,-0.57,-0.57,-0.5695,-0.5695,-0.569,-0.5689,-0.567,-0.5658,-0.5641,-0.562,-0.552,-0.532,-0.4781,-0.409,-0.33825,-0.269,-0.198,-0.127,-0.057,0.00925,0.06955,0.12475,0.261,0.377,0.402,0.3855,0.3359,0.282
2021-10-06,-0.57,-0.5705,-0.5697,-0.5695,-0.5693,-0.5693,-0.56885,-0.56775,-0.56705,-0.5655,-0.56365,-0.562,-0.5596,-0.5572,-0.546,-0.5245,-0.469,-0.403,-0.332,-0.261,-0.189,-0.118,-0.048,0.017,0.079,0.133,0.268,0.38375,0.40975,0.394,0.346,0.3
2021-10-07,-0.57,-0.5699,-0.5696,-0.5691,-0.569,-0.5687,-0.5685,-0.5674,-0.566,-0.5655,-0.563,-0.5601,-0.5576,-0.5549,-0.5403,-0.521,-0.466,-0.399,-0.3275,-0.255,-0.182,-0.1112,-0.041,0.024,0.085,0.141,0.278,0.396,0.422,0.407,0.359,0.308
2021-10-08,-0.5695,-0.5695,-0.5693,-0.56915,-0.569,-0.5685,-0.5685,-0.56725,-0.565,-0.5632,-0.5602,-0.557,-0.554,-0.54975,-0.531,-0.513,-0.44,-0.372,-0.299,-0.225,-0.149,-0.08,-0.009,0.06,0.122,0.177,0.316,0.4331,0.45925,0.4438,0.393,0.347
2021-10-11,-0.57,-0.5699,-0.5691,-0.56895,-0.5684,-0.569,-0.568,-0.56725,-0.565,-0.5639,-0.561,-0.5568,-0.5535,-0.54975,-0.528,-0.5,-0.41725,-0.341,-0.26385,-0.187,-0.1116,-0.04,0.03025,0.0958,0.157,0.21375,0.3507,0.46775,0.4918,0.47625,0.43,0.388
2021-10-12,-0.57,-0.5699,-0.5695,-0.569,-0.5684,-0.5685,-0.5685,-0.5666,-0.565,-0.5615,-0.56,-0.555,-0.552,-0.54625,-0.519,-0.48,-0.391,-0.31275,-0.232,-0.156,-0.083,-0.01275,0.05625,0.121,0.184,0.235,0.3715,0.479,0.499,0.47825,0.439,0.395
2021-10-13,-0.5699,-0.5699,-0.569,-0.569,-0.5686,-0.56845,-0.5682,-0.56675,-0.5657,-0.564,-0.563,-0.558,-0.555,-0.55,-0.525,-0.489,-0.3992,-0.32175,-0.24425,-0.175,-0.107,-0.042,0.021,0.08175,0.13375,0.18875,0.314,0.415,0.429,0.40475,0.35,0.31
2021-10-14,-0.56995,-0.56995,-0.5697,-0.56995,-0.5696,-0.5697,-0.5696,-0.56925,-0.569,-0.568,-0.567,-0.566,-0.564,-0.5595,-0.544,-0.515,-0.43825,-0.37,-0.305,-0.23625,-0.16875,-0.10475,-0.04175,0.01825,0.072,0.12375,0.25025,0.35275,0.36625,0.34125,0.2807,0.237
2021-10-15,-0.56995,-0.56995,-0.56945,-0.5696,-0.56925,-0.57,-0.56905,-0.568,-0.56675,-0.56515,-0.565,-0.5615,-0.56,-0.55545,-0.536,-0.503,-0.42275,-0.353,-0.282,-0.213,-0.14415,-0.078,-0.014,0.046,0.1,0.151,0.277,0.377,0.39,0.365,0.312,0.264
2021-10-18,-0.57,-0.5699,-0.5695,-0.5698,-0.569,-0.564,-0.5615,-0.5611,-0.555,-0.552,-0.548,-0.543,-0.538,-0.536,-0.492,-0.441,-0.358,-0.28425,-0.21775,-0.15725,-0.09875,-0.04,0.015,0.067,0.117,0.16325,0.2755,0.35675,0.35525,0.31675,0.254,0.213
2021-10-19,-0.57,-0.5699,-0.5699,-0.5698,-0.5695,-0.567,-0.56725,-0.5654,-0.5605,-0.558,-0.5545,-0.5505,-0.544,-0.543,-0.497,-0.442,-0.35,-0.276,-0.21,-0.14625,-0.082,-0.017,0.042,0.098,0.15,0.196,0.313,0.3994,0.4008,0.3651,0.301,0.249
2021-10-20,-0.57,-0.5705,-0.5705,-0.571,-0.5695,-0.57,-0.5687,-0.5674,-0.566,-0.566,-0.5618,-0.56,-0.556,-0.553,-0.523,-0.48,-0.394,-0.3185,-0.249,-0.18,-0.113,-0.047,0.015,0.073,0.127,0.173,0.292,0.383,0.387,0.354,0.289,0.229
2021-10-21,-0.571,-0.5706,-0.5705,-0.5708,-0.5695,-0.57,-0.568,-0.566,-0.563,-0.563,-0.558,-0.556,-0.55,-0.545,-0.503,-0.446,-0.352,-0.267,-0.193,-0.13,-0.067,-0.009,0.04895,0.102,0.151,0.1947,0.30285,0.381,0.377,0.339,0.2654,0.214
2021-10-22,-0.571,-0.5711,-0.57105,-0.573,-0.5697,-0.56965,-0.569,-0.566,-0.564,-0.5605,-0.559,-0.554,-0.549,-0.54475,-0.499,-0.439,-0.34175,-0.26875,-0.2,-0.13675,-0.075,-0.01675,0.04,0.091,0.13555,0.182,0.279,0.349,0.34,0.296,0.2155,0.1675
2021-10-25,-0.57,-0.5704,-0.5701,-0.5697,-0.57,-0.56965,-0.56905,-0.568,-0.56705,-0.566,-0.564,-0.56,-0.55655,-0.55375,-0.51805,-0.458,-0.359,-0.27975,-0.212,-0.14725,-0.083,-0.021,0.037,0.091,0.139,0.184,0.291,0.371,0.367,0.32675,0.249,0.189
2021-10-26,-0.57,-0.57,-0.5701,-0.5697,-0.56985,-0.57,-0.56935,-0.56775,-0.5665,-0.565,-0.56365,-0.561,-0.55745,-0.55275,-0.518,-0.454,-0.353,-0.27875,-0.212,-0.151,-0.09325,-0.03625,0.01875,0.07025,0.12,0.15975,0.26325,0.33875,0.333,0.29125,0.21735,0.157
2021-10-27,-0.5704,-0.57,-0.569,-0.5694,-0.5683,-0.568,-0.564,-0.5595,-0.555,-0.55,-0.545,-0.537,-0.53,-0.52825,-0.476,-0.42,-0.342,-0.292,-0.244,-0.196,-0.14775,-0.098,-0.049,-0.004,0.0375,0.079,0.176,0.243,0.232,0.1855,0.09815,0.045
2021-10-28,-0.5693,-0.569,-0.5693,-0.571,-0.568,-0.569,-0.564,-0.5564,-0.553,-0.547,-0.54,-0.53,-0.519,-0.50625,-0.442,-0.369,-0.29225,-0.24745,-0.203,-0.153,-0.101,-0.04935,0.00205,0.048,0.08835,0.1258,0.2133,0.26695,0.2463,0.1935,0.1,0.044
2021-10-29,-0.5693,-0.5691,-0.5693,-0.572,-0.568,-0.568,-0.565,-0.56175,-0.558,-0.552,-0.545,-0.535,-0.524,-0.51475,-0.428,-0.339,-0.247,-0.198,-0.15605,-0.11,-0.061,-0.0129,0.036,0.0793,0.11675,0.146,0.215,0.24,0.207,0.14155,0.036,-0.034
2021-11-01,-0.569,-0.5699,-0.5699,-0.5705,-0.569,-0.5685,-0.563,-0.5635,-0.561,-0.558,-0.553,-0.545,-0.536,-0.53025,-0.452,-0.368,-0.281,-0.218,-0.173,-0.125,-0.076,-0.0245,0.024,0.07,0.114,0.143,0.2205,0.25725,0.23075,0.1765,0.083,-0.007
2021-11-02,-0.571,-0.5709,-0.5709,-0.571,-0.5703,-0.5695,-0.567,-0.5655,-0.563,-0.5615,-0.5585,-0.553,-0.556,-0.5445,-0.504,-0.43,-0.34625,-0.2807,-0.23135,-0.185,-0.136,-0.084,-0.028,0.019,0.0649,0.1068,0.20035,0.25975,0.25285,0.2122,0.135,0.073
2021-11-03,-0.571,-0.5709,-0.5709,-0.5708,-0.5708,-0.5708,-0.568,-0.5639,-0.569,-0.566,-0.562,-0.557,-0.549,-0.52775,-0.484,-0.415,-0.331,-0.27025,-0.22,-0.174,-0.126,-0.075,-0.02125,0.027,0.07,0.11125,0.2005,0.255,0.244,0.206,0.138,0.07
2021-11-04,-0.5711,-0.5707,-0.5707,-0.5705,-0.571,-0.569,-0.569,-0.565,-0.561,-0.558,-0.552,-0.5475,-0.545,-0.54125,-0.51,-0.468,-0.39925,-0.344,-0.303,-0.249,-0.194,-0.135,-0.077,-0.019,0.029,0.076,0.182,0.262,0.266,0.241,0.1897,0.125
2021-11-05,-0.57105,-0.57105,-0.57135,-0.57,-0.5705,-0.57,-0.568,-0.56425,-0.561,-0.557,-0.568,-0.547,-0.541,-0.555,-0.503,-0.46,-0.396,-0.34825,-0.30675,-0.26325,-0.216,-0.164,-0.112,-0.0615,-0.015,0.027,0.128,0.19575,0.196,0.16525,0.10575,0.055
2021-11-08,-0.57115,-0.57115,-0.5715,-0.5715,-0.5715,-0.5706,-0.569,-0.56625,-0.575,-0.558,-0.552,-0.546,-0.541,-0.536,-0.506,-0.453,-0.369,-0.323,-0.279,-0.234,-0.183,-0.12825,-0.07425,-0.022,0.026,0.069,0.168,0.24,0.241,0.21,0.152,0.094
2021-11-09,-0.57215,-0.57215,-0.5725,-0.5724,-0.572,-0.5714,-0.569,-0.5658,-0.573,-0.571,-0.569,-0.549,-0.561,-0.53975,-0.501,-0.467,-0.38875,-0.345,-0.307,-0.269,-0.225,-0.175,-0.123,-0.075,-0.033,0.006,0.092,0.14325,0.128,0.088,0.02005,-0.044
2021-11-10,-0.5725,-0.5725,-0.5725,-0.5722,-0.5718,-0.571,-0.57,-0.566,-0.563,-0.56,-0.553,-0.561,-0.554,-0.53225,-0.478,-0.409,-0.32225,-0.272,-0.236,-0.197,-0.151,-0.10575,-0.05325,-0.0055,0.035,0.07175,0.15625,0.205,0.18925,0.14625,0.07685,0.017
2021-11-11,-0.57285,-0.57285,-0.57315,-0.5726,-0.573,-0.5735,-0.5725,-0.571,-0.569,-0.59,-0.558,-0.5519,-0.542,-0.534,-0.477,-0.394,-0.29225,-0.244,-0.206,-0.171,-0.12925,-0.08375,-0.036,0.01175,0.049,0.08775,0.1675,0.20925,0.19075,0.14525,0.074,0.027
2021-11-12,-0.57435,-0.57435,-0.57465,-0.5727,-0.573,-0.5725,-0.571,-0.569,-0.5683,-0.562,-0.558,-0.554,-0.547,-0.53925,-0.491,-0.43,-0.34425,-0.287,-0.24675,-0.20425,-0.1595,-0.10525,-0.053,-0.003,0.044,0.08475,0.175,0.22875,0.216,0.176,0.1117,0.058
2021-11-15,-0.5735,-0.5735,-0.5735,-0.5721,-0.573,-0.572,-0.5705,-0.56975,-0.5675,-0.565,-0.561,-0.5565,-0.5525,-0.54725,-0.495,-0.435,-0.35125,-0.29,-0.243,-0.198,-0.149,-0.09525,-0.041,0.01,0.053,0.098,0.19275,0.25125,0.2415,0.20375,0.135,0.072
2021-11-16,-0.5735,-0.5735,-0.5735,-0.572,-0.5738,-0.5737,-0.571,-0.56925,-0.5684,-0.5655,-0.5615,-0.558,-0.553,-0.547,-0.493,-0.438,-0.35175,-0.293,-0.24925,-0.20275,-0.149,-0.098,-0.04,0.014,0.062,0.104,0.201,0.266,0.26025,0.226,0.17,0.107
2021-11-17,-0.57355,-0.57405,-0.574,-0.5746,-0.5739,-0.5737,-0.5724,-0.57075,-0.569,-0.568,-0.5642,-0.564,-0.558,-0.554,-0.508,-0.4525,-0.367,-0.31,-0.267,-0.217,-0.16465,-0.10745,-0.052,0.00475,0.053,0.096,0.194,0.2575,0.251,0.217,0.15795,0.109
2021-11-18,-0.576,-0.5759,-0.576,-0.5761,-0.5753,-0.57445,-0.5724,-0.57,-0.56785,-0.56595,-0.56405,-0.5619,-0.559,-0.555,-0.514,-0.462,-0.376,-0.315,-0.27,-0.22325,-0.174,-0.12,-0.06475,-0.01175,0.034,0.076,0.17125,0.23,0.222,0.183,0.117,0.07
2021-11-19,-0.5748,-0.5753,-0.5755,-0.574,-0.5755,-0.5741,-0.572,-0.5705,-0.5685,-0.567,-0.5655,-0.56305,-0.5615,-0.55925,-0.527,-0.474,-0.398,-0.352,-0.315,-0.271,-0.222,-0.172,-0.117,-0.063,-0.019,0.027,0.125,0.188,0.18,0.143,0.075,0.032
2021-11-22,-0.5775,-0.57735,-0.576,-0.576,-0.576,-0.574,-0.5715,-0.56875,-0.567,-0.565,-0.567,-0.564,-0.562,-0.55225,-0.517,-0.467,-0.38275,-0.33,-0.286,-0.243,-0.194,-0.141,-0.086,-0.033,0.0135,0.06,0.159,0.222,0.213,0.176,0.10605,0.0645
2021-11-23,-0.5792,-0.579,-0.5786,-0.5785,-0.578,-0.5755,-0.573,-0.572,-0.56605,-0.567,-0.556,-0.557,-0.552,-0.544,-0.505,-0.445,-0.358,-0.297,-0.24575,-0.19325,-0.13825,-0.0825,-0.024,0.037,0.081,0.13,0.23075,0.295,0.285,0.247,0.17265,0.116
2021-11-24,-0.5795,-0.57935,-0.5787,-0.58,-0.58,-0.578,-0.57525,-0.57225,-0.5688,-0.566,-0.5617,-0.559,-0.557,-0.553,-0.513,-0.457,-0.368,-0.303,-0.248,-0.199,-0.144,-0.08525,-0.02525,0.034,0.08465,0.132,0.236,0.303,0.294,0.255,0.189,0.135
2021-11-25,-0.5777,-0.5779,-0.5777,-0.5788,-0.578,-0.582,-0.571,-0.57285,-0.5704,-0.5673,-0.564,-0.559,-0.556,-0.55425,-0.515,-0.471,-0.377,-0.3138,-0.26445,-0.21255,-0.1577,-0.0994,-0.03795,0.019,0.071,0.118,0.223,0.287,0.27655,0.235,0.1691,0.118
2021-11-26,-0.578,-0.57795,-0.5781,-0.5805,-0.5795,-0.5785,-0.5775,-0.573,-0.574,-0.5725,-0.571,-0.5695,-0.568,-0.5665,-0.541,-0.497,-0.432,-0.37395,-0.333,-0.286,-0.232,-0.17635,-0.118,-0.06185,-0.009,0.03985,0.148,0.2123,0.2,0.159,0.094,0.051
2021-11-29,-0.57705,-0.5771,-0.5812,-0.5799,-0.579,-0.5775,-0.57585,-0.575,-0.5711,-0.56935,-0.56725,-0.566,-0.564,-0.562,-0.5323,-0.489,-0.40675,-0.34875,-0.301,-0.2508,-0.19845,-0.14235,-0.08275,-0.02575,0.027,0.075,0.181,0.24,0.227,0.18375,0.1145,0.075
2021-11-30,-0.5755,-0.5755,-0.5805,-0.58,-0.5797,-0.579,-0.577,-0.577,-0.579,-0.572,-0.569,-0.567,-0.567,-0.561,-0.525,-0.485,-0.39925,-0.347,-0.305,-0.264,-0.216,-0.164,-0.109,-0.05775,-0.0085,0.036,0.13175,0.179,0.15775,0.108,0.032,-0.005
2021-12-01,-0.5755,-0.57595,-0.582,-0.577,-0.581,-0.579,-0.579,-0.576,-0.572,-0.57015,-0.567,-0.56395,-0.56,-0.55625,-0.522,-0.479,-0.38875,-0.33625,-0.3,-0.259,-0.216,-0.167,-0.114,-0.064,-0.012,0.028,0.12,0.166,0.141,0.091,0.01465,-0.021
2021-12-02,-0.57595,-0.5759,-0.582,-0.578,-0.5802,-0.57845,-0.576,-0.57325,-0.5713,-0.568,-0.56535,-0.562,-0.56,-0.55525,-0.515,-0.475,-0.39175,-0.348,-0.314,-0.274,-0.22925,-0.18025,-0.12725,-0.07475,-0.0255,0.01875,0.115,0.164,0.14325,0.09475,0.017,-0.024
2021-12-03,-0.57715,-0.5765,-0.5822,-0.58215,-0.5811,-0.57825,-0.577,-0.5747,-0.573,-0.57,-0.564,-0.56385,-0.562,-0.569,-0.53,-0.47,-0.39595,-0.351,-0.318,-0.2805,-0.23525,-0.187,-0.133,-0.083,-0.035,0.01075,0.1055,0.15125,0.1329,0.07875,0.00685,-0.043
2021-12-06,-0.5765,-0.57725,-0.583,-0.583,-0.582,-0.5799,-0.5778,-0.57575,-0.57245,-0.5685,-0.56455,-0.5612,-0.555,-0.55125,-0.509,-0.475,-0.396,-0.34475,-0.309,-0.272,-0.227,-0.178,-0.125,-0.076,-0.034,0.01525,0.1085,0.157,0.13475,0.087,-0.0001,-0.028
2021-12-07,-0.57995,-0.5799,-0.59,-0.583,-0.585,-0.581,-0.579,-0.57755,-0.573,-0.569,-0.565,-0.56,-0.556,-0.55125,-0.5105,-0.455,-0.384,-0.334,-0.296,-0.263,-0.2278,-0.185,-0.13025,-0.084,-0.0375,0.003,0.096,0.13905,0.117,0.069,-0.0101,-0.055
2021-12-08,-0.57945,-0.5805,-0.5898,-0.5883,-0.5849,-0.5825,-0.579,-0.57725,-0.572,-0.568,-0.562,-0.557,-0.553,-0.54845,-0.501,-0.457,-0.36625,-0.305,-0.26475,-0.22875,-0.18725,-0.14295,-0.08875,-0.039,0.008,0.053,0.146,0.198,0.179,0.134,0.056,0.006
2021-12-09,-0.582,-0.5805,-0.59,-0.5865,-0.584,-0.581,-0.578,-0.57525,-0.572,-0.566,-0.564,-0.559,-0.554,-0.54875,-0.514,-0.47,-0.391,-0.334,-0.296,-0.25825,-0.21575,-0.16775,-0.11625,-0.06425,-0.019,0.029,0.126,0.185,0.172,0.132,0.05095,-0.029
2021-12-10,-0.58205,-0.5829,-0.591,-0.5865,-0.5827,-0.58,-0.577,-0.5747,-0.575,-0.572,-0.565,-0.561,-0.56,-0.55375,-0.518,-0.477,-0.392,-0.333,-0.292,-0.253,-0.216,-0.17,-0.119,-0.067,-0.018,0.028,0.127,0.19,0.1793,0.143,0.07485,-0.005
2021-12-13,-0.5805,-0.582,-0.575,-0.58615,-0.5827,-0.579,-0.585,-0.57325,-0.571,-0.563,-0.566,-0.562,-0.559,-0.55475,-0.521,-0.462,-0.395,-0.344,-0.312,-0.27675,-0.239,-0.195,-0.14625,-0.097,-0.0485,-0.003,0.096,0.16025,0.15125,0.115,0.047,-0.035
2021-12-14,-0.5805,-0.5815,-0.59,-0.585,-0.582,-0.5781,-0.576,-0.575,-0.57,-0.568,-0.557,-0.551,-0.546,-0.553,-0.517,-0.47,-0.389,-0.336,-0.303,-0.2663,-0.22785,-0.18435,-0.136,-0.087,-0.038,0.006,0.101,0.169,0.161,0.125,0.058,-0.024
2021-12-15,-0.5805,-0.58115,-0.59195,-0.5845,-0.5817,-0.579,-0.576,-0.57375,-0.5694,-0.5666,-0.5628,-0.5585,-0.5527,-0.54525,-0.50275,-0.45,-0.36375,-0.31575,-0.285,-0.24975,-0.21225,-0.16825,-0.122,-0.072,-0.0245,0.02075,0.12,0.188,0.182,0.14725,0.07585,-0.004
2021-12-16,-0.5795,-0.58,-0.587,-0.598,-0.58,-0.578,-0.575,-0.575,-0.574,-0.573,-0.573,-0.568,-0.553,-0.548,-0.519,-0.46,-0.38575,-0.33105,-0.296,-0.262,-0.2195,-0.17585,-0.128,-0.076,-0.027,0.018,0.1215,0.197,0.1945,0.166,0.102,0.046
2021-12-17,-0.57945,-0.6005,-0.589,-0.583,-0.5802,-0.57825,-0.597,-0.5758,-0.576,-0.574,-0.5724,-0.57005,-0.568,-0.574,-0.521,-0.4826,-0.4,-0.346,-0.311,-0.275,-0.23575,-0.19075,-0.142,-0.09075,-0.0445,0.00225,0.105,0.181,0.17975,0.14975,0.084,-0.008
2021-12-20,-0.5795,-0.5965,-0.5861,-0.5819,-0.5799,-0.576,-0.575,-0.575,-0.573,-0.565,-0.57,-0.5685,-0.566,-0.563,-0.528,-0.469,-0.3941,-0.343,-0.30375,-0.2649,-0.22125,-0.1735,-0.12,-0.06625,-0.01695,0.03025,0.136,0.218,0.221,0.196,0.137,0.036
2021-12-21,-0.57895,-0.5955,-0.5863,-0.5815,-0.579,-0.577,-0.575,-0.573,-0.57,-0.567,-0.5645,-0.562,-0.55915,-0.555,-0.504,-0.454,-0.37175,-0.312,-0.269,-0.225,-0.17775,-0.125,-0.06925,-0.015,0.0363,0.086,0.197,0.283,0.287,0.265,0.211,0.134
2021-12-22,-0.576,-0.5942,-0.5845,-0.5805,-0.578,-0.575,-0.573,-0.571,-0.568,-0.562,-0.562,-0.56,-0.557,-0.55,-0.502,-0.435,-0.3466,-0.288,-0.246,-0.204,-0.16,-0.11,-0.056,-0.0035,0.049,0.09595,0.20515,0.28785,0.2918,0.26785,0.21735,0.116
2021-12-23,-0.61225,-0.59505,-0.5845,-0.5805,-0.576,-0.575,-0.572,-0.5698,-0.567,-0.564,-0.557,-0.5545,-0.5485,-0.54475,-0.492,-0.432,-0.33125,-0.263,-0.216,-0.17,-0.122,-0.07,-0.014,0.042,0.094,0.14,0.25,0.335,0.338,0.313,0.263,0.187
2021-12-24,-0.61,-0.5939,-0.584,-0.58,-0.577,-0.575,-0.573,-0.5708,-0.5682,-0.5649,-0.561,-0.556,-0.549,-0.547,-0.494,-0.43,-0.322,,,,,,,,,,,,,,,
2021-12-27,-0.588,-0.588,-0.582,-0.582,-0.578,-0.581,-0.579,-0.5746,-0.5719,-0.567,-0.563,-0.557,-0.549,-0.544,-0.486,-0.421,-0.31175,-0.2492,-0.201,-0.16,-0.115,-0.067,-0.014,0.04,0.093,0.14,0.249,0.331,0.332,0.303,0.25,0.162
2021-12-28,-0.6105,-0.5925,-0.58225,-0.578,-0.5765,-0.5755,-0.575,-0.5735,-0.571,-0.566,-0.5618,-0.555,-0.55,-0.542,-0.479,-0.41,-0.29925,-0.236,-0.19455,-0.1517,-0.111,-0.062,-0.007,0.04675,0.099,0.145,0.254,0.3326,0.32875,0.29735,0.246,0.165
2021-12-29,-0.60695,-0.5903,-0.5805,-0.573,-0.57485,-0.576,-0.5725,-0.57,-0.567,-0.564,-0.558,-0.553,-0.5465,-0.53975,-0.477,-0.411,-0.29675,-0.22075,-0.167,-0.12,-0.069,-0.017,0.043,0.098,0.151,0.20125,0.31325,0.39425,0.391,0.36275,0.309,0.228
2021-12-30,-0.57525,-0.5753,-0.5755,-0.574,-0.573,-0.585,-0.574,-0.56875,-0.5665,-0.56325,-0.562,-0.55505,-0.549,-0.54175,-0.473,-0.402,-0.29495,-0.223,-0.172,-0.127,-0.081,-0.029,0.032,0.091,0.144,0.195,0.313,0.39525,0.394,0.365,0.313,0.201
2021-12-31,-0.57525,-0.5753,-0.57555,-0.5745,-0.573,-0.5716,-0.57055,-0.56875,-0.566,-0.564,-0.55925,-0.55545,-0.547,-0.54025,-0.466,-0.404,-0.28425,,,,,,,,,,,,,,,
2022-01-03,-0.57535,-0.57535,-0.57515,-0.577,-0.573,-0.573,-0.57,-0.5677,-0.56515,-0.565,-0.56,-0.554,-0.546,-0.538,-0.463,-0.389,-0.2731,-0.201,-0.14625,-0.1005,-0.05025,0.003,0.06145,0.123,0.177,0.23175,0.34135,0.42625,0.4216,0.39215,0.3408,0.259
2022-01-04,-0.5755,-0.5755,-0.5755,-0.57495,-0.5732,-0.572,-0.571,-0.56855,-0.5656,-0.564,-0.559,-0.5535,-0.548,-0.54025,-0.469,-0.403,-0.281,-0.201,-0.149,-0.103,-0.05485,-0.0024,0.06,0.11945,0.1734,0.22415,0.33985,0.426,0.426,0.4,0.348,0.266
2022-01-05,-0.5765,-0.5765,-0.5765,-0.57525,-0.5739,-0.57365,-0.57215,-0.5707,-0.56845,-0.571,-0.5615,-0.5565,-0.551,-0.543,-0.478,-0.402,-0.28875,-0.209,-0.156,-0.107,-0.055,0.002,0.06375,0.124,0.18,0.229,0.342,0.424,0.425,0.398,0.348,0.303
2022-01-06,-0.5765,-0.5765,-0.5765,-0.5765,-0.575,-0.574,-0.5725,-0.571,-0.569,-0.5655,-0.5605,-0.557,-0.552,-0.542,-0.468,-0.395,-0.26775,-0.186,-0.128,-0.07675,-0.02425,0.03275,0.09325,0.15175,0.20585,0.25075,0.3575,0.43075,0.42725,0.39725,0.34495,0.275
2022-01-07,-0.5765,-0.5765,-0.5765,-0.5765,-0.574,-0.573,-0.571,-0.569,-0.572,-0.56355,-0.558,-0.553,-0.545,-0.537,-0.458,-0.376,-0.24925,-0.16625,-0.11,-0.0575,-0.007,0.04775,0.10625,0.164,0.219,0.261,0.3645,0.433,0.42625,0.396,0.341,0.295
2022-01-10,-0.576,-0.576,-0.576,-0.5753,-0.574,-0.574,-0.57025,-0.568,-0.5651,-0.5624,-0.5569,-0.55085,-0.545,-0.536,-0.46,-0.373,-0.244,-0.156,-0.099,-0.04175,0.01,0.0655,0.12375,0.179,0.231,0.277,0.382,0.451,0.447,0.416,0.355,0.313
2022-01-11,-0.577,-0.57695,-0.5769,-0.5759,-0.57415,-0.57285,-0.579,-0.5681,-0.564,-0.56,-0.552,-0.545,-0.538,-0.528,-0.451,-0.359,-0.22375,-0.135,-0.075,-0.023,0.031,0.082,0.141,0.194,0.247,0.293,0.397,0.465,0.462,0.43225,0.374,0.326
2022-01-12,-0.57695,-0.576,-0.576,-0.57575,-0.5746,-0.573,-0.57165,-0.567,-0.562,-0.557,-0.55,-0.543,-0.536,-0.526,-0.451,-0.3695,-0.24425,-0.159,-0.10575,-0.05675,-0.005,0.05,0.106,0.159,0.213,0.25375,0.356,0.42225,0.417,0.386,0.329,0.2805
2022-01-13,-0.57695,-0.5769,-0.576,-0.575,-0.574,-0.573,-0.57135,-0.56695,-0.56245,-0.55735,-0.55,-0.544,-0.537,-0.52625,-0.4535,-0.374,-0.24675,-0.16725,-0.117,-0.07025,-0.02125,0.03,0.084,0.136,0.18455,0.228,0.326,0.386,0.3785,0.346,0.285,0.23
2022-01-14,-0.577,-0.5777,-0.5763,-0.575,-0.575,-0.571,-0.568,-0.563,-0.556,-0.55,-0.541,-0.568,-0.526,-0.513,-0.449,-0.344,-0.20125,-0.12175,-0.066,-0.017,0.033,0.086,0.142,0.195,0.242,0.287,0.384,0.447,0.43875,0.40475,0.34,0.284
2022-01-17,-0.5775,-0.5775,-0.57645,-0.5765,-0.574,-0.57155,-0.569,-0.563,-0.557,-0.551,-0.543,-0.566,-0.556,-0.514,-0.424,-0.334,-0.194,-0.11025,-0.054,-0.00625,0.041,0.09475,0.14925,0.20175,0.249,0.29125,0.387,0.44775,0.43875,0.405,0.336,0.288
2022-01-18,-0.5775,-0.5775,-0.577,-0.576,-0.574,-0.57225,-0.5699,-0.5635,-0.556,-0.5503,-0.542,-0.564,-0.524,-0.513,-0.438,-0.331,-0.1883,-0.107,-0.04885,0.00135,0.0532,0.10765,0.1654,0.2168,0.26555,0.3073,0.40415,0.4645,0.45435,0.42155,0.3559,0.30475
2022-01-19,-0.5775,-0.5775,-0.577,-0.5757,-0.574,-0.611,-0.5701,-0.56475,-0.556,-0.5513,-0.543,-0.535,-0.5274,-0.515,-0.447,-0.343,-0.202,-0.111,-0.05225,0.002,0.05375,0.10525,0.16225,0.215,0.263,0.30625,0.40325,0.462,0.45125,0.414,0.34825,0.2935
2022-01-20,-0.5775,-0.5775,-0.5775,-0.57605,-0.5734,-0.572,-0.5689,-0.564,-0.5583,-0.5515,-0.5445,-0.5362,-0.5269,-0.51675,-0.4334,-0.344,-0.19975,-0.11225,-0.05325,-0.003,0.04975,0.10375,0.15925,0.21025,0.25765,0.3,0.395,0.45,0.436,0.40125,0.3349,0.283
2022-01-21,-0.57785,-0.5777,-0.578,-0.5752,-0.574,-0.572,-0.56845,-0.5652,-0.56,-0.554,-0.548,-0.54,-0.5315,-0.52125,-0.457,-0.355,-0.21055,-0.128,-0.07225,-0.022,0.029,0.08125,0.13425,0.18475,0.227,0.273,0.367,0.42175,0.40575,0.36675,0.29365,0.234
2022-01-24,-0.5775,-0.5775,-0.577,-0.5751,-0.574,-0.57215,-0.56925,-0.56725,-0.56025,-0.5536,-0.551,-0.54125,-0.53425,-0.52625,-0.452,-0.37,-0.232,-0.151,-0.1,-0.051,-0.00011,0.054,0.106,0.158,0.205,0.24675,0.3415,0.397,0.3822,0.34575,0.273,0.21
2022-01-25,-0.5775,-0.57735,-0.576,-0.5754,-0.574,-0.5725,-0.5685,-0.56425,-0.5575,-0.55345,-0.548,-0.53875,-0.53175,-0.52075,-0.442,-0.357,-0.22045,-0.13275,-0.075,-0.025,0.028,0.083,0.137,0.189,0.24,0.279,0.375,0.433,0.4185,0.381,0.313,0.248
2022-01-26,-0.578,-0.57735,-0.577,-0.5755,-0.574,-0.57105,-0.5665,-0.56475,-0.55775,-0.55225,-0.54625,-0.53725,-0.52975,-0.516,-0.434,-0.346,-0.208,-0.123,-0.066,-0.0163,0.036,0.08975,0.14325,0.19475,0.2404,0.28575,0.382,0.44025,0.42725,0.392,0.32,0.256
2022-01-27,-0.5772,-0.57585,-0.5765,-0.5743,-0.573,-0.57085,-0.5675,-0.56375,-0.556,-0.55025,-0.542,-0.5341,-0.52455,-0.51025,-0.418,-0.32,-0.17175,-0.09125,-0.041,0.002,0.05175,0.10025,0.1495,0.19675,0.239,0.28125,0.37,0.41655,0.39805,0.35725,0.28315,0.215
2022-01-28,-0.57695,-0.57605,-0.5754,-0.5745,-0.5721,-0.57045,-0.5675,-0.56125,-0.55335,-0.54625,-0.539,-0.528,-0.516,-0.5015,-0.401,-0.298,-0.14625,-0.065,-0.01,0.034,0.081,0.128,0.177,0.224,0.267,0.307,0.399,0.442,0.421,0.381,0.305,0.241
2022-01-31,-0.577,-0.5755,-0.575,-0.5715,-0.5715,-0.5685,-0.55865,-0.55475,-0.5444,-0.5325,-0.522,-0.50695,-0.49165,-0.47225,-0.353,-0.235,-0.07725,0.00175,0.051,0.09,0.13025,0.175,0.221,0.262,0.308,0.34125,0.427,0.468,0.446,0.402,0.33105,0.28
2022-02-01,-0.5765,-0.57535,-0.5745,-0.5735,-0.5715,-0.5695,-0.562,-0.55225,-0.54155,-0.53205,-0.522,-0.506,-0.49135,-0.475,-0.358,-0.239,-0.077,0.01025,0.062,0.10275,0.14325,0.18725,0.234,0.277,0.318,0.357,0.443,0.487,0.469,0.431,0.357,0.303
2022-02-02,-0.576,-0.5755,-0.5745,-0.5735,-0.572,-0.56785,-0.5615,-0.552,-0.5417,-0.531,-0.519,-0.5035,-0.4875,-0.467,-0.339,-0.213,-0.04575,0.04375,0.094,0.13205,0.17,0.21,0.255,0.29655,0.336,0.371,0.453,0.4877,0.46515,0.423,0.348,0.285
2022-02-03,-0.576,-0.5755,-0.5752,-0.573,-0.569,-0.566,-0.5543,-0.541,-0.52415,-0.5037,-0.481,-0.45995,-0.4322,-0.402,-0.222,-0.07,0.088,0.182,0.22725,0.255,0.282,0.315,0.35,0.38325,0.411,0.447,0.516,0.534,0.49975,0.44475,0.35785,0.302
2022-02-04,-0.5755,-0.5755,-0.575,-0.5735,-0.5678,-0.5625,-0.54805,-0.532,-0.516,-0.48855,-0.463,-0.437,-0.404,-0.37125,-0.158,0.012,0.1875,0.269,0.302,0.325,0.34925,0.37825,0.40875,0.438,0.473,0.495,0.559,0.567,0.526,0.469,0.382,0.297
2022-02-07,-0.5755,-0.57495,-0.57415,-0.573,-0.569,-0.562,-0.54855,-0.534,-0.51925,-0.49375,-0.47,-0.44505,-0.415,-0.383,-0.181,-0.016,0.18195,0.279,0.32625,0.357,0.385,0.418,0.452,0.48475,0.521,0.543,0.608,0.622,0.587,0.536,0.45,0.373
2022-02-08,-0.57535,-0.5749,-0.5749,-0.5725,-0.5663,-0.561,-0.5494,-0.539,-0.52025,-0.497,-0.473,-0.4481,-0.419,-0.38675,-0.178,-0.0031,0.201,0.31025,0.37,0.40525,0.439,0.475,0.511,0.547,0.57345,0.607,0.673,0.696,0.66925,0.624,0.536,0.466
2022-02-09,-0.57595,-0.5755,-0.5755,-0.573,-0.5675,-0.56215,-0.5535,-0.53975,-0.5265,-0.50485,-0.482,-0.46,-0.4325,-0.39675,-0.197,-0.028,0.165,0.27,0.32675,0.364,0.39925,0.43425,0.471,0.5065,0.54,0.56875,0.638,0.66275,0.63575,0.59125,0.51,0.432
2022-02-10,-0.57625,-0.57575,-0.57505,-0.5735,-0.5645,-0.5605,-0.5435,-0.522,-0.50825,-0.47975,-0.454,-0.42725,-0.39275,-0.357,-0.137,0.047,0.265,0.371,0.425,0.464,0.5,0.536,0.5738,0.608,0.63675,0.66,0.72035,0.7295,0.6955,0.648,0.559,0.489
2022-02-11,-0.5725,-0.5725,-0.572,-0.5665,-0.558,-0.5515,-0.5365,-0.5166,-0.49875,-0.46825,-0.443,-0.4165,-0.38125,-0.347,-0.112,0.0764,0.289,0.39255,0.443,0.482,0.521,0.559,0.598,0.635,0.6657,0.688,0.747,0.76,0.728,0.6818,0.593,0.492
2022-02-14,-0.575,-0.5745,-0.5749,-0.569,-0.5615,-0.555,-0.5398,-0.52225,-0.5035,-0.47475,-0.449,-0.4219,-0.388,-0.353,-0.115,0.074,0.277,0.377,0.428,0.47075,0.51475,0.55975,0.60075,0.64025,0.68,0.7015,0.76375,0.78275,0.75275,0.705,0.628,0.533
2022-02-15,-0.573,-0.573,-0.5727,-0.5702,-0.5615,-0.55565,-0.54275,-0.52675,-0.50655,-0.48145,-0.458,-0.43305,-0.40035,-0.366,-0.142,0.041,0.236,0.336,0.389,0.436,0.487,0.53725,0.585,0.627,0.673,0.696,0.766,0.79025,0.764,0.72175,0.6447,0.556
2022-02-16,-0.5725,-0.572,-0.5725,-0.5735,-0.5629,-0.55855,-0.5516,-0.5358,-0.5206,-0.49765,-0.4755,-0.45275,-0.42165,-0.387,-0.173,0.001,0.20175,0.308,0.366,0.407,0.45275,0.499,0.546,0.589,0.62865,0.663,0.7405,0.773,0.75,0.70875,0.624,0.546
2022-02-17,-0.5729,-0.573,-0.5715,-0.5697,-0.5645,-0.55965,-0.554,-0.54225,-0.528,-0.507,-0.485,-0.465,-0.434,-0.40375,-0.204,-0.04,0.155,0.262,0.323,0.36775,0.41475,0.46425,0.51275,0.55825,0.6,0.63575,0.717,0.75,0.725,0.683,0.60085,0.527
2022-02-18,-0.5735,-0.5735,-0.57275,-0.5712,-0.5678,-0.5635,-0.558,-0.54525,-0.53175,-0.5095,-0.49,-0.47,-0.44,-0.41175,-0.216,-0.059,0.127,0.225,0.28025,0.33,0.38225,0.436,0.49,0.539,0.5845,0.6215,0.708,0.746,0.72525,0.685,0.604,0.508
2022-02-21,-0.573,-0.57295,-0.5725,-0.5715,-0.56905,-0.5655,-0.5606,-0.54905,-0.535,-0.5145,-0.494,-0.474,-0.445,-0.416,-0.21625,-0.049,0.141,0.244,0.306,0.355,0.404,0.457,0.51,0.55975,0.605,0.64525,0.733,0.77375,0.752,0.71025,0.632,0.566
2022-02-22,-0.57415,-0.57425,-0.57315,-0.5725,-0.5695,-0.565,-0.55875,-0.545,-0.52775,-0.50825,-0.485,-0.46175,-0.43525,-0.40475,-0.191,-0.011,0.18575,0.28775,0.34425,0.38925,0.437,0.48625,0.53575,0.58225,0.632,0.667,0.754,0.791,0.765,0.72375,0.646,0.52
2022-02-23,-0.57365,-0.5736,-0.57265,-0.5725,-0.569,-0.5645,-0.55825,-0.547,-0.528,-0.508,-0.48545,-0.46225,-0.43475,-0.401,-0.184,0.004,0.214,0.317,0.37325,0.416,0.458,0.503,0.549,0.592,0.634,0.671,0.754,0.78675,0.756,0.71,0.627,0.552
2022-02-24,-0.5735,-0.5735,-0.572,-0.5705,-0.5695,-0.568,-0.5653,-0.558,-0.547,-0.531,-0.511,-0.492,-0.4645,-0.438,-0.233,-0.06,0.146,0.246,0.3,0.349,0.397,0.449,0.501,0.54975,0.59,0.63625,0.726,0.765,0.739,0.693,0.603,0.553
2022-02-25,-0.575,-0.5735,-0.573,-0.571,-0.5695,-0.5675,-0.5645,-0.555,-0.5388,-0.521,-0.5,-0.4764,-0.4475,-0.422,-0.203,-0.021,0.188,0.302,0.369,0.419,0.468,0.5215,0.57325,0.62275,0.666,0.70725,0.79375,0.82725,0.79525,0.74425,0.658,0.609
2022-02-28,-0.575,-0.5749,-0.5746,-0.5732,-0.571,-0.57,-0.57015,-0.562,-0.55725,-0.54525,-0.531,-0.5211,-0.498,-0.4795,-0.309,-0.162,0.0311,0.139,0.2,0.271,0.339,0.405,0.471,0.533,0.587,0.628,0.722,0.755,0.723,0.671,0.59,0.525
2022-03-01,-0.575,-0.574,-0.5735,-0.5735,-0.57,-0.5735,-0.5726,-0.565,-0.5615,-0.5565,-0.544,-0.539,-0.5249,-0.506,-0.384,-0.267,-0.116,0.00425,0.07925,0.14475,0.21025,0.27575,0.34425,0.40775,0.448,0.51375,0.61725,0.64875,0.61,0.551,0.4581,0.401
2022-03-02,-0.575,-0.5735,-0.574,-0.5738,-0.5725,-0.5715,-0.5693,-0.562,-0.5531,-0.54225,-0.526,-0.5095,-0.4856,-0.4675,-0.306,-0.162,0.00365,0.107,0.17,0.229,0.287,0.348,0.408,0.46475,0.516,0.564,0.661,0.687,0.6415,0.578,0.485,0.411
2022-03-03,-0.575,-0.573,-0.573,-0.5725,-0.569,-0.5587,-0.5575,-0.5451,-0.5347,-0.523,-0.504,-0.4895,-0.4687,-0.44975,-0.28,-0.151,0.019,0.125,0.201,0.264,0.318,0.384,0.44625,0.503,0.539,0.598,0.694,0.718,0.673,0.607,0.4839,0.413
2022-03-04,-0.5765,-0.576,-0.575,-0.578,-0.578,-0.5789,-0.5723,-0.57725,-0.5599,-0.55035,-0.541,-0.52255,-0.5049,-0.489,-0.3361,-0.208,-0.05675,0.048,0.13,0.197,0.266,0.338,0.406,0.469,0.52415,0.569,0.663,0.66,0.596,0.513,0.399,0.33
2022-03-07,-0.576,-0.576,-0.576,-0.5755,-0.575,-0.5724,-0.56925,-0.5635,-0.5525,-0.542,-0.53,-0.51525,-0.4959,-0.4775,-0.32,-0.1965,-0.056,0.07175,0.157,0.224,0.2895,0.357,0.424,0.483,0.524,0.587,0.67825,0.66225,0.584,0.485,0.3375,0.262
2022-03-08,-0.577,-0.5755,-0.576,-0.5755,-0.5745,-0.5735,-0.5695,-0.561,-0.5475,-0.533,-0.518,-0.499,-0.476,-0.455,-0.279,-0.139,0.0145,0.135,0.236,0.307,0.374,0.444,0.509,0.574,0.63085,0.685,0.779,0.772,0.697,0.60025,0.469,0.384
2022-03-09,-0.579,-0.577,-0.576,-0.5744,-0.574,-0.5685,-0.558,-0.549,-0.5305,-0.512,-0.494,-0.47,-0.441,-0.421,-0.224,-0.077,0.077,0.189,0.2805,0.355,0.43005,0.499,0.57345,0.64105,0.7022,0.7551,0.85295,0.84235,0.7641,0.667,0.526,0.438
2022-03-10,-0.578,-0.578,-0.578,-0.5743,-0.574,-0.5665,-0.55575,-0.539,-0.5164,-0.4924,-0.468,-0.4355,-0.40335,-0.37025,-0.1405,0.032,0.21275,0.306,0.381,0.447,0.5088,0.574,0.638,0.6993,0.7565,0.803,0.898,0.888,0.806,0.703,0.56625,0.464
2022-03-11,-0.576,-0.576,-0.576,-0.574,-0.5735,-0.564,-0.54745,-0.5345,-0.5085,-0.486,-0.463,-0.4325,-0.40005,-0.3695,-0.132,0.046,0.233,0.33025,0.3965,0.452,0.503,0.561,0.619,0.67555,0.73085,0.7792,0.86975,0.863,0.77775,0.67275,0.53495,0.449
2022-03-14,-0.576,-0.576,-0.576,-0.5744,-0.575,-0.5605,-0.5424,-0.524,-0.4951,-0.47085,-0.448,-0.416,-0.3787,-0.34875,-0.096,0.094,0.292,0.399,0.477,0.53675,0.595,0.654,0.714,0.77275,0.83435,0.87825,0.97875,0.984,0.9,0.801,0.66895,0.564
2022-03-15,-0.577,-0.5769,-0.576,-0.57675,-0.57415,-0.565,-0.54875,-0.53,-0.5054,-0.4803,-0.457,-0.4259,-0.39115,-0.362,-0.126,0.053,0.253,0.362,0.446,0.512,0.57,0.635,0.699,0.759,0.815,0.868,0.971,0.978,0.903,0.81,0.668,0.582
2022-03-16,-0.5775,-0.5781,-0.5778,-0.577,-0.5731,-0.564,-0.546,-0.5262,-0.5025,-0.4757,-0.451,-0.41745,-0.3798,-0.3405,-0.104,0.077,0.27875,0.39875,0.486,0.547,0.60525,0.665,0.72775,0.78825,0.839,0.88875,0.98425,0.98825,0.911,0.816,0.6845,0.598
2022-03-17,-0.576,-0.576,-0.576,-0.57585,-0.5724,-0.5629,-0.545,-0.5287,-0.5027,-0.47775,-0.455,-0.42085,-0.38875,-0.357,-0.123,0.053,0.24375,0.369,0.457,0.516,0.571,0.63,0.69,0.75,0.801,0.847,0.939,0.94595,0.87685,0.7909,0.659,0.567
2022-03-18,-0.576,-0.576,-0.576,-0.576,-0.5723,-0.563,-0.54265,-0.52275,-0.4956,-0.47015,-0.443,-0.40885,-0.3734,-0.339,-0.108,0.0615,0.25275,0.371,0.45675,0.51575,0.569,0.62575,0.687,0.743,0.793,0.84,0.9345,0.942,0.874,0.786,0.665,0.582
2022-03-21,-0.576,-0.576,-0.576,-0.576,-0.572,-0.56165,-0.543,-0.5219,-0.492,-0.464,-0.438,-0.4012,-0.3624,-0.328,-0.075,0.113,0.32,0.442,0.527,0.58975,0.648,0.708,0.77,0.83,0.885,0.92625,1.022,1.032,0.964,0.88,0.769,0.689
2022-03-22,-0.577,-0.577,-0.57635,-0.577,-0.572,-0.56165,-0.5415,-0.517,-0.49015,-0.46045,-0.43,-0.3945,-0.35275,-0.316,-0.037,0.17,0.379,0.49925,0.572,0.633,0.689,0.746,0.805,0.861,0.9104,0.953,1.044,1.044,0.973,0.8865,0.7701,0.676
2022-03-23,-0.5774,-0.5769,-0.57635,-0.576,-0.5717,-0.562,-0.5417,-0.519,-0.4915,-0.461,-0.432,-0.3976,-0.35535,-0.322,-0.053,0.145,0.35,0.463,0.531,0.589,0.64,0.697,0.752,0.806,0.858,0.894,0.978,0.979,0.909,0.824,0.717,0.6285
2022-03-24,-0.578,-0.5779,-0.57655,-0.577,-0.57,-0.5595,-0.5355,-0.511,-0.4822,-0.4514,-0.422,-0.3785,-0.33925,-0.297,-0.0095,0.209,0.438,0.54775,0.61825,0.67225,0.723,0.77625,0.82925,0.881,0.927,0.965,1.044,1.042,0.968,0.881,0.77045,0.695
2022-03-25,-0.578,-0.5779,-0.5766,-0.57535,-0.5697,-0.5585,-0.5335,-0.505,-0.474,-0.44145,-0.4095,-0.36325,-0.32035,-0.26825,0.027,0.2524,0.51075,0.6345,0.7085,0.7575,0.79525,0.84,0.88825,0.93625,0.9692,1.01375,1.08725,1.076,0.99725,0.909,0.7855,0.736
2022-03-28,-0.5777,-0.5769,-0.5762,-0.577,-0.5688,-0.5575,-0.5285,-0.49775,-0.46235,-0.424,-0.391,-0.34375,-0.3,-0.24875,0.054,0.286,0.5345,0.64525,0.71,0.76175,0.806,0.85525,0.903,0.95025,0.981,1.025,1.094,1.08275,1.0035,0.9115,0.784,0.708
2022-03-29,-0.576,-0.576,-0.576,-0.576,-0.567,-0.5534,-0.5215,-0.48775,-0.453,-0.4135,-0.373,-0.32425,-0.2785,-0.22125,0.111,0.357,0.618,0.731,0.791,0.834,0.876,0.922,0.96625,1.01,1.046,1.0795,1.147,1.1335,1.055,0.965,0.846,0.756
2022-03-30,-0.576,-0.5765,-0.5748,-0.575,-0.5621,-0.54325,-0.5135,-0.4774,-0.444,-0.4045,-0.361,-0.312,-0.264,-0.19875,0.158,0.422,0.6775,0.783,0.833,0.869,0.905,0.94535,0.986,1.028,1.066,1.097,1.1585,1.147,1.066,0.982,0.876,0.793
2022-03-31,-0.5772,-0.5779,-0.576,-0.574,-0.5635,-0.54645,-0.52,-0.491,-0.4585,-0.422,-0.384,-0.3345,-0.291,-0.23875,0.089,0.333,0.56925,0.66875,0.71675,0.75675,0.797,0.83925,0.88375,0.931,0.975,1.005,1.075,1.07,1.0,0.921,0.821,0.732
2022-04-01,-0.57825,-0.57805,-0.577,-0.576,-0.5675,-0.5535,-0.53175,-0.50125,-0.4635,-0.4305,-0.391,-0.34045,-0.2965,-0.24475,0.09,0.3374,0.583,0.685,0.736,0.77355,0.81,0.853,0.8942,0.9385,0.979,1.013,1.084,1.07805,1.01015,0.9338,0.833,0.737
2022-04-04,-0.579,-0.579,-0.5769,-0.576,-0.568,-0.55265,-0.535,-0.504,-0.4715,-0.439,-0.3995,-0.3515,-0.3053,-0.251,0.085,0.3355,0.58,0.675,0.717,0.74975,0.782,0.821,0.863,0.904,0.943,0.979,1.052,1.051,0.985,0.9083,0.812,0.739
2022-04-05,-0.579,-0.579,-0.577,-0.5764,-0.5668,-0.552,-0.5333,-0.499,-0.4665,-0.4292,-0.385,-0.3359,-0.2888,-0.22275,0.132,0.399,0.664,0.7686,0.8189,0.8519,0.8855,0.925,0.966,1.01,1.052,1.082,1.152,1.143,1.071,0.992,0.902,0.833
2022-04-06,-0.579,-0.5781,-0.57675,-0.574,-0.5665,-0.5509,-0.53135,-0.49725,-0.4665,-0.4315,-0.388,-0.3396,-0.29405,-0.23075,0.123,0.391,0.66225,0.77,0.82,0.861,0.905,0.9545,1.001,1.0475,1.087,1.124,1.196,1.191,1.123,1.046,0.951,0.876
2022-04-07,-0.58185,-0.57845,-0.576,-0.575,-0.5635,-0.54275,-0.5185,-0.482,-0.44825,-0.412,-0.365,-0.311,-0.26485,-0.21,0.162,0.43115,0.68875,0.799,0.85025,0.89075,0.93375,0.98025,1.027,1.07325,1.118,1.14675,1.216,1.205,1.13325,1.05725,0.97,0.887
2022-04-08,-0.582,-0.5786,-0.576,-0.575,-0.5591,-0.53435,-0.506,-0.465,-0.42,-0.384,-0.338,-0.2785,-0.229,-0.1635,0.215,0.503,0.786,0.885,0.92975,0.965,1.003,1.04375,1.08875,1.132,1.167,1.203,1.27,1.253,1.176,1.093,1.0,0.931
2022-04-11,-0.584,-0.579,-0.576,-0.574,-0.557,-0.52735,-0.5011,-0.45375,-0.411,-0.371,-0.32,-0.2584,-0.21,-0.143,0.254,0.557,0.83205,0.945,1.0055,1.043,1.085,1.132,1.181,1.228,1.275,1.301,1.36875,1.352,1.272,1.189,1.09975,1.009
2022-04-12,-0.583,-0.577,-0.574,-0.5724,-0.56025,-0.53625,-0.51225,-0.467,-0.4316,-0.3942,-0.335,-0.29,-0.2428,-0.167,0.218,0.485,0.758,0.901,0.96925,1.017,1.063,1.1145,1.16925,1.22,1.263,1.30325,1.38025,1.37125,1.29425,1.21175,1.1085,1.022
2022-04-13,-0.574,-0.573,-0.572,-0.569,-0.556,-0.5233,-0.49075,-0.447,-0.40425,-0.36975,-0.314,-0.261,-0.207,-0.144,0.233,0.5102,0.782,0.89895,0.964,1.012,1.0599,1.113,1.167,1.217,1.26255,1.302,1.377,1.35995,1.2829,1.1985,1.0935,1.007
2022-04-14,-0.577,-0.5769,-0.575,-0.5725,-0.5635,-0.5315,-0.505,-0.4635,-0.4205,-0.3855,-0.3358,-0.279,-0.226,-0.163,0.2045,0.484,0.774,0.918,1.006,1.067,1.12885,1.18785,1.2489,1.30625,1.35765,1.40035,1.48715,1.47165,1.3903,1.3062,1.195,1.104
2022-04-15,,,,,,-0.5362,-0.5105,-0.4635,,,-0.3345,,,,,,,,,,,,,,,,,,,,,1.114
2022-04-18,,,,,,,,-0.463,,,,,,,,,,,,,,,,,,,,,,,,1.114
2022-04-19,-0.577,-0.5769,-0.5769,-0.575,-0.57,-0.541,-0.51375,-0.4699,-0.4285,-0.3915,-0.338,-0.2805,-0.22845,-0.164,0.21,0.4955,0.79325,0.946,1.0365,1.106,1.173,1.24,1.303,1.365,1.418,1.461,1.549,1.534,1.454,1.368,1.2608,1.16
2022-04-20,-0.577,-0.5769,-0.5769,-0.574,-0.56615,-0.5322,-0.4975,-0.451,-0.4071,-0.368,-0.314,-0.25665,-0.205,-0.14225,0.2148,0.481,0.764,0.91,0.992,1.05425,1.113,1.173,1.23725,1.29375,1.351,1.39125,1.4745,1.454,1.367,1.272,1.16705,1.06
2022-04-21,-0.577,-0.577,-0.577,-0.5707,-0.56485,-0.51325,-0.46325,-0.4061,-0.346,-0.2875,-0.2251,-0.1615,-0.1,-0.0323,0.349,0.625,0.893,1.02625,1.1,1.15325,1.203,1.258,1.311,1.367,1.417,1.464,1.545,1.521,1.427,1.32825,1.2035,1.096
2022-04-22,-0.577,-0.57695,-0.5769,-0.5655,-0.5543,-0.499,-0.4435,-0.38325,-0.31565,-0.26035,-0.196,-0.1215,-0.05555,0.013,0.4185,0.70535,0.96625,1.079,1.13725,1.18275,1.22875,1.279,1.33,1.381,1.43165,1.466,1.538,1.505,1.405,1.299,1.17835,1.076
2022-04-25,-0.58,-0.58,-0.58,-0.5745,-0.566,-0.50895,-0.4615,-0.4067,-0.34505,-0.29405,-0.23,-0.16565,-0.105,-0.032,0.323,0.581,0.843,0.951,1.013,1.066,1.119,1.181,1.239,1.295,1.33595,1.39725,1.48425,1.469,1.374,1.273,1.13665,1.025
2022-04-26,-0.58,-0.58,-0.58,-0.5747,-0.5665,-0.516,-0.4655,-0.40875,-0.348,-0.2935,-0.222,-0.1665,-0.104,-0.034,0.337,0.585,0.83225,0.939,0.998,1.04975,1.10125,1.158,1.215,1.27,1.32,1.3715,1.461,1.452,1.353,1.248,1.117,1.025
2022-04-27,-0.58,-0.581,-0.581,-0.5754,-0.5675,-0.51925,-0.465,-0.413,-0.35105,-0.29815,-0.233,-0.17405,-0.1138,-0.055,0.3035,0.5425,0.78,0.894,0.957,1.013,1.069,1.134,1.198,1.259,1.318,1.36675,1.467,1.47225,1.382,1.284,1.1628,1.048
2022-04-28,-0.58095,-0.58085,-0.5808,-0.5714,-0.551,-0.5011,-0.44,-0.386,-0.3238,-0.26225,-0.19,-0.13285,-0.05675,0.013,0.3945,0.648,0.88825,0.999,1.06425,1.11925,1.175,1.237,1.299,1.36,1.424,1.465,1.566,1.57,1.475,1.375,1.2658,1.146
2022-04-29,-0.57995,-0.57985,-0.57595,-0.565,-0.545,-0.493,-0.43155,-0.37025,-0.295,-0.2315,-0.158,-0.094,-0.0145,0.056,0.456,0.70875,0.942,1.04825,1.108,1.162,1.216,1.277,1.34,1.4,1.458,1.503,1.6,1.604,1.512,1.411,1.29725,1.172
2022-05-02,-0.58,-0.5799,-0.58,-0.5685,-0.5437,-0.495,-0.4334,-0.374,-0.3015,-0.23725,-0.159,-0.0975,-0.024,0.052,0.4545,0.711,0.948,1.062,1.131,1.19,1.249,1.3105,1.377,1.4405,1.499,1.548,1.645,1.647,1.55475,1.452,1.336,1.218
2022-05-03,-0.58,-0.5799,-0.58,-0.567,-0.543,-0.49585,-0.42955,-0.35875,-0.2984,-0.2293,-0.149,-0.087,-0.01,0.07,0.474,0.728,0.9745,1.084,1.151,1.20225,1.25525,1.314,1.375,1.43275,1.491,1.533,1.62825,1.6245,1.529,1.423,1.2855,1.174
2022-05-04,-0.58,-0.5799,-0.58,-0.5684,-0.5357,-0.4928,-0.427,-0.36,-0.29705,-0.2292,-0.1545,-0.091,-0.013,0.07275,0.474,0.7373,0.98,1.09,1.153,1.2065,1.26,1.316,1.3775,1.433,1.484,1.5325,1.623,1.6135,1.514,1.408,1.28425,1.158
2022-05-05,-0.58,-0.5799,-0.58,-0.566,-0.5379,-0.4871,-0.41175,-0.34525,-0.292,-0.224,-0.152,-0.091,-0.004,0.0745,0.471,0.73475,0.9905,1.111,1.18625,1.2445,1.3045,1.365,1.4285,1.491,1.54975,1.593,1.685,1.6805,1.58525,1.48575,1.37115,1.244
2022-05-06,-0.58,-0.58,-0.58,-0.5578,-0.513,-0.45295,-0.382,-0.313,-0.249,-0.183,-0.1095,-0.04285,0.0429,0.119,0.524,0.792,1.0625,1.18,1.259,1.32775,1.388,1.453,1.519,1.5847,1.6401,1.684,1.765,1.75075,1.64675,1.54175,1.431,1.293
2022-05-09,-0.58,-0.57975,-0.58,-0.56,-0.51575,-0.4639,-0.391,-0.32675,-0.26215,-0.1951,-0.119,-0.05615,0.017,0.083,0.474,0.725,0.97875,1.12025,1.215,1.295,1.36925,1.44275,1.5155,1.584,1.646,1.69,1.778,1.759,1.65475,1.548,1.427,1.305
2022-05-10,-0.581,-0.5809,-0.58075,-0.5621,-0.51685,-0.4664,-0.39225,-0.32025,-0.26675,-0.20025,-0.125,-0.071,-0.001,0.0715,0.433,0.6765,0.92775,1.065,1.155,1.22825,1.29825,1.37,1.43875,1.50625,1.56685,1.61275,1.696,1.67525,1.57,1.466,1.35065,1.225
2022-05-11,-0.57845,-0.57795,-0.5808,-0.563,-0.5137,-0.46775,-0.39295,-0.328,-0.26795,-0.20175,-0.136,-0.0781,-0.008,0.058,0.3985,0.6205,0.853,0.98725,1.071,1.15,1.221,1.292,1.363,1.432,1.497,1.541,1.6295,1.612,1.516,1.419,1.315,1.198
2022-05-12,-0.582,-0.5815,-0.581,-0.566,-0.51315,-0.4615,-0.38975,-0.33125,-0.28,-0.22,-0.159,-0.1104,-0.0455,0.00975,0.319,0.5215,0.738,0.86115,0.954,1.034,1.108,1.182,1.252,1.321,1.3816,1.432,1.523,1.512,1.43,1.345,1.256,1.143
2022-05-13,-0.58005,-0.582,-0.58,-0.566,-0.5079,-0.4478,-0.379,-0.316,-0.2523,-0.19035,-0.128,-0.074,-0.011,0.044,0.354,0.552,0.762,0.907,1.0165,1.1036,1.184,1.26,1.3365,1.411,1.472,1.525,1.615,1.603,1.521,1.435,1.3318,1.25
2022-05-16,-0.583,-0.5829,-0.574,-0.56,-0.49675,-0.43525,-0.3604,-0.289,-0.22225,-0.15175,-0.082,-0.02065,0.041,0.097,0.4195,0.6216,0.81475,0.94825,1.044,1.121,1.19205,1.26425,1.3367,1.404,1.465,1.51635,1.59875,1.5773,1.49675,1.41125,1.302,1.199
2022-05-17,-0.584,-0.5839,-0.578,-0.5602,-0.4832,-0.415,-0.328,-0.23975,-0.17925,-0.0996,-0.021,0.03525,0.10745,0.177,0.508,0.71,0.915,1.037,1.1329,1.20645,1.27655,1.3456,1.4132,1.479,1.529,1.578,1.649,1.622,1.531,1.44,1.325,1.222
2022-05-18,-0.58395,-0.58395,-0.5763,-0.5568,-0.4693,-0.40055,-0.30755,-0.21825,-0.153,-0.071,0.01,0.069,0.1395,0.217,0.543,0.745,0.95425,1.05725,1.14,1.20525,1.26875,1.33175,1.39475,1.45475,1.5108,1.55175,1.6235,1.59025,1.50025,1.40925,1.298,1.198
2022-05-19,-0.5834,-0.58375,-0.5728,-0.555,-0.463,-0.38015,-0.2866,-0.2,-0.12995,-0.049,0.0245,0.0891,0.1615,0.224,0.552,0.7531,0.94575,1.04475,1.11775,1.17,1.224,1.282,1.339,1.393,1.452,1.48825,1.558,1.536,1.443,1.355,1.263,1.163
2022-05-20,-0.5845,-0.58495,-0.575,-0.5626,-0.47,-0.3825,-0.3005,-0.214,-0.134,-0.06415,0.007,0.071,0.13755,0.199,0.506,0.693,0.8728,0.9867,1.06795,1.131,1.1875,1.251,1.313,1.373,1.4245,1.471,1.546,1.537,1.464,1.391,1.30395,1.211
2022-05-23,-0.584,-0.584,-0.573,-0.565,-0.467,-0.3801,-0.2945,-0.207,-0.126,-0.05085,0.028,0.096,0.16205,0.224,0.554,0.749,0.93625,1.04825,1.13025,1.19225,1.24825,1.307,1.367,1.425,1.473,1.522,1.601,1.597,1.529,1.461,1.377,1.283
2022-05-24,-0.584,-0.583,-0.574,-0.567,-0.463,-0.37645,-0.289,-0.194,-0.122,-0.044,0.032,0.093,0.16295,0.226,0.526,0.709,0.884,0.99,1.0715,1.13575,1.196,1.25775,1.32025,1.38125,1.45,1.48225,1.56925,1.57275,1.51225,1.44775,1.401,1.295
2022-05-25,-0.584,-0.584,-0.577,-0.571,-0.4607,-0.379,-0.2905,-0.198,-0.1255,-0.045,0.028,0.09,0.16175,0.22875,0.522,0.699,0.88075,0.99925,1.089,1.159,1.22325,1.28625,1.35075,1.41475,1.476,1.52525,1.621,1.636,1.584,1.529,1.47865,1.376
2022-05-26,-0.585,-0.5849,-0.576,-0.561,-0.457,-0.36605,-0.2826,-0.1978,-0.12115,-0.041,0.024,0.09385,0.16065,0.224,0.5295,0.7109,0.89925,1.0225,1.116,1.195,1.26425,1.334,1.404,1.471,1.534,1.59,1.694,1.718,1.665,1.60965,1.56,1.489
2022-05-27,-0.584,-0.5839,-0.576,-0.564,-0.454,-0.365,-0.282,-0.1888,-0.123,-0.042,0.028,0.094,0.158,0.237,0.5365,0.72,0.908,1.011,1.095,1.166,1.23,1.29525,1.362,1.429,1.4878,1.54775,1.653,1.674,1.619,1.5605,1.4922,1.436
2022-05-30,-0.584,-0.5839,-0.575,-0.545,-0.446,-0.3441,-0.265,-0.1697,-0.082,-0.00375,0.069,0.148,0.217,0.28775,0.614,0.807,0.99375,1.1,1.179,1.244,1.303,1.3655,1.428,1.489,1.55,1.604,1.70875,1.726,1.671,1.612,1.55295,1.468
2022-05-31,-0.584,-0.583,-0.572,-0.537,-0.4383,-0.33825,-0.2545,-0.1578,-0.07235,0.014,0.088,0.16555,0.24075,0.31575,0.659,0.8622,1.052,1.15875,1.23875,1.304,1.36575,1.429,1.494,1.55425,1.617,1.665,1.767,1.782,1.729,1.673,1.6162,1.526
2022-06-01,-0.585,-0.582,-0.574,-0.535,-0.432,-0.33625,-0.246,-0.139,-0.05765,0.03025,0.11,0.188,0.26825,0.349,0.706,0.926,1.12525,1.23,1.30925,1.37275,1.431,1.494,1.55625,1.61725,1.67,1.72625,1.83,1.84775,1.801,1.749,1.68775,1.597
2022-06-02,-0.585,-0.5789,-0.57395,-0.51,-0.428,-0.319,-0.221,-0.1243,-0.031,0.059,0.14,0.22875,0.313,0.388,0.7597,0.991,1.195,1.315,1.398,1.4555,1.508,1.566,1.623,1.679,1.732,1.782,1.879,1.891,1.838,1.781,1.718,1.638
2022-06-03,-0.585,-0.578,-0.572,-0.507,-0.42115,-0.309,-0.20975,-0.106,-0.0015,0.08575,0.177,0.27675,0.34975,0.433,0.812,1.048,1.2555,1.371,1.44875,1.502,1.55175,1.605,1.66075,1.71525,1.767,1.814,1.908,1.914,1.864,1.806,1.737,1.633
2022-06-06,-0.585,-0.573,-0.5675,-0.4975,-0.4055,-0.2815,-0.1865,-0.08,0.0238,0.1145,0.201,0.3004,0.37435,0.459,0.838,1.0712,1.279,1.393,1.472,1.526,1.575,1.633,1.688,1.743,1.798,1.842,1.936,1.94,1.8925,1.834,1.773,1.693
2022-06-07,-0.584,-0.5745,-0.5695,-0.4957,-0.4065,-0.28205,-0.1821,-0.074,0.0255,0.12085,0.2105,0.3063,0.38225,0.47,0.844,1.06575,1.2675,1.3795,1.45775,1.51525,1.56675,1.62275,1.68125,1.737,1.787,1.83775,1.931,1.939,1.8915,1.8365,1.7709,1.683
2022-06-08,-0.579,-0.5695,-0.5645,-0.4825,-0.3885,-0.267,-0.161,-0.047,0.056,0.154,0.247,0.344,0.4245,0.514,0.8835,1.104,1.305,1.419,1.504,1.562,1.617,1.67975,1.73575,1.79275,1.84365,1.89,1.983,1.99325,1.946,1.895,1.817,1.73
2022-06-09,-0.5806,-0.5781,-0.5767,-0.4893,-0.42605,-0.281,-0.1567,-0.044,0.08855,0.20025,0.302,0.41295,0.51945,0.611,1.016,1.246,1.44425,1.54,1.605,1.65475,1.699,1.75445,1.80685,1.85785,1.9064,1.949,2.0249,2.01655,1.9626,1.9063,1.8317,1.722
2022-06-10,-0.5792,-0.5778,-0.5775,-0.483,-0.41325,-0.2655,-0.1365,-0.011,0.1395,0.2565,0.372,0.497,0.60965,0.70825,1.146,1.3739,1.56,1.659,1.726,1.765,1.8,1.846,1.893,1.937,1.986,2.01,2.076,2.05325,1.993,1.92975,1.8481,1.746
2022-06-13,-0.578,-0.5779,-0.578,-0.4788,-0.3974,-0.237,-0.1085,0.0254,0.1789,0.30635,0.433,0.57665,0.6879,0.801,1.303,1.571,1.7815,1.86675,1.921,1.95225,1.98175,2.021,2.06175,2.1,2.122,2.154,2.1955,2.14075,2.062,1.98525,1.87955,1.786
2022-06-14,-0.58,-0.58,-0.58,-0.4621,-0.372,-0.193,-0.038,0.122,0.28125,0.42865,0.55,0.70825,0.83325,0.96825,1.47,1.733,1.968,2.048,2.097,2.142,2.184,2.233,2.28275,2.328,2.342,2.388,2.4335,2.36275,2.27675,2.19225,2.07,2.002
2022-06-15,-0.574,-0.57395,-0.5739,-0.458,-0.35,-0.1975,-0.043,0.1,0.24275,0.3745,0.495,0.61945,0.72885,0.844,1.278,1.513,1.71565,1.83875,1.91775,1.96625,2.0139,2.0643,2.113,2.16425,2.2089,2.23875,2.293,2.233,2.153,2.076,1.968,1.922
2022-06-16,-0.574,-0.575,-0.57365,-0.431,-0.33445,-0.168,-0.00195,0.141,0.29645,0.43325,0.546,0.68365,0.80315,0.897,1.34,1.581,1.7859,1.915,2.005,2.054,2.093,2.141,2.186,2.229,2.269,2.303,2.348,2.28,2.188,2.106,1.9885,1.893
2022-06-17,-0.573,-0.574,-0.5735,-0.431,-0.32585,-0.16915,-0.01495,0.1142,0.27275,0.39285,0.504,0.62475,0.7324,0.83,1.254,1.4892,1.7044,1.8175,1.8905,1.944,1.99,2.0355,2.082,2.131,2.174,2.212,2.2735,2.228,2.148,2.074,1.96145,1.889
2022-06-20,-0.575,-0.5749,-0.5749,-0.4299,-0.316,-0.15105,0.0011,0.133,0.29,0.4175,0.528,0.66435,0.7656,0.869,1.308,1.559,1.782,1.902,1.98975,2.035,2.08,2.127,2.176,2.22225,2.27,2.30375,2.371,2.323,2.2425,2.16655,2.05635,1.991
2022-06-21,-0.5748,-0.575,-0.5749,-0.4319,-0.3177,-0.16225,-0.00875,0.12155,0.2735,0.4055,0.516,0.6484,0.75445,0.85905,1.316,1.561,1.783,1.912,2.002,2.05175,2.09525,2.14025,2.18775,2.236,2.285,2.323,2.397,2.359,2.28,2.209,2.1052,2.009
2022-06-22,-0.58,-0.579,-0.5789,-0.4379,-0.311,-0.17725,-0.021,0.12275,0.25745,0.3885,0.495,0.62325,0.72915,0.825,1.247,1.475,1.677,1.798,1.878,1.92875,1.97625,2.02425,2.07375,2.12175,2.177,2.21225,2.29,2.2515,2.17,2.0915,1.993,1.925
2022-06-23,-0.579,-0.579,-0.579,-0.424,-0.30735,-0.177,-0.0263,0.087,0.217,0.3335,0.428,0.53475,0.62975,0.69875,1.053,1.247,1.40875,1.5586,1.65,1.718,1.776,1.828,1.886,1.942,2.0025,2.05475,2.1476,2.128,2.04525,1.962,1.8622,1.781
2022-06-24,-0.579,-0.578,-0.568,-0.424,-0.3054,-0.18,-0.036,0.082,0.20875,0.3165,0.409,0.50955,0.60095,0.68375,1.031,1.2229,1.402,1.535,1.6373,1.707,1.77055,1.82935,1.89,1.951,2.008,2.059,2.156,2.1275,2.041,1.953,1.852,1.797
2022-06-27,-0.57795,-0.5775,-0.558,-0.417,-0.289,-0.1565,-0.01535,0.104,0.237,0.349,0.4525,0.55815,0.6545,0.74625,1.118,1.331,1.536,1.659,1.756,1.825,1.8835,1.94325,2.0045,2.06275,2.125,2.16325,2.24725,2.202,2.10475,2.01075,1.907,1.852
2022-06-28,-0.57805,-0.57705,-0.55515,-0.403,-0.267,-0.138,0.014,0.138,0.274,0.3915,0.5055,0.6075,0.7115,0.79975,1.1874,1.408,1.602,1.735,1.836,1.912,1.967,2.02565,2.086,2.1466,2.1985,2.2463,2.32445,2.273,2.168,2.0714,1.95815,1.902
2022-06-29,-0.576,-0.576,-0.527,-0.3998,-0.2558,-0.141,0.011,0.141,0.2634,0.37045,0.485,0.57905,0.67015,0.761,1.114,1.31,1.50525,1.62825,1.73225,1.81075,1.87875,1.945,2.013,2.077,2.136,2.188,2.275,2.236,2.133,2.03475,1.92115,1.848
2022-06-30,-0.579,-0.5788,-0.5033,-0.395,-0.258,-0.1378,-0.0055,0.115,0.222,0.318,0.406,0.4863,0.56695,0.64775,0.95,1.118,1.291,1.41425,1.516,1.601,1.67575,1.74675,1.81725,1.88575,1.95285,2.00775,2.107,2.075,1.979,1.88625,1.77555,1.721
2022-07-01,-0.577,-0.57695,-0.4965,-0.3982,-0.258,-0.1295,-0.0095,0.099,0.204,0.287,0.362,0.43775,0.5055,0.563,0.8395,1.002,1.162,1.28,1.395,1.4855,1.568,1.64575,1.72225,1.795,1.871,1.93525,2.054,2.049,1.97025,1.88625,1.79275,1.73
2022-07-04,-0.577,-0.577,-0.476,-0.394,-0.2484,-0.124,0.0054,0.123,0.232,0.328,0.421,0.5076,0.58105,0.64725,0.9515,1.11615,1.276,1.399,1.506,1.597,1.678,1.757,1.83,1.901,1.972,2.034,2.144,2.138,2.059,1.9765,1.8685,1.827
2022-07-05,-0.579,-0.579,-0.475,-0.392,-0.2505,-0.137,-0.0125,0.108,0.192,0.2755,0.3676,0.428,0.493,0.55375,0.812,0.9644,1.11425,1.25025,1.373,1.46775,1.549,1.62975,1.70725,1.783,1.86,1.921,2.038,2.037,1.959,1.876,1.7775,1.717
2022-07-06,-0.5795,-0.579,-0.472,-0.38665,-0.229,-0.11905,0.00535,0.118,0.2005,0.28,0.376,0.4195,0.48005,0.55375,0.791,0.9255,1.07225,1.21,1.34025,1.434,1.514,1.59,1.6665,1.742,1.813,1.883,2.003,2.00925,1.93625,1.856,1.76335,1.695
2022-07-07,-0.578,-0.578,-0.442,-0.369,-0.196,-0.063,0.07225,0.198,0.304,0.3955,0.474,0.5545,0.6295,0.688,0.942,1.0825,1.22975,1.352,1.47,1.556,1.63,1.7036,1.7747,1.8453,1.91255,1.972,2.0756,2.064,1.98,1.8923,1.7844,1.736
2022-07-08,-0.577,-0.577,-0.429,-0.359,-0.1778,-0.0315,0.08875,0.211,0.32,0.40625,0.4905,0.56025,0.6285,0.68375,0.936,1.065,1.19975,1.341,1.471,1.568,1.64925,1.72825,1.803,1.877,1.947,2.00525,2.112,2.101,2.02,1.933,1.8316,1.771
2022-07-11,-0.578,-0.578,-0.4118,-0.353,-0.166,-0.02395,0.0995,0.22,0.3195,0.403,0.484,0.5555,0.61375,0.67025,0.8835,0.995,1.125,1.259,1.386,1.484,1.565,1.648,1.725,1.796,1.86985,1.93275,2.0495,2.05075,1.97825,1.89625,1.791,1.736
2022-07-12,-0.581,-0.56,-0.407,-0.35,-0.164,-0.031,0.09075,0.209,0.288,0.36085,0.438,0.4925,0.546,0.5963,0.797,0.907,1.034,1.165,1.29,1.392,1.4675,1.541,1.612,1.683,1.75285,1.813,1.925,1.924,1.849,1.764,1.656,1.612
2022-07-13,-0.57995,-0.53545,-0.389,-0.3198,-0.1104,0.02955,0.16475,0.292,0.389,0.469,0.548,0.6052,0.661,0.705,0.8945,0.996,1.108,1.214,1.319,1.401,1.4715,1.539,1.608,1.672,1.736,1.794,1.899,1.891,1.811,1.724,1.612,1.561
2022-07-14,-0.578,-0.463,-0.348,-0.2495,-0.056,0.1062,0.2516,0.369,0.48555,0.562,0.634,0.694,0.749,0.77825,0.978,1.075,1.14975,1.2705,1.372,1.452,1.5175,1.585,1.649,1.712,1.771,1.82655,1.925,1.9085,1.82825,1.74435,1.6267,1.515
2022-07-15,-0.581,-0.457,-0.366,-0.2782,-0.084,0.089,0.211,0.342,0.448,0.523,0.59,0.6525,0.705,0.742,0.921,1.017,1.119,1.226,1.324,1.406,1.469,1.5351,1.6,1.663,1.72645,1.7836,1.8926,1.88515,1.805,1.72095,1.6073,1.487
2022-07-18,-0.5805,-0.435,-0.35,-0.2626,-0.071,0.09895,0.2255,0.35765,0.459,0.53725,0.61125,0.67735,0.72845,0.77275,0.9565,1.065,1.1695,1.278,1.381,1.459,1.526,1.59025,1.652,1.71325,1.78085,1.83275,1.9365,1.925,1.8445,1.758,1.64835,1.576
2022-07-19,-0.5278,-0.3684,-0.28,-0.1757,0.016,0.1885,0.32475,0.47,0.5705,0.651,0.7315,0.79735,0.8515,0.89675,1.085,1.185,1.28975,1.38825,1.477,1.547,1.606,1.666,1.722,1.781,1.835,1.88795,1.979,1.96395,1.876,1.784,1.67175,1.601
2022-07-20,-0.479,-0.3508,-0.2815,-0.1717,0.0245,0.1889,0.324,0.46,0.563,0.6415,0.718,0.7815,0.83625,0.87975,1.0455,1.159,1.24375,1.35,1.439,1.51,1.575,1.6325,1.69,1.75,1.804,1.8555,1.947,1.926,1.845,1.755,1.643,1.565
2022-07-21,-0.232,-0.163,-0.124,-0.001,0.153,0.3175,0.4477,0.5673,0.6875,0.7645,0.8214,0.8935,0.947,0.9664,1.137,1.239,1.293,1.391,1.467,1.5285,1.579,1.63,1.681,1.731,1.785,1.825,1.913,1.884,1.807,1.713,1.59595,1.505
2022-07-22,-0.161,-0.126,-0.107,-0.006,0.12345,0.273,0.378,0.48725,0.5765,0.64,0.701,0.74445,0.782,0.81125,0.94,1.007,1.06075,1.16325,1.252,1.323,1.387,1.448,1.509,1.568,1.628,1.683,1.785,1.786,1.7105,1.632,1.5277,1.424
2022-07-25,-0.0923,-0.0928,-0.0924,0.00545,0.12675,0.2685,0.36875,0.474,0.55145,0.611,0.6681,0.71475,0.7519,0.78,0.903,0.966,1.0282,1.116,1.19925,1.27025,1.33725,1.4005,1.46175,1.523,1.579,1.638,1.741,1.744,1.673,1.593,1.4642,1.392
2022-07-26,-0.0923,-0.0928,-0.0924,0.01215,0.1325,0.267,0.36775,0.47275,0.54435,0.60075,0.6521,0.69425,0.7285,0.759,0.866,0.9188,0.97375,1.035,1.112,1.183,1.251,1.316,1.377,1.44,1.5,1.557,1.661,1.663,1.598,1.527,1.412,1.357
2022-07-27,-0.097,-0.097,-0.097,0.0289,0.1513,0.303,0.4088,0.52125,0.6055,0.6715,0.722,0.77595,0.815,0.843,0.953,1.02,1.05975,1.119,1.178,1.238,1.298,1.354,1.408,1.462,1.5203,1.574,1.678,1.677,1.616,1.548,1.438,1.341
2022-07-28,-0.0875,-0.088,-0.088,0.051,0.1518,0.2814,0.38875,0.46775,0.541,0.6015,0.6303,0.67925,0.71,0.71625,0.806,0.863,0.897,0.974,1.046,1.11445,1.182,1.24775,1.3095,1.371,1.437,1.494,1.601,1.6078,1.551,1.488,1.385,1.319
2022-07-29,-0.088,-0.089,-0.0894,0.0475,0.148,0.27655,0.3739,0.459,0.5245,0.58175,0.6235,0.6625,0.69425,0.71625,0.809,0.854,0.905,0.96365,1.033,1.103,1.169,1.232,1.293,1.3541,1.413,1.46415,1.5615,1.5509,1.488,1.42095,1.30975,1.26
2022-08-01,-0.089,-0.08985,-0.09,0.048,0.153,0.2861,0.37825,0.462,0.534,0.5905,0.627,0.6765,0.705,0.723,0.816,0.859,0.907,0.966,1.036,1.104,1.162,1.225,1.282,1.339,1.398,1.453,1.5511,1.546,1.49,1.434,1.34165,1.271
2022-08-02,-0.0895,-0.0895,-0.08965,0.0577,0.1673,0.3021,0.40375,0.494,0.5596,0.61475,0.666,0.706,0.73825,0.774,0.871,0.917,0.967,1.012,1.079,1.137,1.194,1.252,1.30575,1.36025,1.407,1.46,1.552,1.539,1.482,1.421,1.33165,1.281
2022-08-03,-0.09,-0.09,-0.09,0.0644,0.187,0.30895,0.41225,0.505,0.57425,0.63485,0.688,0.7305,0.76725,0.805,0.923,0.977,1.0261,1.077,1.141,1.194,1.244,1.299,1.347,1.395,1.442,1.491,1.5735,1.555,1.493,1.429,1.332,1.282
2022-08-04,-0.089,-0.089,-0.089,0.098,0.2056,0.33395,0.43625,0.5113,0.5765,0.6385,0.6805,0.7205,0.7575,0.791,0.897,0.94,0.982,1.027,1.079,1.132,1.183,1.238,1.287,1.339,1.379,1.44,1.53,1.517,1.458,1.396,1.293,1.248
2022-08-05,-0.089,-0.089,-0.089,0.11,0.2288,0.3595,0.47025,0.564,0.641,0.71445,0.764,0.8175,0.86075,0.895,1.03,1.091,1.15005,1.19675,1.251,1.303,1.351,1.405,1.452,1.501,1.55665,1.598,1.682,1.659,1.595,1.528,1.445,1.38
2022-08-08,-0.089,-0.089,-0.089,0.115,0.2405,0.375,0.477,0.5675,0.64075,0.708,0.7585,0.8095,0.8455,0.88125,1.0015,1.054,1.107,1.152,1.211,1.261,1.305,1.34875,1.398,1.445,1.497,1.545,1.633,1.615,1.555,1.49375,1.40825,1.351
2022-08-09,-0.089,-0.089,-0.088,0.124,0.2519,0.38175,0.4945,0.59625,0.67035,0.73475,0.793,0.84,0.87925,0.919,1.045,1.1,1.146,1.188,1.23925,1.286,1.33225,1.37775,1.425,1.476,1.5285,1.57675,1.66925,1.65225,1.59125,1.5292,1.4385,1.35
2022-08-10,-0.088,-0.088,-0.088,0.131,0.268,0.381,0.49775,0.595,0.66725,0.732,0.784,0.83225,0.8715,0.906,1.023,1.074,1.118,1.15925,1.208,1.259,1.306,1.354,1.403,1.452,1.498,1.555,1.649,1.63325,1.573,1.51225,1.4231,1.342
2022-08-11,-0.0871,-0.0871,-0.073,0.157,0.2788,0.39155,0.51125,0.5979,0.67235,0.7445,0.7935,0.84145,0.88565,0.92,1.052,1.113,1.159,1.20175,1.249,1.304,1.354,1.408,1.46,1.514,1.573,1.61675,1.711,1.698,1.637,1.577,1.499,1.408
2022-08-12,-0.088,-0.088,-0.059,0.1545,0.279,0.389,0.50325,0.596,0.6675,0.739,0.793,0.8443,0.89,0.928,1.0795,1.15,1.205,1.241,1.2874,1.3297,1.3722,1.41825,1.46435,1.51175,1.564,1.611,1.70395,1.68915,1.62845,1.56855,1.48525,1.4175
2022-08-15,-0.087,-0.087,-0.021,0.151,0.274,0.387,0.492,0.57925,0.64425,0.7055,0.757,0.80535,0.84205,0.879,1.016,1.082,1.13275,1.1649,1.204,1.248,1.287,1.33335,1.379,1.423,1.477,1.52725,1.618,1.607,1.548,1.49,1.407,1.332
2022-08-16,-0.08695,-0.08695,-0.016,0.166,0.295,0.40455,0.51155,0.603,0.66725,0.7285,0.7815,0.8305,0.87085,0.908,1.055,1.1254,1.174,1.205,1.243,1.28585,1.3294,1.376,1.423,1.47,1.523,1.569,1.663,1.65,1.594,1.537,1.4566,1.377
2022-08-17,-0.087,-0.087,-0.007,0.2,0.3539,0.45675,0.578,0.67475,0.74805,0.82275,0.884,0.9415,0.992,1.042,1.22,1.299,1.355,1.37425,1.399,1.436,1.468,1.51125,1.545,1.588,1.643,1.676,1.759,1.735,1.672,1.61,1.539,1.453
2022-08-18,-0.0879,-0.088,0.0457,0.242,0.3894,0.5003,0.629,0.72425,0.7975,0.8805,0.9395,0.99715,1.051,1.093,1.2735,1.355,1.4,1.427,1.45575,1.48,1.51025,1.548,1.586,1.627,1.666,1.71,1.787,1.756,1.69,1.624,1.537,1.468
2022-08-19,-0.0875,-0.087,0.068,0.26,0.41675,0.52835,0.65475,0.758,0.83525,0.92225,0.9905,1.0515,1.108,1.159,1.358,1.441,1.502,1.541,1.57,1.59975,1.63225,1.67025,1.709,1.75175,1.789,1.83025,1.905,1.873,1.802,1.7315,1.646,1.571
2022-08-22,-0.086,-0.086,0.111,0.272,0.434,0.56685,0.68225,0.787,0.87045,0.96415,1.041,1.11735,1.17725,1.236,1.467,1.571,1.643,1.673,1.70375,1.72625,1.74875,1.77875,1.811,1.848,1.886,1.924,1.992,1.947,1.868,1.792,1.705,1.634
2022-08-23,-0.086,-0.086,0.1217,0.2853,0.442,0.56875,0.68825,0.798,0.878,0.9605,1.037,1.1045,1.163,1.22225,1.442,1.543,1.61525,1.649,1.683,1.719,1.751,1.7905,1.83,1.87375,1.914,1.95225,2.023,1.97675,1.89475,1.81825,1.72705,1.654
2022-08-24,-0.08335,-0.08325,0.133,0.302,0.481,0.59875,0.72725,0.84,0.9287,1.01785,1.097,1.1665,1.23,1.294,1.518,1.621,1.687,1.72225,1.758,1.792,1.82675,1.86575,1.904,1.947,1.989,2.02375,2.091,2.037,1.947,1.864,1.773,1.699
2022-08-25,-0.08295,-0.08295,0.181,0.325,0.491,0.61,0.73825,0.838,0.92325,1.0075,1.084,1.15025,1.211,1.262,1.466,1.555,1.607,1.646,1.681,1.718,1.757,1.796,1.836,1.881,1.923,1.964,2.038,1.999,1.913,1.835,1.742,1.646
2022-08-26,-0.083,-0.083,0.238,0.3905,0.57525,0.70645,0.84255,0.95825,1.057,1.145,1.237,1.3,1.36285,1.426,1.631,1.715,1.73475,1.78,1.816,1.843,1.872,1.909,1.944,1.985,2.024,2.06,2.122,2.0645,1.9755,1.889,1.79,1.706
2022-08-29,-0.08295,-0.08305,0.2659,0.4211,0.6301,0.78075,0.94655,1.0785,1.1985,1.294,1.392,1.4653,1.5325,1.59,1.783,1.857,1.883,1.908,1.936,1.963,1.988,2.022,2.056,2.0943,2.132,2.166,2.22275,2.151,2.05,1.958,1.8538,1.769
2022-08-30,-0.082,-0.038,0.3055,0.434,0.65585,0.81975,0.9635,1.094,1.217,1.314,1.408,1.4805,1.54495,1.609,1.813,1.882,1.891,1.908,1.928,1.949,1.972,2.00425,2.038,2.076,2.113,2.146,2.2,2.133,2.026,1.926,1.82,1.737
2022-08-31,-0.082,0.012,0.33,0.459,0.69505,0.8565,1.01005,1.145,1.269,1.3675,1.46,1.537,1.6035,1.672,1.863,1.935,1.93675,1.947,1.962,1.97825,1.997,2.027,2.059,2.094,2.131,2.16,2.211,2.142,2.034,1.933,1.828,1.742
2022-09-01,-0.08195,0.158,0.39,0.5399,0.7348,0.9029,1.05695,1.192,1.304,1.4005,1.48815,1.5551,1.62035,1.677,1.8449,1.906,1.9155,1.931,1.952,1.977,2.007,2.043,2.082,2.126,2.166,2.203,2.263,2.202,2.095,1.995,1.8893,1.805
2022-09-02,-0.082,0.1977,0.399,0.538,0.73735,0.906,1.0475,1.177,1.2895,1.382,1.452,1.518,1.5765,1.6195,1.7835,1.8425,1.85,1.873,1.903,1.934,1.968,2.007,2.05,2.0975,2.142,2.182,2.245,2.193,2.091,1.996,1.886,1.777
2022-09-05,-0.084,0.249,0.4285,0.5584,0.7645,0.95035,1.087,1.22225,1.354,1.434,1.512,1.579,1.64,1.69,1.8705,1.944,1.963,1.9784,2.00265,2.033,2.0632,2.1026,2.1436,2.1904,2.2363,2.275,2.335,2.2806,2.177,2.0809,1.971,1.8875
2022-09-06,0.011,0.291,0.4495,0.5665,0.761,0.9395,1.0755,1.2095,1.33325,1.4128,1.4915,1.5605,1.6155,1.6675,1.846,1.927,1.9586,1.996,2.039,2.073,2.10655,2.14575,2.19,2.23775,2.277,2.315,2.364,2.2985,2.184,2.0825,1.9692,1.88695
2022-09-07,0.105,0.34,0.4715,0.59,0.7767,0.93875,1.0765,1.20025,1.31655,1.39515,1.4725,1.53625,1.591,1.64425,1.808,1.8755,1.8985,1.931,1.969,1.999,2.021,2.05475,2.09375,2.13675,2.178,2.20725,2.254,2.1763,2.05675,1.944,1.81615,1.719
2022-09-08,0.4417,0.5472,0.6036,0.751,0.9068,1.092,1.2471,1.387,1.49875,1.587,1.663,1.73395,1.7929,1.83725,1.97255,2.0324,2.03225,2.05975,2.099,2.124,2.145,2.173,2.208,2.248,2.281,2.31275,2.3525,2.26775,2.14225,2.025,1.894,1.802
2022-09-09,0.5472,0.6005,0.628,0.765,0.9345,1.125,1.2751,1.4075,1.524,1.618,1.688,1.75005,1.80555,1.8505,1.981,2.02625,2.02725,2.043,2.0731,2.095,2.1208,2.15145,2.19025,2.231,2.27085,2.30525,2.357,2.2914,2.176,2.072,1.946,1.85865
2022-09-12,0.653,0.654,0.654,0.782,0.95445,1.15975,1.3015,1.43,1.544,1.6335,1.7035,1.764,1.8163,1.863,1.979,2.018,2.00045,2.01,2.03475,2.05325,2.06845,2.095,2.128,2.165,2.2,2.232,2.277,2.21,2.097,1.994,1.877,1.777
2022-09-13,0.65,0.6505,0.65015,0.7965,0.971,1.19525,1.35705,1.49575,1.627,1.716,1.802,1.868,1.9215,1.97575,2.104,2.1465,2.133,2.132,2.151,2.163,2.174,2.1965,2.2235,2.257,2.289,2.318,2.3585,2.2825,2.168,2.066,1.944,1.862
2022-09-14,0.634,0.634,0.634,0.797,0.9735,1.20605,1.3815,1.5235,1.6615,1.758,1.846,1.915,1.972,2.025,2.164,2.202,2.177,2.162,2.168,2.172,2.179,2.196,2.2175,2.248,2.275,2.297,2.327,2.242,2.122,2.012,1.886,1.794
2022-09-15,0.6461,0.646,0.646,0.8585,1.0091,1.2565,1.44505,1.59075,1.725,1.83,1.919,1.991,2.0555,2.10525,2.249,2.291,2.25175,2.22,2.212,2.203,2.203,2.214,2.233,2.257,2.278,2.294,2.309,2.213,2.092,1.982,1.8495,1.758
2022-09-16,0.6515,0.649,0.6495,0.868,1.026,1.2719,1.45095,1.5884,1.72505,1.83255,1.919,1.9805,2.04,2.08725,2.231,2.253,2.204,2.183,2.18,2.174,2.174,2.185,2.204,2.227,2.249,2.266,2.281,2.1835,2.0605,1.9475,1.813,1.719
2022-09-19,0.65305,0.652,0.652,0.874,1.036,1.3015,1.4739,1.61755,1.757,1.8665,1.955,2.025,2.087,2.141,2.288,2.325,2.275,2.246,2.237,2.228,2.223,2.23,2.244,2.264,2.285,2.303,2.3175,2.2225,2.0995,1.986,1.849,1.76
2022-09-20,0.65595,0.6538,0.6552,0.888,1.053,1.30215,1.4781,1.6255,1.7845,1.88975,1.9899,2.07755,2.14125,2.1977,2.3696,2.421,2.386,2.3635,2.357,2.349,2.344,2.353,2.3695,2.3895,2.41,2.4235,2.434,2.335,2.209,2.092,1.954,1.86
2022-09-21,0.656,0.65305,0.655,0.897,1.0637,1.3065,1.497,1.647,1.81,1.924,2.025,2.116,2.187,2.24875,2.443,2.505,2.47675,2.4365,2.416,2.39675,2.382,2.38375,2.39,2.401,2.41,2.419,2.41575,2.29475,2.15225,2.02075,1.8685,1.776
2022-09-22,0.652,0.654,0.6548,0.95,1.125,1.346,1.543,1.691,1.843,1.964,2.065,2.1545,2.233,2.29,2.49,2.562,2.546,2.5265,2.517,2.497,2.475,2.47,2.47375,2.479,2.491,2.492,2.478,2.34,2.185,2.049,1.8975,1.7895
2022-09-23,0.655,0.655,0.6552,0.956,1.1323,1.36035,1.5529,1.70425,1.859,1.9885,2.089,2.185,2.271,2.34,2.585,2.689,2.69425,2.65,2.6235,2.59675,2.5735,2.5665,2.563,2.566,2.568,2.563,2.535,2.379,2.2065,2.058,1.8885,1.7685
2022-09-26,0.65765,0.6596,0.66045,0.975,1.1666,1.403,1.58575,1.736,1.888,2.0125,2.117,2.213,2.3005,2.376,2.634,2.749,2.784,2.776,2.771,2.75475,2.73625,2.73125,2.73225,2.73425,2.736,2.72825,2.692,2.51475,2.32125,2.15675,1.966,1.833
2022-09-27,0.659,0.66,0.66,0.978,1.168,1.39595,1.577,1.733,1.883,2.012,2.123,2.225,2.308,2.38625,2.6455,2.768,2.821,2.827,2.84,2.838,2.834,2.84075,2.85275,2.86525,2.871,2.8725,2.844,2.665,2.466,2.301,2.128,2.008
2022-09-28,0.65995,0.6601,0.661,0.9761,1.163,1.3763,1.54775,1.7057,1.834,1.956,2.0619,2.1445,2.22,2.29,2.518,2.64,2.66975,2.7281,2.74875,2.764,2.76325,2.77775,2.79675,2.796,2.829,2.822,2.80625,2.651,2.441,2.27775,2.077,1.948
2022-09-29,0.66,0.66,0.683,1.03,1.223,1.411,1.574,1.728,1.85425,1.973,2.06,2.14425,2.2203,2.2825,2.49675,2.592,2.651,2.71,2.758,2.785,2.805,2.832,2.8595,2.89,2.90075,2.931,2.935,2.76125,2.57375,2.40975,2.216,2.079
2022-09-30,0.66,0.66,0.706,1.035,1.2377,1.439,1.606,1.7467,1.874,1.98625,2.07325,2.1525,2.2245,2.29025,2.48,2.55475,2.593,2.627,2.661,2.692,2.717,2.74,2.771,2.796,2.826,2.837,2.843,2.7,2.513,2.35,2.169,2.016
2022-10-03,0.66025,0.66,0.7645,1.03345,1.232,1.40905,1.5605,1.69205,1.802,1.9,1.98,2.057,2.116,2.175,2.338,2.402,2.41125,2.446,2.4767,2.508,2.533,2.561,2.589,2.62,2.643,2.669,2.682,2.541,2.3615,2.204,2.025,1.894
2022-10-04,0.661,0.66,0.7675,1.04225,1.24125,1.41075,1.5575,1.68725,1.79725,1.88325,1.95875,2.0255,2.0825,2.13,2.277,2.32725,2.35,2.377,2.405,2.43625,2.462,2.491,2.52,2.555,2.583,2.60375,2.6245,2.49575,2.32865,2.18225,2.003,1.878
2022-10-05,0.66,0.66,0.7723,1.06295,1.2859,1.4415,1.59655,1.7505,1.84575,1.9405,2.02425,2.09725,2.15975,2.2115,2.3795,2.443,2.49125,2.51625,2.558,2.58575,2.61025,2.64025,2.67025,2.7,2.72275,2.746,2.751,2.61025,2.43975,2.28675,2.0956,1.977
2022-10-06,0.655,0.6544,0.836,1.10525,1.31775,1.48975,1.65175,1.80675,1.92175,2.04195,2.1294,2.21275,2.289,2.337,2.5215,2.6,2.65,2.666,2.689,2.708,2.728,2.755,2.77,2.808,2.837,2.846,2.841,2.695,2.507,2.344,2.138,1.993
2022-10-07,0.65425,0.6536,0.8597,1.10895,1.333,1.522,1.682,1.82925,1.9585,2.0815,2.17475,2.26075,2.3375,2.407,2.615,2.705,2.755,2.789,2.816,2.837,2.85475,2.879,2.90375,2.93,2.946,2.964,2.96225,2.80475,2.61575,2.449,2.237,2.104
2022-10-10,0.655,0.65475,0.91175,1.1196,1.354,1.54225,1.70525,1.85875,1.98325,2.103,2.198,2.28725,2.35675,2.419,2.623,2.72275,2.81175,2.865,2.91,2.9465,2.968,2.997,3.024,3.053,3.07475,3.089,3.092,2.94175,2.75475,2.58775,2.376,2.245
2022-10-11,0.655,0.65615,0.92,1.131,1.36975,1.54775,1.7105,1.86225,1.98825,2.08925,2.18225,2.26675,2.337,2.398,2.597,2.684,2.745,2.793,2.844,2.88575,2.92,2.954,2.98775,3.02605,3.055,3.072,3.079,2.9348,2.7496,2.58475,2.375,2.235
2022-10-12,0.65525,0.65525,0.928,1.139,1.39375,1.555,1.70825,1.856,1.97375,2.07725,2.16675,2.251,2.315,2.37875,2.573,2.664,2.724,2.782,2.831,2.878,2.916,2.957,2.996,3.035,3.05425,3.08875,3.108,2.954,2.76875,2.609,2.394,2.258
2022-10-13,0.655,0.6535,0.996,1.18355,1.433,1.613,1.765,1.914,2.028,2.138,2.223,2.304,2.377,2.434,2.628,2.717,2.767,2.799,2.834,2.863,2.888,2.919,2.95,2.976,3.001,3.024,3.036,2.882,2.688,2.519,2.294,2.164
2022-10-14,0.655,0.655,1.02375,1.19725,1.456,1.653,1.80075,1.9435,2.06175,2.17225,2.26075,2.34175,2.412,2.4615,2.663,2.745,2.793,2.819,2.8605,2.896,2.922,2.961,2.997,3.028,3.067,3.08,3.102,2.969,2.785,2.626,2.404,2.272
2022-10-17,0.656,0.65625,1.075,1.2185,1.48225,1.6695,1.8215,1.9645,2.08175,2.18625,2.278,2.36425,2.42825,2.48725,2.674,2.752,2.784,2.813,2.856,2.87475,2.891,2.919,2.946,2.97575,2.994,3.022,3.037,2.884,2.69275,2.52625,2.302,2.177
2022-10-18,0.655,0.7057,1.0895,1.232,1.4924,1.67,1.8145,1.963,2.08375,2.17745,2.266,2.346,2.40975,2.46975,2.648,2.72,2.734,2.755,2.796,2.807,2.824,2.851,2.874,2.915,2.94355,2.966,2.9845,2.845,2.65675,2.49125,2.2695,2.139
2022-10-19,0.655,0.75775,1.098,1.2366,1.52,1.691,1.8398,1.992,2.11315,2.214,2.3072,2.389,2.4592,2.52,2.712,2.798,2.8335,2.8555,2.879,2.9,2.9145,2.939,2.958,2.98225,3.00575,3.02575,3.038,2.89,2.69075,2.51675,2.29625,2.14925
2022-10-20,0.65475,0.915,1.17025,1.342,1.557,1.739,1.8822,2.0364,2.1569,2.2698,2.3566,2.4402,2.5134,2.573,2.767,2.853,2.894,2.899,2.919,2.937,2.945,2.969,2.996,3.024,3.03775,3.067,3.077,2.924,2.729,2.563,2.32775,2.216
2022-10-21,0.6555,0.963,1.191,1.3485,1.554,1.72975,1.863,1.988,2.092,2.188,2.267,2.34,2.403,2.451,2.6285,2.7085,2.754,2.787,2.826,2.853,2.881,2.913,2.946,2.99,3.01575,3.043,3.064,2.928,2.741,2.582,2.356,2.218
2022-10-24,0.6525,1.014,1.2221,1.357,1.5715,1.74475,1.8725,1.9964,2.10275,2.19025,2.2685,2.348,2.40375,2.453,2.612,2.68275,2.707,2.7295,2.75275,2.772,2.78825,2.815,2.84475,2.88525,2.90925,2.93625,2.96125,2.83025,2.64675,2.48675,2.2465,2.107
2022-10-25,0.75525,1.0741,1.24975,1.3764,1.5891,1.7496,1.8709,1.991,2.09125,2.16875,2.24025,2.30725,2.35925,2.409,2.552,2.608,2.62075,2.6265,2.6385,2.6464,2.65625,2.677,2.703,2.73075,2.76175,2.78225,2.80875,2.694,2.511,2.356,2.12025,1.975
2022-10-26,0.8595,1.1211,1.2635,1.3927,1.606,1.7545,1.87175,1.9833,2.076,2.15,2.21775,2.2805,2.335,2.38275,2.514,2.568,2.58,2.594,2.612,2.623,2.6345,2.654,2.681,2.70425,2.741,2.759,2.792,2.68,2.51,2.362,2.126,1.997
2022-10-27,1.184,1.289,1.345,1.4535,1.63175,1.76125,1.869,1.947,2.021,2.076,2.127,2.17375,2.203,2.2145,2.3095,2.3455,2.39,2.392,2.4205,2.432,2.457,2.485,2.52,2.56925,2.6036,2.632,2.678,2.5765,2.4165,2.2765,2.068,1.95
2022-10-28,1.2892,1.3422,1.3708,1.5035,1.672,1.819,1.95175,2.04725,2.12775,2.20075,2.25875,2.31525,2.365,2.405,2.531,2.58075,2.59325,2.59075,2.60775,2.6175,2.625,2.647,2.673,2.69875,2.727,2.75025,2.7765,2.66,2.486,2.337,2.119,1.984
2022-10-31,1.40125,1.401,1.401,1.523,1.69625,1.844,1.9775,2.076,2.16975,2.243,2.30725,2.36825,2.41225,2.454,2.574,2.624,2.626,2.624,2.635,2.651,2.666,2.69025,2.719,2.75175,2.78075,2.805,2.836,2.724,2.55175,2.40425,2.18175,2.059
2022-11-01,1.4,1.399,1.40075,1.535,1.702,1.8525,1.98,2.08425,2.183,2.2535,2.32,2.381,2.4278,2.466,2.579,2.62225,2.61775,2.615,2.62,2.63425,2.64925,2.67045,2.69875,2.734,2.763,2.791,2.821,2.71,2.544,2.401,2.1915,2.058
2022-11-02,1.4,1.399,1.3995,1.5443,1.717,1.8671,1.98975,2.09775,2.19125,2.2645,2.33125,2.39075,2.4385,2.4809,2.5976,2.642,2.632,2.629,2.625,2.635,2.64805,2.6681,2.689,2.723,2.75045,2.772,2.796,2.68,2.51,2.3647,2.1495,2.017
2022-11-03,1.402,1.401,1.4015,1.5915,1.733,1.8855,2.037,2.13105,2.23025,2.31325,2.3871,2.45055,2.506,2.546,2.67875,2.72725,2.72665,2.722,2.722,2.734,2.744,2.761,2.787,2.817,2.846,2.866,2.884,2.76225,2.58925,2.43725,2.217,2.077
2022-11-04,1.402,1.402,1.40275,1.59775,1.7465,1.9065,2.0565,2.1525,2.2575,2.34795,2.41675,2.48175,2.53725,2.584,2.7235,2.776,2.768,2.762,2.768,2.776,2.785,2.805,2.829,2.862,2.884,2.907,2.926,2.8028,2.6307,2.48,2.257,2.1011
2022-11-07,1.40225,1.402,1.40275,1.6037,1.76,1.917,2.067,2.1695,2.2775,2.3675,2.44175,2.514,2.565,2.603,2.741,2.786,2.787,2.7785,2.786,2.789,2.798,2.816,2.841,2.857,2.89625,2.907,2.928,2.818,2.649,2.499,2.277,2.135
2022-11-08,1.402,1.4019,1.404,1.61825,1.77525,1.935,2.083,2.189,2.303,2.383,2.45725,2.523,2.573,2.617,2.742,2.783,2.746,2.7195,2.7165,2.7175,2.722,2.7375,2.7595,2.7865,2.81025,2.833,2.853,2.728,2.55875,2.408,2.189,2.055
2022-11-09,1.40625,1.4082,1.4065,1.6289,1.79875,1.95025,2.08005,2.18525,2.28825,2.3641,2.43225,2.48955,2.5362,2.57725,2.678,2.69825,2.64625,2.606,2.59625,2.597,2.60155,2.618,2.638,2.669,2.695,2.716,2.737,2.622,2.4562,2.311,2.108,1.984
2022-11-10,1.40625,1.40925,1.4074,1.655,1.794,1.93755,2.0705,2.1726,2.261,2.3324,2.39375,2.445,2.486,2.509,2.582,2.58375,2.516,2.473,2.457,2.46,2.468,2.486,2.513,2.541,2.575,2.599,2.631,2.534,2.38,2.245,2.05125,1.935
2022-11-11,1.40625,1.40925,1.4065,1.66875,1.81955,1.96475,2.11655,2.21775,2.315,2.39775,2.45905,2.51305,2.5565,2.587,2.66175,2.663,2.593,2.55125,2.534,2.539,2.541,2.563,2.58855,2.625,2.649,2.672,2.698,2.584,2.42575,2.285,2.08715,1.987
2022-11-14,1.406,1.40495,1.40675,1.66975,1.8256,1.96825,2.11725,2.22175,2.32075,2.403,2.466,2.524,2.56275,2.599,2.674,2.672,2.60025,2.552,2.537,2.538,2.541,2.558,2.579,2.608,2.636,2.659,2.685,2.5826,2.426,2.28675,2.09175,1.989
2022-11-15,1.40275,1.408,1.4115,1.6765,1.831,1.971,2.108,2.216,2.31475,2.387,2.451,2.50475,2.544,2.54,2.617,2.605,2.56,2.515,2.513,2.506,2.505,2.52,2.534,2.558,2.581,2.608,2.631,2.524,2.372,2.236,2.042,1.939
2022-11-16,1.40475,1.4097,1.413,1.667,1.826,1.951,2.075,2.172,2.261,2.335,2.395,2.439,2.476,2.511,2.575,2.565,2.472,2.434,2.396,2.3885,2.388,2.408,2.43,2.448,2.498,2.496,2.517,2.4409,2.286,2.149,1.964,1.839
2022-11-17,1.41,1.41195,1.41425,1.7135,1.85555,1.977,2.1169,2.22215,2.31,2.3855,2.449,2.503,2.5465,2.581,2.643,2.63,2.553,2.499,2.476,2.46595,2.463,2.474,2.494,2.518,2.53625,2.55525,2.56625,2.452,2.293,2.15225,1.9685,1.871
2022-11-18,1.403,1.4045,1.42425,1.71475,1.8644,1.98625,2.1336,2.22825,2.3176,2.3947,2.4525,2.5035,2.5443,2.578,2.64475,2.63325,2.552,2.51,2.493,2.479,2.47,2.481,2.494,2.515,2.537,2.553,2.562,2.45,2.293,2.154,1.9705,1.875
2022-11-21,1.40525,1.4052,1.4455,1.72125,1.87625,1.99625,2.1425,2.243,2.33325,2.4105,2.47075,2.52575,2.5615,2.597,2.658,2.642,2.553,2.499,2.477,2.46325,2.459,2.466,2.481,2.502,2.50775,2.53275,2.543,2.41425,2.25875,2.12175,1.94145,1.851
2022-11-22,1.4044,1.4046,1.5135,1.7365,1.893,2.0145,2.1515,2.253,2.3465,2.414,2.473,2.523,2.56,2.592,2.6383,2.616,2.526,2.467,2.439,2.421,2.414,2.4225,2.436,2.456,2.475,2.491,2.498,2.38325,2.23,2.093,1.904,1.808
2022-11-23,1.4044,1.40475,1.5175,1.7491,1.9215,2.0463,2.17345,2.27665,2.36915,2.43875,2.4988,2.5477,2.58565,2.619,2.674,2.651,2.55025,2.47725,2.43725,2.414,2.4,2.4005,2.409,2.422,2.431,2.44825,2.44675,2.31675,2.16275,2.02725,1.83745,1.749
2022-11-24,1.40445,1.405,1.5434,1.781,1.9385,2.062,2.19225,2.295,2.3765,2.443,2.499,2.544,2.581,2.6085,2.653,2.621,2.495,2.411,2.357,2.329,2.313,2.313,2.317,2.32925,2.344,2.35225,2.35,2.22355,2.069,1.935,1.746,1.61275
2022-11-25,1.405,1.40495,1.5695,1.8025,1.9645,2.0965,2.2225,2.326,2.411,2.4815,2.5335,2.5785,2.6155,2.6465,2.698,2.67875,2.566,2.488,2.445,2.41075,2.401,2.39825,2.41,2.425,2.433,2.442,2.429,2.29,2.12925,1.98975,1.80425,1.709
2022-11-28,1.40456,1.405,1.59171,1.812,1.9766,2.12,2.236,2.34225,2.4235,2.49,2.544,2.58586,2.622,2.647,2.70125,2.684,2.58475,2.503,2.45875,2.43025,2.41725,2.41875,2.43,2.44525,2.46075,2.4705,2.461,2.32675,2.16175,2.015,1.81525,1.719
2022-11-29,1.405,1.40478,1.61375,1.788,1.9422,2.08973,2.204,2.3015,2.3835,2.443,2.4935,2.5355,2.568,2.595,2.646,2.629,2.529,2.453,2.408,2.384,2.376,2.384,2.399,2.42325,2.439,2.45525,2.4595,2.328,2.164,2.02,1.835,1.732
2022-11-30,1.405,1.40481,1.62163,1.7964,1.953,2.098,2.21,2.309,2.386,2.449,2.502,2.538,2.571,2.58925,2.64,2.61625,2.507,2.433,2.39641,2.367,2.362,2.365,2.383,2.41275,2.42439,2.442,2.44575,2.3065,2.14125,1.99425,1.80463,1.687
2022-12-01,1.40475,1.40425,1.663,1.80875,1.96775,2.095,2.20325,2.29575,2.3625,2.42,2.46025,2.4925,2.5195,2.5485,2.568,2.523,2.389,2.312,2.277,2.245,2.236,2.245,2.263,2.28525,2.3029,2.32025,2.32525,2.19725,2.03025,1.8838,1.69475,1.594
2022-12-02,1.40475,1.40475,1.687,1.82425,1.98325,2.1181,2.2335,2.32415,2.397,2.45785,2.50265,2.53915,2.57015,2.593,2.624,2.588,2.476,2.394,2.34,2.30975,2.293,2.294,2.303,2.31975,2.33575,2.34675,2.342,2.20675,2.0285,1.87225,1.675,1.548
2022-12-05,1.40475,1.40495,1.7095,1.8212,1.981,2.135,2.229,2.328,2.40425,2.46575,2.51425,2.5545,2.585,2.61325,2.656,2.626,2.511,2.421,2.373,2.341,2.32,2.318,2.32565,2.34675,2.3551,2.36675,2.35675,2.20745,2.0264,1.868,1.663,1.537
2022-12-06,1.40325,1.4429,1.71625,1.826,1.987,2.13075,2.221,2.31825,2.394,2.449,2.49375,2.52975,2.55875,2.58,2.608,2.568,2.448,2.36,2.312,2.276,2.2565,2.25705,2.26505,2.276,2.294,2.29825,2.29125,2.15475,1.97825,1.82525,1.62025,1.47625
2022-12-07,1.40475,1.48125,1.734,1.8515,2.007,2.147,2.2405,2.33525,2.4055,2.458,2.502,2.531,2.5575,2.578,2.593,2.549,2.419,2.331,2.282,2.252,2.239,2.24,2.252,2.27475,2.29075,2.301,2.297,2.15775,1.98075,1.82925,1.62,1.476
2022-12-08,1.40375,1.6245,1.7965,1.915,2.053,2.18125,2.278,2.368,2.435,2.489,2.527,2.558,2.585,2.613,2.63675,2.5985,2.459,2.38175,2.337,2.304,2.283,2.282,2.29325,2.309,2.322,2.331,2.323,2.174,1.99,1.832,1.60925,1.484
2022-12-09,1.40375,1.6377,1.809,1.915,2.053,2.188,2.294,2.38065,2.44825,2.50325,2.543,2.576,2.603,2.625,2.653,2.62,2.503,2.426,2.384,2.355,2.3355,2.335,2.3425,2.359,2.37325,2.377,2.365,2.21175,2.03225,1.877,1.653,1.494
2022-12-12,1.405,1.67525,1.8311,1.9262,2.0612,2.197,2.30005,2.392,2.462,2.518,2.563,2.599,2.6245,2.651,2.695,2.675,2.572,2.48,2.442,2.401,2.3775,2.371,2.365,2.386,2.37575,2.39475,2.37175,2.19675,2.023,1.85825,1.64225,1.503
2022-12-13,1.47925,1.706,1.83025,1.929,2.057,2.19625,2.284,2.3715,2.441,2.49075,2.53275,2.56575,2.59225,2.61625,2.65,2.62525,2.522,2.447,2.401,2.368,2.357,2.347,2.353,2.366,2.38325,2.38125,2.36475,2.231,2.059,1.914,1.70325,1.538
2022-12-14,1.55875,1.74975,1.85375,1.953,2.076,2.212,2.303,2.389,2.45225,2.50075,2.54225,2.575,2.601,2.621,2.643,2.609,2.498,2.408,2.36,2.331,2.316,2.312,2.32,2.333,2.344,2.362,2.36,2.23,2.069,1.933,1.728,1.58
2022-12-15,1.774,1.824,1.86475,1.97125,2.0923,2.255,2.373,2.486,2.573,2.65,2.702,2.748,2.779,2.80925,2.856,2.823,2.698,2.618,2.566,2.519,2.472,2.457,2.45,2.45,2.45,2.456,2.436,2.2815,2.1051,1.9595,1.756,1.602
2022-12-16,1.82775,1.85225,1.87825,1.97555,2.0954,2.2639,2.3932,2.496,2.5894,2.6703,2.7335,2.7861,2.8304,2.862,2.917,2.88,2.747,2.664,2.611,2.571,2.541,2.529,2.528,2.533,2.54475,2.538,2.515,2.3675,2.194,2.0465,1.838,1.659
2022-12-19,1.896,1.89025,1.895,1.9948,2.109,2.281,2.408,2.518,2.615,2.697,2.764,2.82,2.863,2.89975,2.959,2.913,2.771,2.679,2.623,2.58325,2.56025,2.551,2.551,2.561,2.568,2.57075,2.54925,2.39875,2.226,2.082,1.881,1.716
2022-12-20,1.898,1.89575,1.8965,2.008,2.12575,2.31225,2.43025,2.54775,2.6545,2.7335,2.80325,2.861,2.907,2.9441,3.014,2.981,2.844,2.758,2.706,2.676,2.655,2.64825,2.65425,2.666,2.67275,2.677,2.655,2.5025,2.33375,2.19125,1.99,1.835
2022-12-21,1.898,1.889,1.896,2.0161,2.1378,2.322,2.447,2.567,2.67375,2.759,2.83575,2.88875,2.9375,2.981,3.048,3.013,2.88,2.793,2.755,2.715,2.692,2.682,2.687,2.7,2.70625,2.714,2.695,2.54575,2.37675,2.2325,2.04125,1.88525
2022-12-22,1.8775,1.89575,1.8966,2.0495,2.17825,2.3475,2.492,2.604,2.703,2.79425,2.863,2.92,2.969,3.011,3.079,3.044,2.91,2.828,2.778,2.747,2.726,2.721,2.728,2.741,2.763,2.757,2.738,2.602,2.432,2.288,2.093,1.947
2022-12-23,1.889,1.89575,1.89825,2.0625,2.19775,2.369,2.513,2.635,2.744,2.838,2.91225,2.97525,3.022,3.071,3.148,3.118,3.0,2.9055,2.8585,2.8205,2.7905,2.783,2.786,2.795,2.792,2.811,2.791,2.632,2.46,2.317,2.125,1.99
2022-12-26,1.889,,,,,,,,,,,,,3.071,3.148,3.118,3.0,2.914,2.866,2.827,2.798,2.785,2.786,2.795,,2.8035,2.7835,,,,,
2022-12-27,1.88375,1.89605,1.90175,2.0695,2.2152,2.378,2.524,2.65375,2.7722,2.8666,2.947,3.013,3.0645,3.106,3.186,3.16,3.049,2.969,2.9345,2.906,2.88,2.8725,2.88,2.8855,2.89475,2.9015,2.891,2.74125,2.5695,2.4265,2.246,2.082
2022-12-28,1.887,1.8969,1.9025,2.06325,2.209,2.358,2.503,2.628,2.738,2.832,2.908,2.971,3.02125,3.065,3.142,3.11325,2.99375,2.929,2.896,2.873,2.85,2.845,2.854,2.87,2.875,2.88525,2.86375,2.712,2.539,2.39375,2.19875,2.065
2022-12-29,1.90125,1.902,1.9025,2.0765,2.239,2.377,2.52125,2.64575,2.7505,2.8545,2.923,2.9845,3.03625,3.069,3.135,3.101,2.985,2.89725,2.84525,2.8182,2.8,2.795,2.79925,2.81,2.822,2.8271,2.8074,2.661,2.48945,2.34375,2.15,1.999
2022-12-30,1.90325,1.9025,1.9039,2.0928,2.2557,2.403,2.5587,2.67295,2.7846,2.88725,2.96075,3.02375,3.07475,3.11525,3.189,3.152,3.044,2.978,2.951,2.93225,2.91275,2.90925,2.919,2.937,2.949,2.953,2.9335,2.789,2.616,2.471,2.273,2.133
2023-01-02,1.90375,1.902,1.903,2.1079,2.2605,2.401,2.54875,2.663,2.77,2.865,2.936,2.999,3.041,3.08,3.136,3.094,2.9645,2.881,2.83455,2.8,2.78,2.774,2.779,2.796,2.8055,2.815,2.801,2.6525,2.4785,2.332,2.136,1.983
2023-01-03,1.90325,1.903,1.903,2.1105,2.27,2.411,2.553,2.6705,2.781,2.86325,2.93,2.9865,3.026,3.065,3.108,3.057,2.9071,2.81025,2.755,2.71775,2.696,2.69125,2.70025,2.71575,2.739,2.74175,2.73075,2.593,2.418,2.267,2.066,1.906
2023-01-04,1.90325,1.902,1.90325,2.113,2.278,2.421,2.554,2.665,2.76425,2.841,2.90075,2.9505,2.9875,3.02,3.044,2.98075,2.81875,2.714,2.652,2.612,2.592,2.597,2.615,2.634,2.65145,2.671,2.673,2.5415,2.37,2.225,2.027,1.871
2023-01-05,1.90325,1.9025,1.91875,2.14325,2.32975,2.44925,2.595,2.711,2.80575,2.89025,2.947,2.997,3.036,3.07025,3.0965,3.0285,2.871,2.775,2.714,2.674,2.65,2.64775,2.66,2.67825,2.69875,2.71375,2.71175,2.575,2.407,2.264,2.0585,1.907
2023-01-06,1.90225,1.9025,1.934,2.1495,2.3321,2.4545,2.6055,2.7085,2.8015,2.8785,2.9345,2.9835,3.022,3.039,3.061,2.99,2.827,2.706,2.631,2.586,2.563,2.558,2.566,2.581,2.60175,2.61425,2.616,2.4855,2.32525,2.187,1.984,1.833
2023-01-09,1.90225,1.9039,1.97675,2.166,2.33725,2.46475,2.61275,2.7222,2.8165,2.89415,2.95315,3.00435,3.039,3.069,3.086,3.01,2.822,2.711,2.651,2.605,2.582,2.577,2.586,2.601,2.616,2.629,2.6332,2.5065,2.349,2.214,2.0105,1.865
2023-01-10,1.90225,1.90405,1.979,2.1725,2.35,2.48025,2.62275,2.735,2.838,2.914,2.975,3.026,3.062,3.09,3.109,3.0275,2.8425,2.741,2.683,2.646,2.62475,2.623,2.633,2.64475,2.66625,2.673,2.67475,2.555,2.396,2.258,2.04725,1.886
2023-01-11,1.90225,1.90225,1.98075,2.174,2.3482,2.481,2.602,2.69525,2.78625,2.85725,2.91025,2.95325,2.98575,3.01375,3.00975,2.92325,2.736,2.62225,2.55775,2.52,2.501,2.496,2.50675,2.526,2.539,2.555,2.561,2.448,2.295,2.158,1.9615,1.795
2023-01-12,1.90225,1.90225,2.0285,2.201,2.391,2.511,2.637,2.744,2.827,2.9,2.946,2.987,3.019,3.03975,3.022,2.916,2.705,2.582,2.51,2.469,2.448,2.445,2.453,2.46,2.489,2.492,2.501,2.407,2.261,2.131,1.92925,1.765
2023-01-13,1.90225,1.9024,2.04425,2.21025,2.39775,2.5226,2.652,2.7543,2.8428,2.916,2.9675,3.009,3.04175,3.066,3.051,2.947,2.727,2.6,2.525,2.4835,2.455,2.45,2.458,2.477,2.48775,2.506,2.52,2.415,2.2755,2.14475,1.946,1.805
2023-01-16,1.90225,1.90255,2.08125,2.226,2.412,2.537,2.662,2.763,2.849,2.918,2.969,3.012,3.041,3.064,3.042,2.931,2.701,2.572,2.501,2.458,2.437,2.4345,2.445,2.464,2.48125,2.495,2.506,2.40825,2.26975,2.141,1.951,1.81775
2023-01-17,1.90225,1.9026,2.08675,2.23125,2.40725,2.523,2.63375,2.7275,2.80875,2.863,2.9065,2.94075,2.96525,2.98,2.944,2.832,2.615,2.479,2.401,2.365,2.348,2.347,2.36,2.38325,2.40925,2.41925,2.43475,2.3505,2.218,2.0981,1.92775,1.791
2023-01-18,1.90225,1.90275,2.09345,2.238,2.424,2.551,2.652,2.74525,2.8225,2.87925,2.92225,2.9555,2.981,2.9975,2.954,2.841,2.622,2.487,2.4,2.353,2.328,2.322,2.331,2.334,2.366,2.366,2.377,2.30025,2.16775,2.04575,1.87925,1.725
2023-01-19,1.90325,1.90405,2.1415,2.272,2.468,2.587,2.69975,2.8,2.876,2.941,2.9835,3.018,3.047,3.05975,3.02225,2.906,2.685,2.548,2.471,2.416,2.388,2.377,2.382,2.39575,2.413,2.42325,2.43075,2.33275,2.19675,2.076,1.901,1.765
2023-01-20,1.9034,1.9049,2.15725,2.287,2.47575,2.60075,2.71975,2.813,2.894,2.95725,3.0035,3.03975,3.071,3.09,3.066,2.9595,2.753,2.63,2.563,2.515,2.488,2.48,2.483,2.497,2.508,2.527,2.536,2.43,2.297,2.178,2.007,1.868
2023-01-23,1.90355,1.9039,2.1891,2.32255,2.492,2.61675,2.734,2.829,2.91,2.975,3.024,3.064,3.0935,3.117,3.1005,3.002,2.808,2.686,2.619,2.568,2.542,2.535,2.538,2.554,2.56975,2.586,2.597,2.49025,2.3575,2.23725,2.0455,1.931
2023-01-24,1.9036,1.9396,2.1984,2.33,2.4994,2.622,2.732,2.827,2.909,2.965,3.011,3.0475,3.07475,3.09,3.073,2.965,2.764,2.634,2.56,2.512,2.486,2.477,2.48,2.49425,2.50925,2.52175,2.53025,2.42475,2.28725,2.16375,1.9912,1.865
2023-01-25,1.90375,1.97445,2.2075,2.3369,2.51,2.64,2.739,2.82925,2.9055,2.96025,3.004,3.03775,3.06425,3.085,3.053,2.948,2.744,2.61,2.539,2.501,2.473,2.466,2.473,2.489,2.50325,2.52,2.532,2.43125,2.29775,2.17925,2.01275,1.88
2023-01-26,1.90375,2.08075,2.24575,2.38575,2.538,2.668,2.774,2.863,2.93325,2.9875,3.0315,3.0635,3.08975,3.112,3.084,2.984,2.777,2.645,2.57,2.527,2.502,2.494,2.502,2.516,2.535,2.548,2.559,2.461,2.32825,2.20925,2.04235,1.909
2023-01-27,1.90375,2.11625,2.25875,2.402,2.5457,2.6808,2.78225,2.87225,2.945,2.99725,3.043,3.0745,3.099,3.124,3.094,2.9995,2.8,2.672,2.595,2.555,2.534,2.53,2.538,2.557,2.574,2.586,2.597,2.498,2.364,2.244,2.06085,1.932
2023-01-30,1.904,2.15375,2.27925,2.43875,2.57775,2.706,2.82075,2.9095,2.99025,3.05175,3.0995,3.13475,3.16375,3.186,3.167,3.073,2.879,2.755,2.683,2.64,2.615,2.607,2.61,2.624,2.64,2.646,2.65,2.54825,2.406,2.274,2.08665,1.971
2023-01-31,1.97575,2.192,2.3,2.449,2.58425,2.716,2.826,2.9175,3.00125,3.05525,3.103,3.139,3.165,3.1875,3.1615,3.0635,2.8655,2.7415,2.6685,2.624,2.5995,2.592,2.597,2.611,2.62475,2.638,2.643,2.539,2.39625,2.277,2.09575,1.95425
2023-02-01,2.047,2.22625,2.3151,2.456,2.5934,2.73625,2.8375,2.934,3.018,3.07565,3.12375,3.1595,3.186,3.21,3.179,3.077,2.874,2.752,2.682,2.626,2.604,2.5855,2.5885,2.5985,2.609,2.6215,2.626,2.514,2.374,2.25,2.063,1.951
2023-02-02,2.259,2.331,2.368,2.503,2.631,2.75,2.841,2.923,2.983,3.028,3.059,3.084,3.107,3.1165,3.0535,2.92425,2.6945,2.5565,2.482,2.427,2.3935,2.3835,2.394,2.412,2.42875,2.4375,2.459,2.377,2.263,2.147,1.967,1.868
2023-02-03,2.3301,2.36625,2.3851,2.544,2.64225,2.7685,2.8667,2.947,3.009,3.06,3.094,3.117,3.13975,3.175,3.115,2.99,2.744,2.623,2.564,2.521,2.507,2.501,2.5005,2.515,2.534,2.551,2.569,2.487,2.36925,2.258,2.0925,1.975
2023-02-06,2.40125,2.40175,2.4035,2.557,2.656,2.787,2.89475,2.9745,3.04325,3.0955,3.1355,3.16475,3.18675,3.204,3.162,3.055,2.864,2.741,2.677,2.635,2.611,2.606,2.61175,2.62675,2.644,2.65575,2.664,2.568,2.434,2.31125,2.147,2.023
2023-02-07,2.40125,2.40175,2.40275,2.56275,2.667,2.804,2.913,2.999,3.07575,3.12475,3.16725,3.19975,3.22125,3.2405,3.198,3.086,2.8915,2.789,2.735,2.694,2.67,2.664,2.667,2.6795,2.696,2.705,2.7085,2.6055,2.468,2.34575,2.1695,2.0615
2023-02-08,2.39925,2.3999,2.401,2.56425,2.67175,2.81825,2.916,3.00375,3.07725,3.1285,3.171,3.202,3.225,3.2415,3.189,3.078,2.885,2.761,2.695,2.656,2.636,2.633,2.642,2.644,2.673,2.671,2.673,2.585,2.445,2.322,2.15985,2.042
2023-02-09,2.401,2.4,2.403,2.58425,2.7105,2.83025,2.935,3.02375,3.09125,3.143,3.184,3.214,3.238,3.2605,3.219,3.109,2.886,2.761,2.689,2.648,2.624,2.619,2.626,2.641,2.655,2.667,2.672,2.57,2.432,2.309,2.12625,2.033
2023-02-10,2.4025,2.40185,2.4025,2.59525,2.72025,2.85075,2.95935,3.04945,3.124,3.182,3.224,3.25775,3.28485,3.308,3.266,3.157,2.95,2.814,2.741,2.689,2.66,2.651,2.655,2.6655,2.67625,2.684,2.688,2.5855,2.446,2.32175,2.15675,2.041
2023-02-13,2.4015,2.40115,2.4022,2.612,2.7206,2.854,2.9719,3.057,3.13185,3.191,3.23575,3.2717,3.299,3.319,3.284,3.181,2.976,2.84,2.746,2.7015,2.674,2.662,2.665,2.672,2.683,2.697,2.7,2.591,2.451,2.3265,2.16025,2.039
2023-02-14,2.40025,2.40075,2.4019,2.61625,2.73225,2.867,2.98375,3.0755,3.15675,3.212,3.264,3.30625,3.3365,3.363,3.352,3.266,3.07,2.93,2.8465,2.788,2.754,2.738,2.738,2.748,2.755,2.772,2.762,2.65725,2.51475,2.388,2.22875,2.07975
2023-02-15,2.40025,2.40075,2.402,2.6199,2.742,2.8817,2.989,3.0826,3.16125,3.218,3.2665,3.30575,3.335,3.359,3.342,3.261,3.074,2.943,2.865,2.814,2.784,2.775,2.779,2.787,2.8,2.811,2.817,2.715,2.5805,2.4545,2.29075,2.159
2023-02-16,2.40025,2.4009,2.402,2.644,2.77925,2.895,3.011,3.108,3.18025,3.2385,3.28625,3.32425,3.356,3.373,3.361,3.285,3.098,2.959,2.874,2.823,2.793,2.783,2.785,2.796,2.81,2.817,2.825,2.732,2.599,2.479,2.31075,2.18775
2023-02-17,2.39995,2.401,2.4025,2.654,2.786,2.905,3.02255,3.1157,3.189,3.251,3.294,3.331,3.3625,3.385,3.364,3.278,3.087,2.951,2.862,2.803,2.77,2.755,2.752,2.758,2.772,2.77825,2.789,2.68925,2.555,2.432,2.2805,2.148
2023-02-20,2.3985,2.40125,2.4024,2.67,2.792,2.916,3.04,3.129,3.205,3.267,3.313,3.352,3.383,3.407,3.3895,3.3075,3.1215,2.9845,2.906,2.846,2.7985,2.7835,2.7805,2.796,2.8015,2.813,2.819,2.7125,2.578,2.45225,2.2955,2.16875
2023-02-21,2.3985,2.4011,2.42,2.678,2.808,2.935,3.057,3.151,3.234,3.29155,3.343,3.389,3.419,3.455,3.456,3.378,3.196,3.061,2.9815,2.927,2.886,2.872,2.873,2.874,2.882,2.888,2.8885,2.78175,2.6395,2.51525,2.34655,2.244
2023-02-22,2.3985,2.4014,2.4365,2.6795,2.812,2.948,3.052,3.147,3.224,3.2825,3.333,3.378,3.40875,3.437,3.428,3.35,3.167,3.041,2.962,2.911,2.874,2.861,2.862,2.867,2.87725,2.88525,2.89,2.79075,2.6525,2.529,2.376,2.2465
2023-02-23,2.399,2.401,2.48925,2.703,2.848,2.962,3.073,3.17125,3.24275,3.302,3.35075,3.39,3.424,3.443,3.436,3.354,3.168,3.037,2.949,2.893,2.857,2.841,2.837,2.847,2.858,2.867,2.868,2.761,2.621,2.495,2.34725,2.22
2023-02-24,2.39825,2.40155,2.543,2.712,2.8616,2.9825,3.09605,3.19625,3.27,3.339,3.39175,3.435,3.4743,3.506,3.527,3.468,3.283,3.1285,3.024,2.965,2.927,2.907,2.903,2.9035,2.9155,2.9185,2.916,2.812,2.667,2.5385,2.37905,2.267
2023-02-27,2.4,2.4,2.57775,2.72525,2.871,3.002,3.105,3.20575,3.284,3.34725,3.402,3.44825,3.487,3.515,3.558,3.512,3.326,3.175,3.074,3.015,2.974,2.954,2.949,2.95,2.95825,2.9655,2.9675,2.86475,2.7255,2.606,2.464,2.352
2023-02-28,2.39875,2.399,2.58325,2.732,2.88795,3.018,3.129,3.236,3.306,3.37175,3.43,3.47325,3.51335,3.555,3.603,3.564,3.379,3.233,3.127,3.065,3.028,3.006,3.009,3.009,3.016,3.024,3.0255,2.91175,2.7745,2.64725,2.4825,2.38
2023-03-01,2.39525,2.39445,2.588,2.74,2.913,3.03825,3.161,3.274,3.353,3.423,3.483,3.531,3.578,3.616,3.67,3.633,3.451,3.309,3.2135,3.15,3.108,3.082,3.074,3.073,3.07675,3.082,3.077,2.95925,2.8155,2.688,2.5175,2.435
2023-03-02,2.39625,2.39675,2.6349,2.76775,2.9323,3.06725,3.1931,3.2965,3.37975,3.45275,3.51225,3.56625,3.60655,3.648,3.695,3.65,3.467,3.322,3.232,3.17,3.127,3.108,3.098,3.105,3.108,3.11275,3.1075,2.988,2.8425,2.71425,2.5524,2.43675
2023-03-03,2.397,2.398,2.68045,2.7757,2.947,3.081,3.20625,3.31525,3.40395,3.471,3.52775,3.57825,3.61805,3.648,3.672,3.611,3.42,3.276,3.18,3.119,3.078,3.056,3.044,3.037,3.04325,3.045,3.036,2.919,2.77325,2.642,2.49525,2.36925
2023-03-06,2.397,2.4,2.69,2.783,2.96375,3.118,3.239,3.355,3.447,3.52,3.58175,3.63225,3.67625,3.705,3.735,3.6685,3.464,3.316,3.216,3.147,3.099,3.072,3.061,3.057,3.056,3.058,3.045,2.917,2.77,2.639,2.473,2.365
2023-03-07,2.397,2.43375,2.6995,2.7928,2.97875,3.1325,3.262,3.38775,3.474,3.553,3.62,3.67,3.714,3.759,3.779,3.701,3.469,3.297,3.18,3.108,3.055,3.027,3.01,3.006,3.008,3.009,2.993,2.872,2.7265,2.597,2.4072,2.322
2023-03-08,2.39645,2.46815,2.709,2.80175,2.99475,3.13575,3.269,3.38825,3.477,3.562,3.631,3.68,3.7345,3.771,3.7825,3.7055,3.477,3.296,3.1705,3.091,3.033,3.002,2.98,2.973,2.976,2.973,2.96,2.83025,2.68025,2.5505,2.3684,2.291
2023-03-09,2.39725,2.57525,2.75025,2.86175,3.01475,3.1585,3.287,3.39025,3.4745,3.546,3.604,3.655,3.692,3.69,3.686,3.598,3.379,3.203,3.094,3.019,2.973,2.947,2.932,2.9335,2.936,2.94,2.932,2.819,2.681,2.55725,2.405,2.296
2023-03-10,2.3975,2.595,2.737,2.8308,2.963,3.085,3.1925,3.28275,3.359,3.416,3.466,3.5055,3.53875,3.52075,3.506,3.428,3.234,3.074,2.972,2.9,2.855,2.83,2.819,2.824,2.8215,2.835,2.833,2.722,2.5875,2.4615,2.304,2.19075
2023-03-13,2.3975,2.5873,2.703,2.76,2.845,2.9114,2.9621,3.00925,3.052,3.086,3.116,3.13725,3.1535,3.1155,3.1265,3.099,3.003,2.876,2.796,2.742,2.712,2.697,2.697,2.705,2.716,2.722,2.726,2.619,2.484,2.364,2.21125,2.114
2023-03-14,2.459,2.648,2.756,2.82095,2.9094,2.9961,3.07225,3.138,3.191,3.239,3.279,3.3081,3.336,3.373,3.3765,3.352,3.192,3.0485,2.962,2.895,2.8565,2.8355,2.827,2.83,2.848,2.842,2.842,2.734,2.59,2.464,2.311,2.1788
2023-03-15,2.48175,2.58625,2.64425,2.68785,2.75725,2.8083,2.85575,2.89475,2.9261,2.95575,2.98125,3.00125,3.01775,3.057,3.079,3.0745,3.009,2.922,2.855,2.8125,2.773,2.757,2.754,2.76,2.76875,2.786,2.796,2.64625,2.4895,2.349,2.124,2.07
2023-03-16,2.734,2.801,2.83925,2.8872,2.935,2.99,3.0335,3.0655,3.0952,3.1185,3.1366,3.1513,3.1603,3.18025,3.1395,3.11,2.98525,2.878,2.83,2.789,2.7575,2.753,2.754,2.753,2.772,2.781,2.8,2.663,2.49875,2.353,2.17,2.063
2023-03-17,2.79665,2.8305,2.84925,2.886,2.926,2.9755,3.00625,3.02875,3.046,3.05825,3.067,3.0759,3.07875,3.0115,2.956,2.89,2.764,2.687,2.6425,2.612,2.596,2.5935,2.6065,2.6135,2.631,2.649,2.6715,2.531,2.3635,2.2245,2.076,1.932
2023-03-20,2.8615,2.86625,2.869,2.8965,2.938,2.9775,3.0035,3.024,3.038,3.044,3.048,3.04675,3.0435,3.044,2.96,2.888,2.766,2.676,2.628,2.606,2.593,2.595,2.607,2.623,2.639,2.655,2.672,2.555,2.394,2.254,2.0885,1.963
2023-03-21,2.88015,2.88,2.883,2.9267,2.98075,3.0475,3.09775,3.141,3.1725,3.197,3.21575,3.22375,3.22825,3.243,3.1685,3.09075,2.948,2.854,2.798,2.762,2.737,2.728,2.73,2.738,2.744,2.764,2.771,2.634,2.47,2.329,2.151,2.051
2023-03-22,2.88515,2.88675,2.8895,2.9463,3.02505,3.098,3.16425,3.21775,3.257,3.287,3.312,3.32575,3.3375,3.299,3.216,3.123,2.971,2.879,2.813,2.774,2.75,2.742,2.743,2.751,2.76175,2.777,2.783,2.656,2.494,2.35125,2.196,2.068
2023-03-23,2.885,2.885,2.889,2.9615,3.02325,3.08625,3.142,3.18025,3.21025,3.23175,3.24725,3.25575,3.25775,3.23,3.11,3.011,2.841,2.752,2.702,2.671,2.651,2.649,2.651,2.664,2.67775,2.695,2.717,2.60725,2.459,2.32975,2.173,2.058
2023-03-24,2.87875,2.877,2.8797,2.934,2.986,3.041,3.088,3.123,3.148,3.162,3.171,3.173,3.17,3.183,3.059,2.953,2.78,2.686,2.643,2.619,2.608,2.612,2.627,2.648,2.659,2.682,2.703,2.593,2.451,2.321,2.14975,2.04975
2023-03-27,2.875,2.878,2.882,2.948,3.015,3.08,3.132,3.173,3.20475,3.226,3.241,3.248,3.248,3.248,3.131,3.03,2.87,2.78,2.744,2.718,2.703,2.704,2.714,2.731,2.74775,2.766,2.792,2.68775,2.54675,2.42425,2.24105,2.164
2023-03-28,2.882,2.886,2.888,2.95725,3.02425,3.08825,3.14325,3.18575,3.2185,3.24575,3.26075,3.2735,3.27725,3.27375,3.174,3.0845,2.928,2.83,2.774,2.737,2.739,2.739,2.749,2.758,2.779,2.798,2.826,2.727,2.59,2.461,2.29,2.1952
2023-03-29,2.882,2.882,2.883,2.955,3.02075,3.083,3.138,3.17825,3.2165,3.246,3.26625,3.283,3.28925,3.2915,3.198,3.108,2.945,2.832,2.773,2.75,2.734,2.735,2.743,2.761,2.784,2.798,2.83,2.742,2.598,2.474,2.306,2.1833
2023-03-30,2.885,2.8825,2.88575,2.975,3.04,3.107,3.178,3.228,3.274,3.311,3.338,3.359,3.367,3.371,3.28675,3.195,3.025,2.9045,2.84,2.797,2.7785,2.7765,2.779,2.794,2.8095,2.825,2.846,2.7495,2.604,2.477,2.308,2.183
2023-03-31,2.882,2.88175,2.882,2.978,3.04875,3.113,3.17925,3.228,3.272,3.302,3.326,3.345,3.352,3.356,3.271,3.176,2.99575,2.872,2.797,2.745,2.734,2.72725,2.73,2.74625,2.753,2.77675,2.8,2.713,2.57075,2.4485,2.268,2.149
2023-04-03,2.88252,2.88336,2.88415,2.986,3.0585,3.131,3.19025,3.241,3.286,3.318,3.341,3.361,3.368,3.368,3.26325,3.1525,2.95765,2.83835,2.766,2.72885,2.70405,2.6945,2.698,2.69945,2.721,2.738,2.7603,2.666,2.5281,2.408,2.234,2.116
2023-04-04,2.889,2.88575,2.8902,2.99,3.06375,3.13,3.186,3.23,3.263,3.28625,3.311,3.318,3.321,3.325,3.21175,3.095,2.88975,2.78,2.72,2.69975,2.675,2.671,2.67825,2.698,2.724,2.73,2.755,2.67025,2.53525,2.419,2.26775,2.154
2023-04-05,2.88425,2.8852,2.89777,3.00915,3.081,3.145,3.197,3.231,3.2645,3.28325,3.291,3.308,3.308,3.294,3.15875,3.0245,2.8206,2.72,2.6692,2.636,2.62,2.615,2.622,2.634,2.656,2.673,2.698,2.612,2.486,2.375,2.2133,2.1
2023-04-06,2.89037,2.89136,2.90575,3.01775,3.096,3.162,3.2122,3.253,3.285,3.306,3.321,3.3275,3.325,3.319,3.18,3.0443,2.844,2.727,2.67,2.642,2.6249,2.6206,2.625,2.64445,2.653,2.6775,2.701,2.626,2.4969,2.387,2.2233,2.109
2023-04-07,2.893,,,3.019,3.096,3.163,3.2122,3.252,3.28475,3.306,3.3193,3.328,3.327,3.3184,3.18,3.04675,2.846,,,,,,2.632,,2.6625,2.6797,,,,,,
2023-04-10,2.891,2.892,,3.019,,3.1621,3.2122,,3.285,3.306,,3.328,3.327,,,,,,,,,,,,2.665,,,,,,,
2023-04-11,2.89691,2.89425,2.93731,3.043,3.129,3.204,3.265,3.318,3.361,3.395,3.418,3.43,3.434,3.4315,3.302,3.177,2.974,2.855,2.7965,2.7555,2.739,2.734,2.739,2.752,2.765,2.7828,2.807,2.7181,2.595,2.484,2.31975,2.208
2023-04-12,2.89531,2.8933,2.94276,3.0605,3.162,3.241,3.312,3.379,3.416,3.453,3.485,3.49725,3.50525,3.512,3.389,3.26375,3.058,2.933,2.86475,2.826,2.7963,2.79725,2.79925,2.80225,2.82425,2.829,2.84775,2.76825,2.64375,2.53325,2.3715,2.257
2023-04-13,2.894,2.892,2.96315,3.08275,3.179,3.262,3.331,3.3785,3.425,3.459,3.471,3.492,3.498,3.4825,3.355,3.226,3.02225,2.906,2.836,2.8,2.778,2.774,2.77925,2.80135,2.8125,2.824,2.84525,2.76,2.638,2.5295,2.37325,2.258
2023-04-14,2.89525,2.8956,2.98066,3.10775,3.214,3.3,3.369,3.427,3.476,3.508,3.5325,3.54875,3.55675,3.555,3.439,3.32,3.124,2.99175,2.911,2.866,2.84525,2.8365,2.83775,2.84775,2.85325,2.8733,2.8894,2.8,2.677,2.567,2.39625,2.288
2023-04-17,2.89621,2.89431,2.99093,3.10875,3.21975,3.309,3.3705,3.428,3.4745,3.50675,3.5305,3.5475,3.55475,3.554,3.438,3.32,3.134,3.01,2.943,2.902,2.87875,2.87225,2.87575,2.88895,2.905,2.9142,2.93075,2.84,2.715,2.608,2.445,2.328
2023-04-18,2.89587,2.8952,3.0126,3.10875,3.2255,3.32,3.388,3.448,3.495,3.531,3.558,3.576,3.587,3.584,3.48475,3.3755,3.1795,3.053,2.982,2.934,2.9055,2.894,2.8929,2.9,2.91,2.9257,2.9351,2.8461,2.7209,2.5987,2.436,2.343
2023-04-19,2.89724,2.89587,3.02567,3.13015,3.249,3.339,3.408,3.474,3.521,3.56,3.59,3.611,3.624,3.627,3.52875,3.418,3.222,3.09,3.017,2.969,2.943,2.933,2.932,2.944,2.949,2.963,2.971,2.873,2.737,2.618,2.436,2.313
2023-04-20,2.89434,2.895,3.04683,3.161,3.26125,3.3495,3.419,3.476,3.523,3.562,3.5845,3.604,3.613,3.611,3.5,3.383,3.157,3.038,2.97,2.922,2.896,2.884,2.881,2.888,2.905,2.917,2.93475,2.841,2.7104,2.5945,2.4287,2.308
2023-04-21,2.89364,2.89575,3.06125,3.16725,3.26825,3.35625,3.423,3.483,3.533,3.568,3.593,3.61025,3.62,3.6195,3.507,3.3855,3.18,3.055,2.9869,2.944,2.92,2.908,2.907,2.91315,2.929,2.945,2.962,2.869,2.741,2.626,2.456,2.334
2023-04-24,2.89499,2.896,3.075,3.1795,3.28775,3.385,3.451,3.517,3.571,3.611,3.64,3.66,3.673,3.673,3.56,3.4365,3.22775,3.094,3.02,2.976,2.95,2.9361,2.934,2.9404,2.956,2.97,2.98445,2.896,2.769,2.654,2.47325,2.36
2023-04-25,2.89615,2.918,3.0879,3.172,3.2675,3.343,3.40075,3.4745,3.493,3.52175,3.574,3.5525,3.556,3.588,3.458,3.322,3.102,2.95675,2.88425,2.805,2.816,2.80875,2.80825,2.822,2.802,2.846,2.87,2.7865,2.658,2.54,2.343,2.216
2023-04-26,2.8925,2.93647,3.0921,3.1765,3.26275,3.34025,3.399,3.45475,3.4935,3.52375,3.545,3.556,3.561,3.556,3.4275,3.29175,3.07225,2.948,2.893,2.85,2.843,2.839,2.845,2.8484,2.866,2.894,2.919,2.828,2.70025,2.58825,2.421,2.297
2023-04-27,2.89614,3.03245,3.131,3.216,3.29,3.378,3.432,3.479,3.51675,3.546,3.562,3.57125,3.577,3.56975,3.435,3.304,3.09075,2.975,2.91625,2.8825,2.87275,2.867,2.874,2.883,2.902,2.92,2.943,2.855,2.723,2.608,2.444,2.313
2023-04-28,2.895,3.036,3.11855,3.19525,3.272,3.34775,3.39925,3.447,3.482,3.506,3.52075,3.53,3.531,3.519,3.36425,3.214,2.983,2.858,2.8,2.765,2.749,2.74,2.744,2.764,2.782,2.797,2.824,2.745,2.618,2.506,2.34,2.218
2023-05-01,,,,,,,,,3.479,3.502,,3.5254,,,,,,,,2.767,,,,,2.781,,,,,,,
2023-05-02,2.934,3.05225,3.11925,3.194,3.269,3.343,3.393,3.437,3.465,3.485,3.502,3.5034,3.5004,3.491,3.322,3.158,2.925,2.79475,2.729,2.698,2.685,2.68525,2.6965,2.71675,2.735,2.753,2.783,2.71225,2.586,2.477,2.313,2.19
2023-05-03,2.979,3.08488,3.14569,3.219,3.299,3.364,3.416,3.4595,3.492,3.5123,3.527,3.5304,3.5264,3.516,3.337,3.181,2.932,2.799,2.736,2.7,2.6855,2.683,2.689,2.705,2.727,2.7393,2.76875,2.69625,2.576,2.469,2.308,2.182
2023-05-04,3.06766,3.10275,3.12403,3.193,3.24925,3.31,3.355,3.38,3.414,3.428,3.422,3.436,3.42625,3.394,3.202,3.025,2.7805,2.674,2.623,2.618,2.605,2.618,2.639,2.66175,2.69775,2.7155,2.759,2.70075,2.593,2.48275,2.347,2.2265
2023-05-05,3.10312,3.12136,3.132,3.204,3.269,3.335,3.38,3.419,3.448,3.464,3.476,3.476,3.47,3.459,3.27325,3.105,2.866,2.759,2.70675,2.69,2.6864,2.6953,2.71225,2.73735,2.767,2.7856,2.826,2.765,2.659,2.5578,2.404,2.2852
2023-05-08,3.136,3.137,3.14,3.21375,3.28375,3.35075,3.39775,3.4382,3.46625,3.483,3.4945,3.497,3.492,3.4775,3.29925,3.136,2.9124,2.788,2.737,2.717,2.715,2.726,2.742,2.76725,2.7902,2.81,2.852,2.79065,2.677,2.576,2.4238,2.31
2023-05-09,3.13777,3.13839,3.14,3.221,3.29225,3.36275,3.41425,3.456,3.482,3.5,3.5125,3.51475,3.51,3.4985,3.326,3.166,2.94125,2.8114,2.7601,2.735,2.7352,2.7422,2.7597,2.781,2.813,2.8314,2.873,2.816,2.7074,2.6072,2.459,2.341
2023-05-10,3.14025,3.14175,3.14375,3.22325,3.301,3.361,3.408,3.448,3.469,3.485,3.49575,3.49,3.479,3.468,3.27,3.09325,2.85175,2.74,2.696,2.666,2.667,2.679,2.698,2.7291,2.75,2.771,2.8148,2.761,2.6491,2.553,2.3921,2.29
2023-05-11,3.14109,3.14191,3.14376,3.24,3.30825,3.37325,3.42525,3.462,3.48675,3.5,3.50775,3.5055,3.492,3.475,3.266,3.072,2.817,2.704,2.652,2.63,2.623,2.6305,2.6479,2.6688,2.693,2.717,2.763,2.708,2.6,2.505,2.371,2.254
2023-05-12,3.13945,3.14045,3.14275,3.24175,3.317,3.385,3.437,3.48,3.51225,3.5295,3.53575,3.54075,3.53075,3.51,3.31775,3.137,2.8988,2.769,2.707,2.678,2.681,2.686,2.701,2.72,2.74775,2.768,2.809,2.753,2.649,2.557,2.426,2.315
2023-05-15,3.14,3.141,3.14471,3.244,3.322,3.388,3.442,3.4812,3.511,3.526,3.535,3.53425,3.521,3.508,3.306,3.127,2.8765,2.764,2.71475,2.695,2.685,2.695,2.714,2.7331,2.764,2.786,2.83,2.778,2.681,2.59275,2.46275,2.35825
2023-05-16,3.14279,3.14375,3.145,3.2505,3.3295,3.39225,3.448,3.4905,3.518,3.534,3.544,3.546,3.535,3.521,3.33775,3.169,2.92675,2.814,2.7645,2.736,2.728,2.733,2.748,2.78,2.8005,2.818,2.862,2.81675,2.71525,2.62625,2.51,2.4095
2023-05-17,3.1407,3.141,3.144,3.255,3.344,3.40375,3.4635,3.505,3.5375,3.5565,3.57,3.57525,3.5645,3.558,3.396,3.233,2.987,2.865,2.8,2.764,2.748,2.74725,2.757,2.76575,2.7964,2.8145,2.85425,2.7925,2.69775,2.60375,2.485,2.389
2023-05-18,3.1415,3.142,3.15175,3.273,3.354,3.42,3.479,3.519,3.553,3.576,3.584,3.595,3.58975,3.577,3.42125,3.27875,3.05825,2.944,2.887,2.859,2.846,2.851,2.86,2.873,2.9,2.918,2.958,2.903,2.802,2.7075,2.555,2.49
2023-05-19,3.14487,3.14587,3.164,3.2765,3.361,3.42925,3.48125,3.524,3.559,3.578,3.592,3.6,3.597,3.588,3.434,3.292,3.067,2.949,2.883,2.851,2.836,2.837,2.846,2.8641,2.885,2.904,2.937,2.88275,2.778,2.681,2.522,2.452
2023-05-22,3.145,3.146,3.185,3.281,3.3704,3.437,3.4922,3.535,3.5663,3.586,3.6009,3.604,3.6014,3.597,3.4483,3.3104,3.092,2.962,2.8945,2.8525,2.847,2.848,2.857,2.8791,2.892,2.915,2.95,2.892,2.784,2.686,2.557,2.459
2023-05-23,3.14825,3.14935,3.188,3.287,3.3788,3.44175,3.499,3.54425,3.574,3.595,3.607,3.616,3.613,3.605,3.459,3.32425,3.104,2.97725,2.91,2.879,2.863,2.86375,2.873,2.89425,2.913,2.929,2.961,2.899,2.792,2.69025,2.57,2.472
2023-05-24,3.1515,3.15275,3.193,3.295,3.393,3.453,3.511,3.556,3.588,3.613,3.629,3.64,3.64,3.632,3.4995,3.363,3.14175,3.01285,2.943,2.903,2.8898,2.8866,2.893,2.9109,2.923,2.93845,2.966,2.9008,2.7818,2.6812,2.555,2.4525
2023-05-25,3.14975,3.15075,3.216,3.312,3.40425,3.47,3.531,3.576,3.61,3.63725,3.655,3.66525,3.67,3.664,3.544,3.42225,3.20425,3.063,2.9945,2.957,2.9357,2.93,2.935,2.946,2.974,2.9813,3.005,2.933,2.81,2.704,2.563,2.4686
2023-05-26,3.15125,3.15229,3.224,3.315,3.412,3.47425,3.534,3.581,3.6144,3.643,3.6593,3.669,3.672,3.671,3.556,3.436,3.2231,3.08,3.003,2.959,2.938,2.933,2.938,2.952,2.967,2.983,3.008,2.933,2.816,2.709,2.572,2.474
2023-05-29,3.15075,3.15175,3.225,3.315,3.413,3.473,3.531,3.5724,3.603,3.6311,3.6453,3.6569,3.6591,3.652,3.5249,3.393,3.1625,3.014,2.928,2.884,2.859,2.8527,2.855,2.864,2.882,2.8971,2.92,2.8413,2.7239,2.6176,2.476,2.3832
2023-05-30,3.15,3.151,3.2399,3.3129,3.4087,3.469,3.5175,3.55175,3.578,3.597,3.607,3.6085,3.604,3.595,3.435,3.282,3.046,2.896,2.804,2.772,2.7486,2.7451,2.7484,2.76495,2.78,2.8003,2.8297,2.763,2.6482,2.546,2.411,2.316
2023-05-31,3.1485,3.14925,3.2418,3.31675,3.409,3.457,3.502,3.533,3.5525,3.56725,3.57325,3.56875,3.559,3.5465,3.37075,3.216,2.977,2.824,2.746,2.711,2.694,2.693,2.7025,2.72645,2.73525,2.7585,2.795,2.735,2.628,2.529,2.39475,2.307
2023-06-01,3.1485,3.1495,3.259,3.34525,3.416,3.469,3.512,3.539,3.558,3.571,3.576,3.569,3.5575,3.544,3.357,3.195,2.94775,2.801,2.7167,2.677,2.663,2.6624,2.672,2.6895,2.707,2.7348,2.776,2.72895,2.6268,2.5329,2.4067,2.3151
2023-06-02,3.14825,3.15,3.269,3.34925,3.4282,3.483,3.529,3.561,3.58525,3.6015,3.608,3.606,3.60325,3.586,3.423,3.269,3.01625,2.86725,2.78125,2.739,2.712,2.707,2.714,2.73425,2.752,2.766,2.8005,2.747,2.643,2.54775,2.4275,2.339
2023-06-05,3.14976,3.15072,3.2785,3.35825,3.43975,3.503,3.547,3.58,3.608,3.627,3.635,3.638,3.635,3.624,3.466,3.326,3.08575,2.93,2.847,2.8,2.777,2.771,2.778,2.7914,2.814,2.8301,2.863,2.804,2.701,2.608,2.4815,2.392
2023-06-06,3.15009,3.165,3.2917,3.36,3.439,3.495,3.538,3.569,3.592,3.61,3.61525,3.614,3.607,3.593,3.42375,3.272,3.03025,2.879,2.802,2.754,2.741,2.739,2.747,2.764,2.78,2.80245,2.84,2.789,2.679,2.581,2.4576,2.3683
2023-06-07,3.14995,3.183,3.295,3.36725,3.45075,3.506,3.555,3.593,3.617,3.63725,3.65025,3.6515,3.649,3.64125,3.48925,3.35775,3.13225,2.9772,2.894,2.85,2.829,2.826,2.833,2.847,2.873,2.886,2.919,2.868,2.755,2.652,2.526,2.44
2023-06-08,3.14725,3.233,3.317,3.3955,3.463,3.522,3.57,3.60225,3.625,3.643,3.652,3.649,3.641,3.633,3.47,3.325,3.084,2.922,2.844,2.8021,2.7821,2.7784,2.7863,2.80415,2.822,2.842,2.8761,2.812,2.704,2.603,2.476,2.394
2023-06-09,3.15074,3.2504,3.3245,3.40125,3.46725,3.5251,3.5692,3.5992,3.621,3.636,3.644,3.6395,3.632,3.624,3.464,3.32,3.07975,2.9228,2.8305,2.781,2.757,2.75,2.7539,2.76775,2.784,2.805,2.836,2.776,2.6632,2.5591,2.419,2.343
2023-06-12,3.1522,3.268,3.332,3.404,3.4712,3.53,3.567,3.597,3.61825,3.631,3.639,3.634,3.625,3.618,3.457,3.31375,3.07275,2.916,2.827,2.78,2.755,2.749,2.757,2.7716,2.792,2.812,2.8461,2.7972,2.685,2.5874,2.462,2.39
2023-06-13,3.1845,3.2853,3.344,3.41175,3.47575,3.534,3.575,3.60425,3.629,3.64625,3.6535,3.659,3.655,3.644,3.512,3.3795,3.141,2.981,2.885,2.832,2.801,2.79425,2.791,2.8069,2.82,2.836,2.868,2.813,2.698,2.595,2.471,2.39085
2023-06-14,3.21665,3.302,3.3516,3.422,3.48825,3.545,3.591,3.624,3.6465,3.66475,3.676,3.68,3.676,3.67,3.54,3.416,3.1885,3.019,2.92,2.86,2.829,2.81945,2.81715,2.8324,2.8439,2.862,2.891,2.831,2.719,2.616,2.489,2.4054
2023-06-15,3.322,3.358,3.379,3.45675,3.51225,3.5851,3.641,3.67525,3.707,3.728,3.73625,3.747,3.745,3.7394,3.623,3.50425,3.276,3.11,2.9985,2.937,2.8956,2.8766,2.869,2.871,2.88625,2.8907,2.907,2.835,2.716,2.611,2.4775,2.392
2023-06-16,3.358,3.376,3.3875,3.465,3.52125,3.59175,3.644,3.684,3.7125,3.73225,3.748,3.752,3.75,3.75,3.631,3.513,3.277,3.1,2.987,2.917,2.87625,2.851,2.842,2.8465,2.848,2.863,2.87675,2.8,2.68,2.573,2.435,2.345
2023-06-19,3.3893,3.3905,3.39425,3.468,3.526,3.604,3.657,3.6992,3.735,3.76,3.7783,3.7874,3.7894,3.789,3.672,3.555,3.32,3.1446,3.0325,2.96535,2.9215,2.9,2.892,2.89325,2.905,2.91425,2.931,2.858,2.741,2.6365,2.498,2.40725
2023-06-20,3.3917,3.391,3.39543,3.47325,3.5337,3.608,3.662,3.70475,3.738,3.76175,3.77675,3.783,3.782,3.777,3.642,3.508,3.24825,3.063,2.94075,2.86875,2.82,2.7932,2.783,2.78385,2.79375,2.79875,2.81325,2.7409,2.6266,2.526,2.392,2.29925
2023-06-21,3.39235,3.3935,3.39495,3.477,3.548,3.61625,3.678,3.73,3.76175,3.7885,3.806,3.813,3.813,3.8115,3.674,3.542,3.295,3.1062,2.982,2.897,2.859,2.832,2.818,2.819,2.811,2.829,2.835,2.755,2.633,2.529,2.374,2.281
2023-06-22,3.39229,3.39343,3.39607,3.49825,3.56,3.636,3.70425,3.752,3.79175,3.82125,3.843,3.85475,3.85925,3.86075,3.745,3.621,3.36075,3.18,3.0586,2.984,2.9305,2.901,2.886,2.88,2.88525,2.8865,2.883,2.799,2.6705,2.559,2.414,2.31775
2023-06-23,3.3919,3.3931,3.39579,3.49675,3.558,3.625,3.681,3.722,3.756,3.779,3.79425,3.802,3.80325,3.8005,3.667,3.528,3.2595,3.0713,2.95,2.869,2.8174,2.787,2.772,2.76585,2.774,2.778,2.7853,2.7069,2.5927,2.491,2.354,2.274
2023-06-26,3.39626,3.39729,3.399,3.497,3.5607,3.63,3.681,3.72025,3.753,3.775,3.79025,3.796,3.797,3.79275,3.649,3.501,3.22375,3.0282,2.8954,2.815,2.7662,2.7389,2.7226,2.725,2.725,2.736,2.746,2.673,2.56,2.4606,2.318,2.2264
2023-06-27,3.39334,3.39498,3.39818,3.504,3.571,3.639,3.693,3.734,3.768,3.794,3.813,3.823,3.826,3.82775,3.70825,3.57,3.28575,3.089,2.9569,2.871,2.8194,2.7871,2.7693,2.76515,2.774,2.7665,2.7705,2.6911,2.57,2.467,2.33,2.2484
2023-06-28,3.39138,3.39323,3.39659,3.5062,3.566,3.63,3.68,3.715,3.75,3.771,3.786,3.79675,3.80075,3.802,3.67825,3.53775,3.257,3.052,2.916,2.836,2.782,2.752,2.736,2.7338,2.736,2.74,2.744,2.66865,2.548,2.442,2.308,2.218
2023-06-29,3.3937,3.3955,3.405,3.52075,3.584,3.647,3.6986,3.736,3.772,3.796,3.8195,3.83075,3.837,3.844,3.7465,3.621,3.362,3.16225,3.031,2.938,2.889,2.857,2.83775,2.826,2.825,2.83225,2.828,2.735,2.61625,2.50825,2.366,2.274
2023-06-30,3.39385,3.395,3.41214,3.52275,3.588,3.6508,3.695,3.733,3.7655,3.78775,3.808,3.821,3.8277,3.832,3.731,3.608,3.35,3.1449,3.009,2.917,2.86575,2.83225,2.81155,2.7962,2.799,2.804,2.79965,2.70765,2.57865,2.46915,2.33275,2.238
2023-07-03,3.39505,3.39609,3.43375,3.52715,3.595,3.66175,3.71,3.7525,3.79,3.815,3.838,3.854,3.865,3.873,3.7905,3.674,3.417,3.214,3.0723,2.987,2.9174,2.8807,2.856,2.84475,2.843,2.8396,2.8258,2.72485,2.593,2.4804,2.336,2.235
2023-07-04,3.39273,3.39366,3.43385,3.53175,3.5988,3.6605,3.709,3.752,3.783,3.80825,3.829,3.8397,3.8485,3.8514,3.75875,3.64075,3.39,3.2004,3.0706,2.9835,2.9295,2.895,2.875,2.8694,2.868,2.87,2.863,2.7721,2.647,2.5417,2.3976,2.303
2023-07-05,3.39465,3.39575,3.4349,3.535,3.607,3.664,3.713,3.755,3.787,3.812,3.834,3.844,3.8525,3.854,3.7595,3.6395,3.386,3.1999,3.081,3.001,2.949,2.918,2.903,2.89675,2.908,2.9106,2.9105,2.823,2.701,2.597,2.465,2.369
2023-07-06,3.39693,3.39836,3.46174,3.55375,3.622,3.683,3.7335,3.776,3.813,3.841,3.864,3.8785,3.89125,3.89875,3.817,3.71575,3.478,3.316,3.209,3.135,3.087,3.058,3.043,3.047,3.038,3.039,3.028,2.926,2.784,2.6667,2.52,2.418
2023-07-07,3.4,3.401,3.469,3.55675,3.62725,3.69075,3.73375,3.773,3.808,3.831,3.852,3.861,3.87,3.877,3.782,3.67375,3.444,3.285,3.185,3.126,3.082,3.0548,3.043,3.04,3.057,3.056,3.052,2.947,2.8136,2.701,2.558,2.457
2023-07-10,3.402,3.403,3.48903,3.56225,3.635,3.69775,3.744,3.787,3.821,3.848,3.871,3.882,3.893,3.899,3.807,3.70025,3.474,3.3122,3.204,3.13,3.0961,3.0703,3.0534,3.054,3.053,3.065,3.062,2.9598,2.815,2.701,2.554,2.451
2023-07-11,3.39978,3.402,3.492,3.56825,3.6421,3.7025,3.7505,3.795,3.827,3.853,3.876,3.888,3.9,3.904,3.819,3.711,3.485,3.309,3.19775,3.135,3.088,3.06425,3.05075,3.05375,3.06075,3.06175,3.06225,2.9635,2.82475,2.70975,2.56325,2.46
2023-07-12,3.39996,3.403,3.49645,3.5727,3.65,3.705,3.7495,3.786,3.819,3.84075,3.853,3.86625,3.87325,3.87,3.761,3.632,3.387,3.21935,3.108,3.041,3.0,2.9743,2.96405,2.964,2.9735,2.9835,2.99175,2.902,2.7798,2.66825,2.525,2.4271
2023-07-13,3.402,3.403,3.517,3.58225,3.65425,3.7075,3.748,3.7805,3.809,3.825,3.839,3.843,3.846,3.84625,3.707,3.558,3.296,3.122,3.01,2.942,2.907,2.887,2.878,2.876,2.887,2.903,2.916,2.837,2.72,2.613,2.472,2.373
2023-07-14,3.4035,3.4045,3.52715,3.5875,3.666,3.7251,3.76275,3.79975,3.826,3.84475,3.861,3.866,3.871,3.873,3.75,3.615,3.3555,3.1763,3.06,2.992,2.945,2.92,2.908,2.91,2.918,2.9291,2.939,2.859,2.737,2.6299,2.4853,2.379
2023-07-17,3.403,3.403,3.5425,3.59425,3.67325,3.729,3.768,3.80275,3.8285,3.8464,3.86,3.865,3.86925,3.869,3.739,3.598,3.3326,3.1442,3.0251,2.949,2.9033,2.879,2.868,2.872,2.879,2.886,2.8972,2.817,2.6941,2.587,2.44,2.332
2023-07-18,3.40217,3.41975,3.54512,3.597,3.668,3.71725,3.75125,3.78525,3.80575,3.819,3.824,3.827,3.829,3.82275,3.671,3.516,3.246,3.05675,2.938,2.867,2.822,2.798,2.788,2.7844,2.798,2.81,2.823,2.74425,2.6255,2.521,2.3747,2.27
2023-07-19,3.402,3.437,3.55211,3.606,3.68,3.726,3.7605,3.791,3.812,3.826,3.836,3.83625,3.836,3.83275,3.682,3.526,3.25,3.073,2.958,2.889,2.851,2.832,2.823,2.8342,2.836,2.845,2.857,2.783,2.654,2.547,2.3986,2.29
2023-07-20,3.40262,3.48882,3.57671,3.631,3.69465,3.74275,3.779,3.806,3.828,3.84,3.84975,3.852,3.85275,3.85,3.718,3.581,3.326,3.149,3.0385,2.973,2.933,2.911,2.9,2.89975,2.9135,2.924,2.933,2.848,2.7192,2.604,2.444,2.335
2023-07-21,3.403,3.50625,3.58376,3.633,3.698,3.747,3.77825,3.804,3.82325,3.836,3.844,3.845,3.84225,3.8385,3.695,3.555,3.29475,3.1201,3.015,2.947,2.91,2.884,2.875,2.878,2.887,2.8978,2.9093,2.8245,2.699,2.587,2.435,2.3284
2023-07-24,3.4018,3.52242,3.59655,3.63975,3.69825,3.741,3.77225,3.796,3.814,3.826,3.8285,3.828,3.82325,3.811,3.648,3.4955,3.233,3.058,2.957,2.895,2.856,2.835,2.832,2.84345,2.85,2.864,2.882,2.804,2.683,2.575,2.427,2.307
2023-07-25,3.43714,3.54131,3.60217,3.645,3.697,3.738,3.76725,3.79225,3.808,3.817,3.82,3.818,3.814,3.80525,3.648,3.497,3.233,3.05875,2.9535,2.892,2.8525,2.832,2.824,2.82925,2.842,2.853,2.8705,2.792,2.669,2.56,2.412,2.28925
2023-07-26,3.473,3.5605,3.6108,3.653,3.70725,3.7475,3.776,3.805,3.82275,3.836,3.843,3.845,3.845,3.839,3.702,3.5605,3.316,3.136,3.024,2.954,2.91675,2.89,2.877,2.8749,2.891,2.9041,2.92,2.842,2.719,2.61,2.458,2.34
2023-07-27,3.5772,3.6125,3.6345,3.6645,3.70615,3.74,3.765,3.79325,3.803,3.811,3.81295,3.813,3.809,3.806,3.656,3.514,3.2488,3.0871,3.002,2.926,2.892,2.874,2.8673,2.871,2.903,2.895,2.9166,2.84865,2.73355,2.631,2.48,2.368
2023-07-28,3.61182,3.63032,3.64248,3.669,3.695,3.728,3.75275,3.769,3.78725,3.796,3.793,3.796,3.791,3.777,3.62225,3.48,3.237,3.0716,2.9765,2.922,2.891,2.875,2.8695,2.87675,2.897,2.91,2.9336,2.864,2.756,2.653,2.509,2.394
2023-07-31,3.6472,3.64894,3.65163,3.6741,3.7075,3.7411,3.762,3.7815,3.796,3.804,3.8053,3.802,3.7935,3.7795,3.611,3.457,3.209,3.048,2.949,2.897,2.866,2.851,2.851,2.863,2.874,2.89,2.913,2.845,2.731,2.631,2.48,2.362
2023-08-01,3.64575,3.64725,3.65135,3.6775,3.71025,3.74275,3.76425,3.786,3.7975,3.806,3.80645,3.80355,3.79375,3.78275,3.621,3.474,3.234,3.08375,3.001,2.958,2.928,2.919,2.92025,2.937,2.951,2.964,2.993,2.92625,2.81275,2.71,2.568,2.452
2023-08-02,3.64825,3.64955,3.65215,3.67575,3.708,3.73425,3.75585,3.774,3.78345,3.78775,3.7846,3.78,3.769,3.7557,3.586,3.435,3.198,3.051,2.96925,2.9215,2.905,2.8985,2.90075,2.9115,2.9265,2.9495,2.98275,2.91575,2.802,2.702,2.549,2.437
2023-08-03,3.65078,3.65199,3.65465,3.686,3.71455,3.7438,3.767,3.785,3.795,3.8,3.796,3.792,3.7815,3.76725,3.597,3.45,3.223,3.089,3.0195,2.984,2.9605,2.9549,2.9598,2.97825,2.998,3.01075,3.042,2.9759,2.8605,2.758,2.613,2.49475
2023-08-04,3.6507,3.65175,3.656,3.68945,3.71825,3.74725,3.77025,3.7884,3.8005,3.8053,3.803,3.8004,3.7904,3.77485,3.61,3.459,3.224,3.08675,3.004,2.95625,2.932,2.92075,2.92075,2.93575,2.95,2.96575,2.992,2.923,2.804,2.701,2.549,2.426
2023-08-07,3.65136,3.65293,3.6562,3.69175,3.725,3.756,3.7772,3.7942,3.806,3.8095,3.806,3.8024,3.7914,3.7765,3.6,3.4495,3.2265,3.089,3.019,2.987,2.964,2.961,2.967,2.987,3.001,3.018,3.049,2.98675,2.867,2.7632,2.616,2.501
2023-08-08,3.652,3.653,3.656,3.69175,3.723,3.75125,3.77125,3.78775,3.79725,3.79925,3.7935,3.78775,3.773,3.7535,3.56775,3.4095,3.17275,3.018,2.935,2.89425,2.867,2.857,2.85875,2.873,2.889,2.904,2.93275,2.868,2.75175,2.65175,2.504,2.38825
2023-08-09,3.651,3.65244,3.65595,3.69725,3.7335,3.75895,3.7805,3.7975,3.8085,3.81075,3.805,3.80025,3.786,3.768,3.58275,3.4295,3.1885,3.042,2.958,2.912,2.8851,2.877,2.879,2.89275,2.9091,2.9263,2.9545,2.891,2.7767,2.675,2.528,2.409
2023-08-10,3.6516,3.65312,3.65603,3.70425,3.73545,3.7631,3.787,3.802,3.811,3.814,3.8105,3.803,3.791,3.778,3.6,3.452,3.219,3.066,2.98775,2.9464,2.9185,2.9095,2.911,2.91985,2.94,2.9546,2.9823,2.92045,2.8065,2.705,2.56265,2.4616
2023-08-11,3.65119,3.65246,3.65575,3.705,3.7384,3.76725,3.7902,3.80575,3.8183,3.823,3.8213,3.8185,3.81075,3.7974,3.64475,3.50925,3.287,3.1442,3.0703,3.027,3.0049,2.9978,2.999,3.00825,3.027,3.0414,3.068,2.999,2.888,2.785,2.6398,2.527
2023-08-14,3.65245,3.65375,3.65681,3.70925,3.7463,3.77625,3.799,3.817,3.83,3.837,3.835,3.833,3.826,3.814,3.662,3.525,3.299,3.153,3.071,3.034,3.001,2.993,2.995,3.003,3.024,3.037,3.062,2.9949,2.8791,2.7754,2.6346,2.5182
2023-08-15,3.651,3.6525,3.65669,3.71875,3.7588,3.7884,3.812,3.831,3.84325,3.851,3.85225,3.853,3.849,3.837,3.694,3.563,3.342,3.202,3.127,3.081,3.057,3.048,3.05,3.06185,3.075,3.089,3.114,3.045,2.93,2.825,2.678,2.5645
2023-08-16,3.65275,3.6542,3.657,3.72725,3.7706,3.79725,3.82075,3.838,3.84975,3.8562,3.85325,3.85275,3.845,3.8325,3.67625,3.53975,3.315,3.173,3.0922,3.052,3.03,3.024,3.024,3.035,3.052,3.069,3.097,3.03,2.913,2.808,2.664,2.551
2023-08-17,3.653,3.65425,3.662,3.74,3.77955,3.8061,3.83,3.8461,3.856,3.86225,3.8605,3.85875,3.851,3.83825,3.684,3.552,3.337,3.20435,3.131,3.095,3.072,3.067,3.072,3.089,3.103,3.117,3.145,3.076,2.957,2.853,2.707,2.594
2023-08-18,3.65394,3.65445,3.66595,3.7325,3.769,3.79375,3.816,3.831,3.839,3.841,3.8385,3.833,3.825,3.8075,3.6394,3.499,3.27325,3.13875,3.06575,3.032,3.0029,2.998,2.9996,3.01005,3.04,3.051,3.079,3.015,2.902,2.801,2.6675,2.558
2023-08-21,3.65335,3.65443,3.68075,3.742,3.7829,3.815,3.834,3.8494,3.86,3.864,3.8615,3.858,3.852,3.8359,3.68045,3.54615,3.328,3.197,3.127,3.087,3.066,3.063,3.0706,3.084,3.101,3.117,3.149,3.083,2.968,2.86665,2.724,2.6159
2023-08-22,3.65395,3.65525,3.6804,3.74185,3.78175,3.8101,3.82925,3.84475,3.853,3.856,3.8525,3.84675,3.83725,3.821,3.658,3.518,3.29575,3.155,3.077,3.035,3.0153,3.0107,3.013,3.0297,3.045,3.062,3.09,3.021,2.904,2.801,2.657,2.545
2023-08-23,3.6542,3.6553,3.671,3.70775,3.73875,3.759,3.772,3.783,3.79,3.79,3.7775,3.768,3.754,3.7335,3.544,3.38725,3.151,3.012,2.938,2.894,2.879,2.875,2.881,2.90175,2.911,2.939,2.974,2.913,2.802,2.704,2.56,2.44975
2023-08-24,3.65425,3.6557,3.67975,3.7166,3.7457,3.7657,3.783,3.7925,3.79625,3.7935,3.78775,3.777,3.76125,3.7455,3.56125,3.409,3.175,3.0378,2.958,2.916,2.901,2.895,2.899,2.915,2.935,2.9545,2.989,2.926,2.81375,2.713,2.579,2.4684
2023-08-25,3.6545,3.65575,3.6815,3.71875,3.7486,3.77475,3.796,3.8069,3.81875,3.82,3.8145,3.81075,3.801,3.78325,3.6187,3.4729,3.2367,3.099,3.0134,2.965,2.942,2.935,2.936,2.95575,2.962,2.984,3.016,2.953,2.838,2.737,2.595,2.4927
2023-08-28,3.653,3.65425,3.68896,3.732,3.77075,3.7918,3.81365,3.82685,3.83415,3.83535,3.832,3.826,3.815,3.7987,3.631,3.484,3.241,3.098,3.014,2.968,2.9444,2.937,2.9382,2.948,2.971,2.9818,3.0165,2.9557,2.8466,2.745,2.611,2.504
2023-08-29,3.65206,3.65352,3.69125,3.73925,3.77475,3.79825,3.81975,3.83125,3.83825,3.839,3.835,3.82975,3.8175,3.8,3.622,3.46625,3.2125,3.0605,2.96875,2.919,2.89075,2.88075,2.88075,2.893,2.909,2.92625,2.958,2.9055,2.79025,2.69,2.557,2.45525
2023-08-30,3.6534,3.6547,3.707,3.756,3.794,3.822,3.843,3.855,3.863,3.86275,3.858,3.85075,3.839,3.8204,3.644,3.492,3.246,3.09,3.0,2.94375,2.92375,2.914,2.914,2.9336,2.94,2.963,2.99575,2.93925,2.827,2.725,2.585,2.481
2023-08-31,3.65274,3.65419,3.685,3.719,3.741,3.7631,3.7802,3.7859,3.799,3.794,3.77515,3.7634,3.7444,3.7245,3.528,3.3685,3.123,2.982,2.89875,2.849,2.83,2.826,2.83175,2.841,2.865,2.8845,2.92225,2.87025,2.763,2.667,2.533,2.433
2023-09-01,3.651,3.652,3.684,3.708,3.734,3.756,3.773,3.782,3.78525,3.78075,3.776,3.766,3.75,3.73,3.543,3.385,3.156,3.02725,2.947,2.91,2.898,2.896,2.902,2.921,2.94,2.9639,3.006,2.952,2.847,2.753,2.62475,2.527
2023-09-04,3.65225,3.6537,3.691,3.719,3.748,3.7721,3.78835,3.79845,3.80425,3.80125,3.797,3.786,3.7705,3.75325,3.5754,3.42,3.192,3.061,2.991,2.95125,2.9331,2.9296,2.936,2.9555,2.974,2.9943,3.0307,2.9769,2.8685,2.77,2.644,2.541
2023-09-05,3.653,3.65882,3.6941,3.71925,3.749,3.7705,3.787,3.79825,3.80075,3.797,3.79225,3.7825,3.76875,3.75175,3.578,3.43,3.194,3.07175,3.00575,2.98275,2.9545,2.95375,2.96225,2.97975,3.01475,3.022,3.06175,3.013,2.908,2.812,2.69275,2.591
2023-09-06,3.65275,3.665,3.708,3.73675,3.766,3.788,3.805,3.816,3.821,3.818,3.81375,3.806,3.794,3.775,3.603,3.457,3.236,3.108,3.042,3.005,2.98685,2.9844,2.99,3.00895,3.023,3.043,3.078,3.021,2.9127,2.809,2.674,2.571
2023-09-07,3.6528,3.6867,3.719,3.75,3.77375,3.79425,3.8105,3.82,3.823,3.818,3.81375,3.79975,3.783,3.769,3.59425,3.442,3.216,3.084,3.01225,2.973,2.956,2.95375,2.9585,2.97605,2.99425,3.015,3.054,2.99975,2.891,2.791,2.659,2.557
2023-09-08,3.6532,3.69435,3.727,3.75745,3.7827,3.8036,3.8197,3.83,3.833,3.8268,3.823,3.81,3.794,3.779,3.601,3.45,3.22,3.09,3.017,2.976,2.96,2.955,2.961,2.97755,2.993,3.014,3.051,2.999,2.889,2.79,2.6607,2.559
2023-09-11,3.6527,3.704,3.735,3.765,3.79225,3.81525,3.8305,3.84,3.844,3.839,3.83525,3.824,3.809,3.793,3.618,3.466,3.2408,3.11,3.0395,3.001,2.985,2.98275,2.99075,3.0025,3.022,3.042,3.078,3.026,2.92,2.822,2.693,2.59
2023-09-12,3.671,3.731,3.766,3.81925,3.84775,3.871,3.886,3.894,3.9005,3.896,3.891,3.883,3.866,3.853,3.674,3.5245,3.29,3.1486,3.072,3.031,3.009,3.003,3.007,3.01795,3.036,3.053,3.088,3.032,2.922,2.823,2.695,2.591
2023-09-13,3.699,3.76125,3.795,3.827,3.8477,3.874,3.891,3.90005,3.90415,3.902,3.898,3.887,3.87245,3.85745,3.687,3.53845,3.3057,3.157,3.073,3.026,3.004,2.993,2.996,3.00985,3.019,3.03475,3.066,3.006,2.895,2.795,2.663,2.56025
2023-09-14,3.827,3.864,3.886,3.907,3.918,3.934,3.9456,3.9516,3.951,3.94125,3.934,3.92025,3.89975,3.884,3.68525,3.517,3.263,3.106,3.022,2.972,2.9493,2.9406,2.944,2.953,2.9734,2.992,3.029,2.9821,2.8793,2.785,2.6586,2.562
2023-09-15,3.8618,3.88105,3.8931,3.91,3.92125,3.93825,3.9545,3.97,3.9685,3.966,3.961,3.9455,3.92875,3.917,3.7245,3.5595,3.3086,3.162,3.0827,3.033,3.016,3.006,3.01,3.02425,3.039,3.062,3.1006,3.0535,2.955,2.8617,2.7342,2.6341
2023-09-18,3.89864,3.90005,3.9034,3.915,3.92575,3.949,3.9629,3.9732,3.9779,3.975,3.972,3.963,3.9492,3.937,3.7575,3.5947,3.344,3.196,3.111,3.0635,3.039,3.032,3.034,3.052,3.062,3.082,3.119,3.07525,2.972,2.883,2.751,2.655
2023-09-19,3.89841,3.89935,3.9049,3.917,3.9275,3.94975,3.96425,3.974,3.979,3.976,3.97325,3.96575,3.95175,3.93775,3.772,3.621,3.374,3.224,3.14,3.09,3.068,3.058,3.061,3.0766,3.091,3.105,3.14,3.09865,2.997,2.904,2.7832,2.6825
2023-09-20,3.9007,3.90093,3.90606,3.917,3.927,3.9481,3.9612,3.97,3.97225,3.967,3.96,3.952,3.935,3.919,3.737,3.581,3.335,3.188,3.102,3.056,3.033,3.0252,3.027,3.04545,3.0561,3.07475,3.1134,3.073,2.974,2.8821,2.7558,2.6616
2023-09-21,3.89704,3.90072,3.90623,3.91845,3.931,3.948,3.961,3.96765,3.969,3.965,3.959,3.951,3.9335,3.919,3.738,3.584,3.348,3.204,3.128,3.083,3.065,3.059,3.063,3.0849,3.09,3.11,3.146,3.0987,2.998,2.905,2.7802,2.681
2023-09-22,3.9,3.9015,3.9049,3.9189,3.931,3.9491,3.9612,3.9681,3.9693,3.96605,3.96045,3.95205,3.93715,3.92325,3.742,3.583,3.341,3.207,3.13,3.082,3.063,3.06,3.072,3.0881,3.099,3.1226,3.163,3.122,3.016,2.931,2.799,2.703
2023-09-25,3.9,3.902,3.90623,3.9193,3.932,3.95,3.96,3.965,3.966,3.961,3.9524,3.943,3.927,3.91,3.7224,3.562,3.327,3.2019,3.1383,3.112,3.104,3.107,3.12,3.141,3.1657,3.189,3.24,3.206,3.111,3.026,2.901,2.806
2023-09-26,3.9009,3.90245,3.90773,3.921,3.93215,3.9505,3.9602,3.966,3.965,3.9603,3.953,3.9435,3.92725,3.91025,3.725,3.565,3.331,3.209,3.151,3.122,3.112,3.118,3.132,3.1504,3.172,3.192,3.243,3.203,3.108,3.022,2.904,2.811
2023-09-27,3.90273,3.9027,3.906,3.9175,3.93075,3.949,3.96,3.964,3.96425,3.96,3.95425,3.945,3.932,3.915,3.735,3.582,3.352,3.24,3.1845,3.1815,3.15,3.1545,3.1665,3.181,3.23,3.228,3.28,3.239,3.144,3.055,2.95425,2.859
2023-09-28,3.903,3.904,3.907,3.918,3.931,3.948,3.95975,3.965,3.9655,3.964,3.9585,3.94875,3.9365,3.92525,3.75625,3.6145,3.409,3.306,3.254,3.23,3.225,3.231,3.2421,3.267,3.288,3.305,3.342,3.29375,3.18575,3.0805,2.956,2.857
2023-09-29,3.90405,3.90405,3.90705,3.91715,3.92905,3.9455,3.955,3.95925,3.956,3.952,3.9445,3.93045,3.917,3.899,3.70825,3.54875,3.327,3.218,3.167,3.148,3.1465,3.156,3.173,3.1938,3.21875,3.2475,3.297,3.259,3.15675,3.06,2.923,2.826
2023-10-02,3.9021,3.9032,3.9082,3.91575,3.929,3.94275,3.9522,3.956,3.954,3.94975,3.94175,3.93025,3.9155,3.899,3.71825,3.5655,3.357,3.256,3.2145,3.197,3.207,3.2215,3.243,3.26975,3.292,3.323,3.37925,3.338,3.23925,3.141,3.012,2.91175
2023-10-03,3.901,3.903,3.907,3.918,3.92975,3.94325,3.953,3.956,3.954,3.95,3.94125,3.93025,3.916,3.899,3.719,3.57275,3.367,3.2785,3.24525,3.23925,3.25,3.27175,3.29775,3.31825,3.35725,3.382,3.43725,3.395,3.291,3.192,3.067,2.97
2023-10-04,3.901,3.903,3.907,3.916,3.928,3.93975,3.948,3.95,3.9445,3.9385,3.92625,3.912,3.897,3.8775,3.6864,3.532,3.3315,3.238,3.207,3.2,3.211,3.23,3.2563,3.281,3.312,3.34195,3.394,3.35,3.242,3.14,3.0049,2.9024
2023-10-05,3.902,3.903,3.90635,3.914,3.92225,3.93025,3.93825,3.9364,3.92925,3.921,3.90625,3.89025,3.872,3.851,3.64825,3.489,3.28,3.182,3.14325,3.1355,3.148,3.169,3.194,3.2233,3.256,3.2864,3.3475,3.3145,3.21325,3.115,2.986,2.879
2023-10-06,3.902,3.90325,3.906,3.913,3.924,3.9345,3.9408,3.9405,3.932,3.923,3.9085,3.89,3.873,3.8536,3.6505,3.492,3.2925,3.195,3.1641,3.161,3.1745,3.196,3.2262,3.242,3.288,3.3197,3.3801,3.3425,3.24,3.141,3.011,2.908
2023-10-09,3.90146,3.90276,3.905,3.91005,3.92025,3.92925,3.933,3.927,3.912,3.899,3.879,3.855,3.832,3.80575,3.575,3.398,3.185,3.0903,3.055,3.051,3.066,3.09,3.117,3.152,3.183,3.216,3.282,3.2544,3.154,3.057,2.9245,2.824
2023-10-10,3.901,3.90205,3.90405,3.911,3.92225,3.93175,3.937,3.93325,3.921,3.911,3.891,3.869,3.848,3.819,3.597,3.42525,3.203,3.11,3.073,3.063,3.07375,3.0945,3.119,3.149,3.1825,3.211,3.274,3.248,3.146,3.048,2.9165,2.8115
2023-10-11,3.899,3.901,3.90346,3.908,3.92075,3.92975,3.93575,3.934,3.9245,3.91625,3.899,3.88225,3.86225,3.83725,3.623,3.4575,3.23,3.1155,3.064,3.052,3.0435,3.05575,3.0735,3.0955,3.1305,3.149,3.20275,3.163,3.0555,2.955,2.826,2.72
2023-10-12,3.899,3.9,3.90295,3.908,3.92025,3.931,3.937,3.937,3.928,3.919,3.90825,3.887,3.87,3.855,3.659,3.504,3.286,3.173,3.11775,3.112,3.1,3.1105,3.13055,3.15335,3.204,3.208,3.261,3.222,3.116,3.015,2.9,2.79
2023-10-13,3.8995,3.9,3.902,3.908,3.919,3.92875,3.9332,3.932,3.921,3.912,3.89875,3.878,3.86225,3.841,3.642,3.482,3.26475,3.1463,3.089,3.063,3.056,3.06355,3.079,3.10265,3.135,3.156,3.211,3.176,3.075,2.975,2.8419,2.735
2023-10-16,3.9,3.9,3.903,3.908,3.92,3.93,3.935,3.932,3.921,3.91225,3.899,3.879,3.86325,3.842,3.63725,3.481,3.266,3.1567,3.106,3.084,3.086,3.099,3.1185,3.152,3.174,3.202,3.26,3.226,3.125,3.027,2.9,2.796
2023-10-17,3.8995,3.9,3.90359,3.91,3.9265,3.939,3.94675,3.9475,3.941,3.93525,3.92475,3.90875,3.895,3.875,3.692,3.548,3.3392,3.2335,3.188,3.1765,3.169,3.18,3.201,3.22295,3.261,3.2765,3.3235,3.27345,3.165,3.059,2.937,2.827
2023-10-18,3.9,3.901,3.903,3.909,3.92675,3.93775,3.946,3.94525,3.939,3.933,3.92075,3.905,3.891,3.871,3.68975,3.549,3.352,3.2496,3.198,3.184,3.1892,3.2018,3.2253,3.2522,3.279,3.302,3.356,3.31245,3.2071,3.1052,2.967,2.853
2023-10-19,3.9,3.9,3.903,3.914,3.928,3.942,3.949,3.94675,3.942,3.935,3.92325,3.90775,3.893,3.873,3.697,3.56,3.364,3.271,3.2088,3.204,3.20535,3.22255,3.24465,3.27425,3.324,3.3298,3.3797,3.328,3.2463,3.143,2.992,2.8859
2023-10-20,3.90105,3.90005,3.90305,3.91305,3.928,3.938,3.944,3.93825,3.929,3.919,3.90275,3.88225,3.865,3.84,3.64375,3.499,3.303,3.2106,3.179,3.17,3.1814,3.199,3.2255,3.26025,3.2888,3.3202,3.3788,3.339,3.2343,3.135,2.99,2.887
2023-10-23,3.901,3.901,3.90375,3.914,3.92975,3.94175,3.94625,3.943,3.934,3.92375,3.9091,3.88775,3.86975,3.84675,3.6455,3.491,3.28955,3.192,3.15375,3.144,3.15025,3.169,3.19325,3.22575,3.249,3.278,3.333,3.292,3.181,3.081,2.934,2.824
2023-10-24,3.901,3.903,3.906,3.91525,3.929,3.939,3.941,3.934,3.921,3.9067,3.889,3.865,3.844,3.816,3.604,3.444,3.232,3.1341,3.096,3.09,3.097,3.117,3.144,3.17915,3.212,3.239,3.3013,3.267,3.16505,3.067,2.9216,2.808
2023-10-25,3.901,3.903,3.907,3.917,3.93175,3.94125,3.944,3.93675,3.92675,3.91375,3.897,3.876,3.856,3.83125,3.628,3.476,3.27025,3.177,3.1442,3.151,3.155,3.179,3.20925,3.23675,3.29,3.307,3.37,3.341,3.23725,3.14,3.00975,2.896
2023-10-26,3.9,3.901,3.904,3.91325,3.924,3.93025,3.931,3.91975,3.9045,3.88725,3.86475,3.8385,3.8135,3.786,3.561,3.3875,3.179,3.098,3.067,3.04675,3.08625,3.11275,3.144,3.1825,3.191,3.2515,3.319,3.296,3.19625,3.0991,2.93275,2.823
2023-10-27,3.89759,3.899,3.90205,3.911,3.922,3.9267,3.926,3.912,3.894,3.876,3.85025,3.822,3.7954,3.7643,3.533,3.3575,3.1485,3.063,3.0377,3.042,3.064,3.095,3.12875,3.16725,3.208,3.24375,3.319,3.303,3.209,3.117,2.982,2.876
2023-10-30,3.8975,3.8986,3.903,3.91,3.92025,3.9245,3.91875,3.90125,3.88225,3.859,3.832,3.802,3.776,3.743,3.508,3.32925,3.12225,3.042,3.018,3.023,3.0478,3.0793,3.1147,3.15685,3.191,3.228,3.30145,3.2812,3.188,3.0973,2.965,2.859
2023-10-31,3.8971,3.8986,3.90205,3.907,3.915,3.91925,3.91325,3.89675,3.87725,3.855,3.829,3.798,3.77,3.734,3.501,3.322,3.10925,3.024,2.9995,3.0105,3.03,3.0605,3.09625,3.13425,3.183,3.2114,3.2859,3.2704,3.1768,3.0843,2.961,2.859
2023-11-01,3.899,3.901,3.90375,3.909,3.915,3.919,3.912,3.894,3.873,3.846,3.813,3.78,3.747,3.708,3.447,3.253,3.0416,2.958,2.9346,2.942,2.9684,3.001,3.036,3.07745,3.123,3.1576,3.237,3.226,3.13805,3.048,2.922,2.82
2023-11-02,3.899,3.9015,3.90337,3.90905,3.9155,3.91875,3.91055,3.89175,3.874,3.84525,3.81625,3.7845,3.751,3.7135,3.454,3.26,3.034,2.9355,2.904,2.9,2.92025,2.946,2.97825,3.01755,3.047,3.08475,3.162,3.151,3.062,2.972,2.841,2.736
2023-11-03,3.8975,3.8985,3.9028,3.90925,3.916,3.92,3.913,3.8917,3.875,3.84425,3.8122,3.7775,3.745,3.7035,3.436,3.233,2.9927,2.88675,2.84725,2.843,2.857,2.8805,2.9095,2.934,2.981,3.0157,3.0902,3.079,2.9896,2.9006,2.7748,2.671
2023-11-06,3.899,3.90039,3.9021,3.90925,3.91675,3.921,3.91325,3.895,3.877,3.8505,3.819,3.788,3.75525,3.71675,3.461,3.266,3.03825,2.942,2.908,2.908,2.92275,2.949,2.98,3.0089,3.05125,3.08625,3.16,3.144,3.054,2.962,2.832,2.732
2023-11-07,3.8974,3.8989,3.902,3.9095,3.91775,3.922,3.91325,3.89325,3.87475,3.84725,3.81475,3.7815,3.74625,3.70475,3.445,3.247,3.01725,2.91,2.8685,2.852,2.866,2.8854,2.9099,2.93835,2.97,3.0027,3.07,3.05005,2.9511,2.857,2.719,2.612
2023-11-08,3.89956,3.90085,3.90367,3.912,3.92025,3.9262,3.919,3.901,3.885,3.85775,3.82425,3.7955,3.762,3.719,3.458,3.2635,3.025,2.91,2.8561,2.831,2.84,2.853,2.872,2.89495,2.915,2.95,3.005,2.974,2.874,2.775,2.627,2.509
2023-11-09,3.89926,3.90037,3.903,3.91305,3.92025,3.926,3.917,3.897,3.879,3.8485,3.82025,3.787,3.752,3.71625,3.4554,3.261,3.023,2.91925,2.8686,2.874,2.8655,2.883,2.921,2.93145,2.995,3.012,3.07575,3.035,2.947,2.844,2.73975,2.621
2023-11-10,3.9,3.901,3.903,3.914,3.921,3.92715,3.9195,3.901,3.886,3.86025,3.83275,3.8035,3.7735,3.737,3.491,3.306,3.071,2.973,2.93125,2.917,2.92025,2.93525,2.956,2.97975,3.016,3.03725,3.097,3.068,2.965,2.867,2.733,2.61625
2023-11-13,3.90025,3.90175,3.9035,3.91445,3.92235,3.92375,3.917,3.9,3.884,3.863,3.834,3.806,3.775,3.7385,3.496,3.311,3.08425,2.97625,2.926,2.91,2.914,2.928,2.948,2.978,3.001,3.03075,3.088,3.058,2.958,2.861,2.71925,2.6
2023-11-14,3.9,3.90141,3.90415,3.912,3.91705,3.921,3.91325,3.89,3.87,3.84175,3.805,3.7725,3.737,3.69055,3.426,3.229,2.991,2.879,2.82825,2.80775,2.81425,2.82725,2.84775,2.87775,2.903,2.93275,2.99375,2.972,2.88,2.79025,2.64825,2.53625
2023-11-15,3.9,3.9,3.903,3.911,3.919,3.92275,3.91525,3.894,3.87475,3.84625,3.80875,3.782,3.747,3.70275,3.442,3.251,3.00625,2.897,2.85,2.841,2.84,2.85775,2.88,2.911,2.946,2.97,3.0335,3.0165,2.93,2.84025,2.712,2.5995
2023-11-16,3.899,3.9,3.904,3.90825,3.91275,3.9121,3.897,3.874,3.852,3.82,3.78025,3.747,3.70525,3.661,3.388,3.186,2.94475,2.836,2.79,2.775,2.786,2.80435,2.83195,2.864,2.88775,2.925,2.988,2.975,2.888,2.802,2.663,2.552
2023-11-17,3.89954,3.89974,3.9025,3.90805,3.91305,3.9135,3.90325,3.88275,3.862,3.83325,3.7965,3.762,3.72725,3.683,3.413,3.20925,2.96775,2.8586,2.814,2.8,2.806,2.82175,2.843,2.87075,2.9,2.9279,2.98505,2.96325,2.87205,2.77975,2.656,2.535
2023-11-20,3.8995,3.9,3.902,3.908,3.915,3.91575,3.906,3.88925,3.867,3.842,3.808,3.7785,3.74575,3.70125,3.43675,3.232,2.987,2.8742,2.8232,2.809,2.8083,2.82385,2.84375,2.86745,2.886,2.9254,2.9793,2.952,2.858,2.768,2.6357,2.52
2023-11-21,3.8984,3.899,3.903,3.908,3.914,3.9131,3.904,3.88425,3.86225,3.83725,3.79975,3.771,3.736,3.687,3.418,3.20875,2.95825,2.844,2.793,2.7855,2.781,2.7948,2.816,2.839,2.883,2.901,2.957,2.93165,2.846,2.76,2.6335,2.521
2023-11-22,3.89723,3.899,3.90305,3.90805,3.9155,3.916,3.90775,3.88925,3.87135,3.846,3.812,3.78625,3.752,3.711,3.452,3.25475,3.00225,2.87975,2.82425,2.79825,2.798,2.80975,2.82625,2.8466,2.87075,2.90075,2.951,2.922,2.831,2.744,2.596,2.481
2023-11-23,3.898,3.89925,3.90475,3.91,3.915,3.9158,3.9047,3.8912,3.8723,3.8473,3.8183,3.79125,3.7574,3.72075,3.47,3.277,3.034,2.9208,2.8689,2.849,2.8466,2.856,2.873,2.8976,2.9226,2.945,2.995,2.96245,2.866,2.7762,2.635,2.516
2023-11-24,3.898,3.9,3.90434,3.911,3.918,3.9161,3.905,3.8912,3.8723,3.848,3.82,3.79,3.7614,3.724,3.48,3.294,3.054,2.9393,2.8863,2.867,2.866,2.87535,2.893,2.915,2.943,2.9666,3.016,2.9824,2.887,2.8,2.662,2.538
2023-11-27,3.89775,3.8997,3.904,3.91075,3.917,3.9131,3.8985,3.88075,3.858,3.828,3.793,3.758,3.722,3.681,3.416,3.216,2.9671,2.8473,2.79095,2.772,2.77575,2.787,2.807,2.8359,2.864,2.891,2.945,2.92795,2.834,2.75,2.617,2.504
2023-11-28,3.901,3.902,3.90375,3.9085,3.9135,3.908,3.8905,3.8682,3.8415,3.806,3.76675,3.72775,3.68725,3.639,3.36,3.15025,2.896,2.784,2.7332,2.72,2.7256,2.7411,2.76305,2.7882,2.825,2.853,2.9126,2.894,2.8124,2.7313,2.609,2.504
2023-11-29,3.8995,3.90095,3.901,3.90825,3.912,3.903,3.87875,3.8515,3.815,3.774,3.73,3.68825,3.63825,3.592,3.29075,3.074,2.822,2.71,2.662,2.651,2.659,2.677,2.7012,2.733,2.761,2.793,2.855,2.84465,2.764,2.685,2.558,2.453
2023-11-30,3.899,3.9,3.8985,3.904,3.905,3.89025,3.8605,3.835,3.797,3.752,3.708,3.664,3.614,3.5635,3.262,3.04925,2.809,2.709,2.6729,2.663,2.6728,2.6924,2.7165,2.743,2.7819,2.8089,2.8695,2.8551,2.7714,2.69155,2.577,2.4758
2023-12-01,3.89835,3.9,3.897,3.897,3.891,3.862,3.816,3.777,3.716,3.655,3.6,3.532,3.474,3.4254,3.106,2.894,2.669,2.5727,2.5386,2.523,2.55715,2.583,2.612,2.6452,2.677,2.7196,2.7876,2.78,2.709,2.639,2.523,2.424
2023-12-04,3.89905,3.901,3.90175,3.903,3.89925,3.87,3.827,3.786,3.727,3.67175,3.611,3.556,3.497,3.43525,3.10925,2.8918,2.6639,2.57475,2.541,2.53775,2.549,2.57075,2.596,2.62865,2.66075,2.69025,2.7495,2.741,2.667,2.597,2.494,2.399
2023-12-05,3.901,3.90175,3.89875,3.901,3.897,3.86125,3.81075,3.76525,3.6985,3.6335,3.56675,3.5045,3.4365,3.373,3.03025,2.809,2.572,2.476,2.444,2.439,2.4524,2.4713,2.4954,2.52,2.5548,2.58,2.6377,2.6222,2.538,2.4627,2.3692,2.27
2023-12-06,3.902,3.9008,3.9022,3.9035,3.9015,3.8705,3.81975,3.7725,3.711,3.644,3.57725,3.51525,3.447,3.38375,3.038,2.81075,2.5692,2.467,2.426,2.415,2.422,2.439,2.45925,2.4864,2.51,2.538,2.587,2.565,2.482,2.40375,2.293,2.19925
2023-12-07,3.902,3.9005,3.902,3.904,3.90325,3.86925,3.81175,3.771,3.70475,3.63275,3.57075,3.504,3.436,3.374,3.026,2.79825,2.548,2.4397,2.396,2.386,2.3976,2.4161,2.4407,2.473,2.499,2.5281,2.582,2.5644,2.4852,2.413,2.306,2.2093
2023-12-08,3.903,3.902,3.902,3.90475,3.906,3.876,3.825,3.7885,3.72675,3.6635,3.604,3.54175,3.48125,3.423,3.086,2.86475,2.62,2.508,2.46425,2.458,2.468,2.486,2.50875,2.53725,2.564,2.593,2.64375,2.62075,2.537,2.462,2.35225,2.256
2023-12-11,3.903,3.90265,3.9054,3.9065,3.909,3.88,3.83275,3.7955,3.72825,3.6675,3.616,3.549,3.486,3.437,3.101,2.87675,2.628,2.52,2.478,2.467,2.478,2.4955,2.5185,2.5475,2.573,2.606,2.657,2.6335,2.551,2.471,2.363,2.262
2023-12-12,3.90275,3.902,3.904,3.90575,3.906,3.879,3.831,3.791,3.72975,3.66825,3.608,3.551,3.486,3.427,3.092,2.874,2.631,2.5135,2.4595,2.435,2.449,2.46,2.479,2.5039,2.522,2.562,2.6124,2.5874,2.501,2.42,2.295,2.191
2023-12-13,3.90225,3.90225,3.904,3.907,3.908,3.883,3.82725,3.779,3.721,3.653,3.593,3.53175,3.465,3.407,3.065,2.842,2.59175,2.472,2.419,2.39825,2.39825,2.41,2.426,2.44175,2.478,2.505,2.55425,2.5349,2.451,2.37175,2.256,2.157
2023-12-14,3.90115,3.897,3.90175,3.90375,3.89775,3.867,3.8095,3.769,3.701,3.62275,3.55775,3.49375,3.42375,3.35975,3.005,2.77075,2.499,2.40175,2.323,2.344,2.317,2.3362,2.369,2.384,2.44325,2.456,2.516,2.5063,2.4355,2.3586,2.261,2.163
2023-12-15,3.899,3.8935,3.901,3.90275,3.89675,3.869,3.81375,3.772,3.69975,3.6185,3.5485,3.47175,3.39925,3.33225,2.94775,2.70475,2.42625,2.307,2.25425,2.25,2.241,2.254,2.274,2.2975,2.33775,2.3575,2.41375,2.402,2.327,2.255,2.162,2.056
2023-12-18,3.898,3.8996,3.9023,3.903,3.9,3.871,3.8235,3.7752,3.7065,3.627,3.557,3.48175,3.40775,3.34125,2.96225,2.713,2.45625,2.343,2.2923,2.2803,2.285,2.29935,2.323,2.356,2.381,2.409,2.4648,2.454,2.385,2.3133,2.201,2.108
2023-12-19,3.9005,3.89375,3.902,3.90575,3.9,3.8731,3.8242,3.774,3.705,3.62125,3.54425,3.47475,3.395,3.324,2.937,2.689,2.42275,2.304,2.2533,2.237,2.237,2.25,2.269,2.298,2.3279,2.351,2.4147,2.405,2.333,2.262,2.154,2.066
2023-12-20,3.899,3.896,3.902,3.905,3.897,3.8661,3.8113,3.751,3.6874,3.597,3.518,3.443,3.359,3.287,2.891,2.6375,2.3715,2.25225,2.199,2.18,2.1846,2.1966,2.2155,2.24475,2.269,2.296,2.354,2.344,2.271,2.199,2.092,1.998
2023-12-21,3.88715,3.896,3.903,3.90225,3.889,3.8453,3.797,3.7365,3.659,3.577,3.5,3.418,3.339,3.267,2.87,2.6165,2.354,2.236,2.18675,2.18,2.181,2.19675,2.218,2.25,2.28125,2.306,2.367,2.3639,2.295,2.226,2.126,2.038
2023-12-22,3.88942,3.896,3.90205,3.902,3.882,3.8335,3.783,3.716,3.642,3.5563,3.473,3.398,3.315,3.239,2.8371,2.583,2.32105,2.2109,2.174,2.174,2.183,2.1999,2.2254,2.24675,2.291,2.32255,2.38625,2.3949,2.31765,2.2496,2.1427,2.0516
2023-12-26,,,,,,,,,,,,,,,,,,,,2.166,,,,,,,,,,,,
2023-12-27,3.892,3.89684,3.903,3.901,3.878,3.8221,3.764,3.70055,3.6161,3.529,3.4489,3.3635,3.285,3.205,2.8,2.5385,2.2752,2.159,2.1102,2.097,2.108,2.126,2.149,2.17765,2.204,2.24,2.305,2.307,2.241,2.173,2.068,1.98
2023-12-28,3.899,3.901,3.903,3.902,3.87,3.813,3.7522,3.68,3.5993,3.512,3.433,3.344,3.271,3.194,2.792,2.53,2.27,2.174,2.1366,2.131,2.1399,2.1598,2.185,2.217,2.259,2.283,2.351,2.3545,2.29,2.225,2.129,2.039
2023-12-29,3.899,3.9025,3.90256,3.901,3.871,3.81425,3.758,3.688,3.601,3.5215,3.446,3.358,3.2835,3.21,2.814,2.553,2.299,2.218,2.1856,2.187,2.1995,2.222,2.25,2.2876,2.3193,2.35,2.41695,2.4208,2.3545,2.2892,2.182,2.098
2024-01-02,3.89989,3.90164,3.90214,3.90075,3.872,3.8141,3.765,3.6952,3.615,3.537,3.462,3.381,3.306,3.227,2.844,2.592,2.3515,2.25425,2.223,2.218,2.2377,2.262,2.2915,2.32425,2.355,2.3927,2.4595,2.461,2.394,2.327,2.22,2.132
2024-01-03,3.90175,3.90325,3.90325,3.9,3.869,3.808,3.756,3.682,3.601,3.519,3.43625,3.358,3.282,3.204,2.801,2.547,2.291,2.196,2.166,2.16,2.179,2.206,2.235,2.27175,2.3025,2.3351,2.404,2.413,2.344,2.2762,2.1639,2.0702
2024-01-04,3.903,3.904,3.904,3.906,3.87825,3.82475,3.77875,3.71275,3.63925,3.56525,3.498,3.42,3.349,3.285,2.915,2.673,2.43125,2.333,2.3,2.295,2.30925,2.331,2.35875,2.38025,2.42275,2.45375,2.515,2.512,2.442,2.36525,2.258,2.1666
2024-01-05,3.90225,3.90375,3.90361,3.90725,3.8784,3.8241,3.782,3.717,3.647,3.58,3.513,3.434,3.374,3.306,2.949,2.715,2.4782,2.3841,2.346,2.341,2.352,2.37295,2.3978,2.41575,2.466,2.49,2.549,2.539,2.47,2.395,2.289,2.1934
2024-01-08,3.90275,3.90425,3.9039,3.906,3.87725,3.8232,3.782,3.71245,3.633,3.569,3.497,3.422,3.359,3.286,2.916,2.675,2.434,2.34,2.304,2.313,2.315,2.3371,2.36395,2.39905,2.439,2.4609,2.52,2.51315,2.4395,2.3643,2.252,2.152
2024-01-09,3.90344,3.90478,3.9048,3.91,3.88575,3.832,3.797,3.731,3.659,3.597,3.53,3.458,3.396,3.327,2.976,2.746,2.505,2.4082,2.373,2.3677,2.38,2.4,2.4248,2.45405,2.484,2.5165,2.5749,2.565,2.49,2.4132,2.293,2.197
2024-01-10,3.904,3.9055,3.906,3.90925,3.887,3.83825,3.80625,3.74125,3.67225,3.611,3.542,3.476,3.415,3.348,3.0,2.776,2.531,2.436,2.399,2.40475,2.405,2.425,2.44875,2.47575,2.521,2.53625,2.594,2.584,2.505,2.424,2.309,2.2
2024-01-11,3.904,3.906,3.905,3.907,3.887,3.836,3.793,3.7335,3.6595,3.593,3.525,3.44875,3.3835,3.319,2.9675,2.743,2.514,2.416,2.382,2.373,2.3871,2.4055,2.4321,2.4605,2.49,2.5242,2.5862,2.58,2.505,2.4292,2.305,2.203
2024-01-12,3.904,3.90561,3.90455,3.90225,3.878,3.81425,3.764,3.69,3.603,3.53075,3.45175,3.36525,3.30225,3.23075,2.86675,2.636,2.413,2.3313,2.307,2.308,2.3241,2.3471,2.3768,2.409,2.45,2.476,2.54385,2.54015,2.471,2.3979,2.286,2.1853
2024-01-15,3.9041,3.90582,3.905,3.904,3.89,3.83475,3.7925,3.722,3.637,3.575,3.4975,3.415,3.35175,3.28,2.914,2.682,2.451,2.3695,2.342,2.344,2.356,2.378,2.405,2.43655,2.47475,2.503,2.5705,2.56625,2.49275,2.41775,2.29775,2.193
2024-01-16,3.90425,3.9034,3.9053,3.9057,3.894,3.83975,3.80175,3.737,3.65575,3.593,3.51675,3.437,3.371,3.295,2.92925,2.698,2.48015,2.395,2.3765,2.39,2.392,2.418,2.445,2.47185,2.527,2.544,2.60945,2.6127,2.539,2.46135,2.343,2.236
2024-01-17,3.9045,3.90325,3.90425,3.905,3.893,3.856,3.824,3.7698,3.7,3.645,3.571,3.504,3.445,3.372,3.008,2.79,2.568,2.472,2.44275,2.438,2.43825,2.453,2.47725,2.515,2.542,2.562,2.618,2.60325,2.52075,2.432,2.311,2.19575
2024-01-18,3.90475,3.90175,3.904,3.902,3.88775,3.851,3.808,3.75725,3.68,3.61575,3.55,3.473,3.408,3.345,2.996,2.775,2.57145,2.491,2.4665,2.449,2.47675,2.497,2.523,2.55725,2.577,2.61475,2.6735,2.657,2.571,2.486,2.341,2.22525
2024-01-19,3.904,3.90125,3.904,3.90375,3.89175,3.863,3.827,3.778,3.71,3.654,3.589,3.514,3.459,3.392,3.044,2.82925,2.61235,2.518,2.479,2.468,2.474,2.488,2.511,2.5423,2.566,2.59,2.646,2.62725,2.534,2.445,2.31,2.186
2024-01-22,3.90455,3.90175,3.9045,3.90525,3.89275,3.864,3.82825,3.77825,3.70125,3.6445,3.577,3.5,3.44,3.375,3.0175,2.791,2.567,2.479,2.44575,2.439,2.4465,2.462,2.482,2.51225,2.54325,2.57,2.62875,2.61,2.525,2.435,2.29975,2.184
2024-01-23,3.90075,3.90225,3.90605,3.90475,3.891,3.86375,3.82675,3.775,3.701,3.643,3.58,3.502,3.436,3.38,3.031,2.808,2.596,2.51425,2.486,2.47875,2.494,2.513,2.536,2.5706,2.595,2.627,2.6905,2.6777,2.594,2.5083,2.36725,2.256
2024-01-24,3.901,3.902,3.905,3.904,3.888,3.8625,3.823,3.76625,3.69975,3.64,3.562,3.501,3.438,3.369,3.019,2.806,2.5745,2.49,2.4572,2.4585,2.469,2.487,2.5111,2.5479,2.577,2.6014,2.6628,2.647,2.5713,2.4872,2.3577,2.25
2024-01-25,3.89825,3.901,3.90525,3.89925,3.871,3.83,3.77775,3.7152,3.63475,3.56275,3.494,3.415,3.346,3.285,2.924,2.70225,2.49075,2.414,2.3923,2.388,2.413,2.436,2.4631,2.4947,2.522,2.561,2.6311,2.628,2.552,2.472,2.336,2.234
2024-01-26,3.9005,3.902,3.906,3.90025,3.8689,3.83255,3.781,3.712,3.6363,3.5669,3.4929,3.42,3.351,3.284,2.92675,2.7106,2.5019,2.419,2.39425,2.397,2.41275,2.43625,2.463,2.494,2.529,2.5605,2.6297,2.63,2.55525,2.477,2.35125,2.247
2024-01-29,3.901,3.90176,3.9055,3.89325,3.85425,3.81075,3.757,3.682,3.606,3.53425,3.457,3.38425,3.31125,3.244,2.87975,2.65675,2.44325,2.357,2.33,2.32925,2.35,2.374,2.40275,2.438,2.46525,2.501,2.572,2.575,2.505,2.431,2.30525,2.20125
2024-01-30,3.901,3.902,3.905,3.89225,3.86,3.8213,3.7595,3.699,3.61425,3.55,3.4845,3.397,3.327,3.272,2.918,2.698,2.48325,2.39775,2.368,2.368,2.382,2.40475,2.43045,2.46115,2.495,2.5255,2.59455,2.59575,2.52415,2.44875,2.3195,2.22
2024-01-31,3.89925,3.90075,3.89965,3.889,3.846,3.80275,3.74075,3.665,3.589,3.517,3.424,3.361,3.287,3.2084,2.837,2.61175,2.39175,2.3,2.271,2.27,2.2905,2.3145,2.342,2.372,2.404,2.441,2.513,2.51375,2.44575,2.37125,2.2465,2.145
2024-02-01,3.898,3.9,3.902,3.89225,3.84875,3.81275,3.75,3.679,3.608,3.533,3.457,3.389,3.315,3.246,2.8764,2.647,2.42025,2.329,2.294,2.294,2.3,2.319,2.344,2.36625,2.40925,2.43575,2.5035,2.50225,2.43,2.35415,2.23375,2.138
2024-02-02,3.8988,3.90025,3.90356,3.897,3.869,3.839,3.78,3.729,3.66,3.595,3.532,3.46,3.394,3.336,2.981,2.75225,2.5192,2.4189,2.377,2.371,2.375,2.3902,2.4128,2.4408,2.47,2.49855,2.56185,2.552,2.4756,2.399,2.2731,2.1682
2024-02-05,3.8995,3.901,3.90305,3.89625,3.868,3.843,3.788,3.732,3.663,3.603,3.54,3.469,3.409,3.3523,3.011,2.791,2.56855,2.47175,2.434,2.426,2.43925,2.45625,2.478,2.514,2.5365,2.56575,2.626,2.616,2.54,2.464,2.333,2.233
2024-02-06,3.901,3.902,3.90356,3.891,3.85525,3.8285,3.77175,3.7055,3.645,3.583,3.507,3.447,3.383,3.309,2.974,2.754,2.548,2.44,2.4025,2.39575,2.40575,2.42375,2.448,2.489,2.506,2.53725,2.601,2.598,2.519,2.442,2.318,2.215
2024-02-07,3.903,3.90329,3.905,3.899,3.868,3.846,3.79225,3.732,3.6745,3.613,3.541,3.484,3.419,3.3584,3.024,2.81375,2.5867,2.4921,2.4562,2.447,2.453,2.469,2.492,2.522,2.554,2.5823,2.6473,2.6365,2.56225,2.488,2.367,2.265
2024-02-08,3.904,3.9025,3.906,3.901,3.8685,3.853,3.796,3.739,3.686,3.625,3.561,3.506,3.443,3.377,3.057,2.85,2.6307,2.53,2.489,2.48775,2.488,2.503,2.532,2.56,2.584,2.6159,2.677,2.664,2.586,2.507,2.372,2.274
2024-02-09,3.905,3.906,3.90744,3.904,3.875,3.858,3.804,3.7514,3.7,3.64,3.581,3.524,3.464,3.4081,3.087,2.882,2.666,2.56475,2.522,2.507,2.50925,2.522,2.54005,2.5705,2.58925,2.616,2.67,2.65225,2.572,2.4926,2.36025,2.254
2024-02-12,3.9051,3.9066,3.90796,3.90075,3.8656,3.844,3.78725,3.728,3.674,3.616,3.548,3.489,3.42925,3.369,3.044,2.837,2.623,2.5294,2.48775,2.477,2.48,2.49225,2.512,2.54,2.566,2.59,2.649,2.634,2.557,2.4785,2.3485,2.247
2024-02-13,3.907,3.908,3.908,3.9072,3.876,3.85,3.809,3.7615,3.717,3.666,3.605,3.555,3.498,3.4384,3.128,2.9235,2.7004,2.597,2.54915,2.531,2.533,2.5424,2.5591,2.5868,2.605,2.6301,2.6809,2.656,2.5753,2.4907,2.36,2.25
2024-02-14,3.90756,3.907,3.90925,3.90775,3.873,3.848,3.801,3.74425,3.696,3.636,3.568,3.518,3.45675,3.39625,3.071,2.86375,2.63075,2.521,2.467,2.448,2.4505,2.46025,2.477,2.51175,2.523,2.55,2.606,2.59155,2.5117,2.427,2.301,2.194
2024-02-15,3.907,3.90775,3.9076,3.90275,3.86825,3.84375,3.795,3.73575,3.69175,3.62925,3.56625,3.51525,3.453,3.394,3.077,2.87325,2.65175,2.55,2.5,2.47525,2.4818,2.49225,2.508,2.52475,2.5495,2.581,2.637,2.62,2.54,2.462,2.3325,2.224
2024-02-16,3.909,3.91,3.90904,3.903,3.8796,3.856,3.812,3.76075,3.719,3.664,3.608,3.561,3.5044,3.451,3.149,2.952,2.7245,2.609,2.55585,2.525,2.526,2.53265,2.5453,2.56945,2.586,2.61055,2.6612,2.636,2.5527,2.4702,2.343,2.233
2024-02-19,3.9085,3.90871,3.9097,3.90475,3.8808,3.8559,3.8146,3.7614,3.7151,3.667,3.607,3.5547,3.5031,3.448,3.1437,2.942,2.72,2.608,2.556,2.535,2.535,2.544,2.56,2.581,2.6066,2.63005,2.68365,2.666,2.58665,2.5071,2.383,2.274
2024-02-20,3.91,3.909,3.909,3.90225,3.877,3.847,3.809,3.748,3.701,3.648,3.5835,3.532,3.475,3.41325,3.107,2.9042,2.679,2.571,2.52,2.502,2.501,2.511,2.5272,2.5512,2.576,2.6012,2.65625,2.639,2.561,2.4806,2.35375,2.251
2024-02-21,3.90675,3.909,3.91,3.902,3.882,3.85325,3.81675,3.76425,3.722,3.67,3.608,3.56275,3.50875,3.45275,3.154,2.963,2.74125,2.6315,2.5855,2.565,2.56325,2.571,2.588,2.613,2.635,2.655,2.7069,2.67875,2.5955,2.5168,2.393,2.283
2024-02-22,3.906,3.909,3.90825,3.902,3.889,3.86475,3.83,3.78,3.744,3.693,3.641,3.596,3.548,3.4954,3.211,3.025,2.79875,2.67305,2.614,2.582,2.574,2.57425,2.586,2.6,2.62125,2.64425,2.68665,2.66,2.56865,2.4836,2.352,2.239
2024-02-23,3.906,3.909,3.90875,3.897,3.883,3.853,3.8112,3.76425,3.721,3.667,3.612,3.562,3.509,3.455,3.155,2.952,2.7145,2.58835,2.5216,2.495,2.483,2.48735,2.497,2.52095,2.538,2.55905,2.60535,2.5785,2.494,2.412,2.2785,2.1767
2024-02-26,3.90825,3.909,3.9075,3.901,3.891,3.86525,3.82975,3.787,3.744,3.70225,3.649,3.6,3.555,3.505,3.22025,3.033,2.7952,2.67075,2.61125,2.583,2.572,2.576,2.5864,2.6099,2.628,2.645,2.688,2.664,2.58025,2.49475,2.36625,2.26
2024-02-27,3.906,3.908,3.906,3.89825,3.887,3.861,3.821,3.778,3.74,3.691,3.642,3.596,3.549,3.502,3.217,3.02725,2.79725,2.67525,2.61425,2.58575,2.581,2.584,2.596,2.62325,2.634,2.658,2.703,2.681,2.59,2.506,2.37375,2.26075
2024-02-28,3.908,3.908,3.905,3.893,3.88105,3.85015,3.81125,3.7665,3.727,3.677,3.62625,3.578,3.528,3.485,3.20175,3.01375,2.789,2.67175,2.614,2.582,2.576,2.578,2.59,2.613,2.626,2.648,2.69,2.662,2.5728,2.488,2.34525,2.234
2024-02-29,3.90705,3.90725,3.90475,3.9,3.895,3.8625,3.82175,3.78,3.736,3.686,3.636,3.584,3.54,3.494,3.207,3.016,2.78275,2.657,2.587,2.556,2.542,2.542,2.55,2.561,2.583,2.6,2.639,2.603,2.518,2.43,2.29575,2.1805
2024-03-01,3.90495,3.90475,3.90525,3.899,3.895,3.861,3.82,3.782,3.731,3.679,3.633,3.575,3.525,3.485,3.19075,2.99925,2.76575,2.643,2.579,2.547,2.5324,2.534,2.541,2.552,2.574,2.5916,2.6305,2.5996,2.509,2.4192,2.2813,2.167
2024-03-04,3.9065,3.90475,3.905,3.898,3.89725,3.864,3.828,3.789,3.74575,3.69625,3.647,3.599,3.551,3.503,3.212,3.01875,2.77175,2.6434,2.57575,2.542,2.528,2.527,2.534,2.5482,2.57,2.5874,2.6277,2.59875,2.5105,2.4245,2.2946,2.178
2024-03-05,3.9045,3.90475,3.904,3.8955,3.892,3.85475,3.813,3.77075,3.727,3.671,3.617,3.569,3.518,3.471,3.169,2.96675,2.72075,2.584,2.508,2.474,2.45365,2.449,2.458,2.4774,2.495,2.50465,2.549,2.519,2.431,2.345,2.2068,2.099
2024-03-06,3.904,3.902,3.90145,3.896,3.8913,3.854,3.813,3.77175,3.72825,3.67425,3.623,3.57375,3.521,3.475,3.18,2.97575,2.72475,2.59,2.51475,2.479,2.46275,2.46,2.4663,2.4808,2.494,2.516,2.5572,2.5265,2.4438,2.3602,2.226,2.112
2024-03-07,3.90275,3.90325,3.90475,3.89795,3.898,3.854,3.804,3.765,3.711,3.652,3.603,3.54,3.489,3.445,3.138,2.933,2.684,2.5547,2.488,2.448,2.438,2.436,2.444,2.4612,2.47775,2.4963,2.53975,2.516,2.433,2.353,2.22375,2.11075
2024-03-08,3.90475,3.906,3.905,3.895,3.894,3.8415,3.7885,3.7485,3.683,3.623,3.576,3.50675,3.45075,3.40975,3.08775,2.87375,2.6096,2.49125,2.42375,2.391,2.382,2.38625,2.39825,2.409,2.433,2.45775,2.5045,2.484,2.406,2.3287,2.19775,2.08675
2024-03-11,3.90425,3.90575,3.90525,3.899,3.897,3.8481,3.801,3.761,3.705,3.646,3.595,3.536,3.48,3.432,3.113,2.90275,2.64415,2.516,2.452,2.4207,2.407,2.4078,2.41725,2.4335,2.454,2.475,2.52245,2.50375,2.4228,2.34675,2.226,2.11875
2024-03-12,3.90125,3.90275,3.905,3.9,3.8965,3.8505,3.80325,3.762,3.712,3.655,3.605,3.553,3.501,3.45525,3.14475,2.938,2.678,2.547,2.478,2.441,2.4259,2.426,2.4338,2.447,2.464,2.486,2.53,2.5072,2.426,2.348,2.226,2.1176
2024-03-13,3.90475,3.9035,3.907,3.9009,3.8921,3.8514,3.80275,3.763,3.71275,3.658,3.611,3.559,3.505,3.463,3.171,2.967,2.71475,2.5806,2.506,2.47,2.45525,2.45475,2.467,2.473,2.501,2.5163,2.56005,2.547,2.467,2.39,2.2644,2.1553
2024-03-14,3.90575,3.902,3.906,3.903,3.89275,3.8511,3.801,3.767,3.7145,3.661,3.618,3.56125,3.51425,3.475,3.195,3.012,2.77525,2.64875,2.58075,2.544,2.53125,2.529,2.538,2.5463,2.57,2.585,2.6274,2.604,2.523,2.4424,2.313,2.204
2024-03-15,3.90605,3.9,3.906,3.90475,3.89425,3.85525,3.806,3.774,3.721,3.671,3.63,3.575,3.529,3.49175,3.213,3.02775,2.79025,2.65625,2.583,2.544,2.532,2.529,2.5375,2.554,2.566,2.585,2.627,2.599,2.516,2.432,2.303,2.192
2024-03-18,3.907,3.9,3.9065,3.90725,3.896,3.858,3.815,3.782,3.732,3.68,3.638,3.585,3.538,3.501,3.22225,3.03975,2.805,2.677,2.608,2.56425,2.55525,2.55325,2.55975,2.573,2.585,2.608,2.6525,2.6266,2.54325,2.46125,2.329,2.216
2024-03-19,3.9085,3.902,3.907,3.90825,3.8945,3.85675,3.80975,3.7692,3.72475,3.66875,3.62075,3.574,3.52425,3.483,3.20175,3.01325,2.782,2.6539,2.5818,2.54655,2.535,2.5356,2.5447,2.56625,2.58,2.6,2.6443,2.62,2.5402,2.46,2.3292,2.2163
2024-03-20,3.904,3.903,3.90675,3.908,3.88775,3.8531,3.803,3.762,3.716,3.661,3.61825,3.562,3.51,3.47905,3.208,3.023,2.787,2.65,2.582,2.535,2.52775,2.527,2.536,2.55425,2.569,2.591,2.63525,2.614,2.53075,2.452,2.322,2.21425
2024-03-21,3.89683,3.90254,3.90477,3.906,3.8802,3.8381,3.7832,3.743,3.69025,3.63275,3.583,3.53025,3.482,3.441,3.16,2.97275,2.739,2.613,2.548,2.51425,2.503,2.50425,2.5155,2.5339,2.55275,2.57175,2.618,2.5998,2.5183,2.439,2.32,2.209
2024-03-22,3.89496,3.903,3.90195,3.899,3.869,3.8252,3.771,3.727,3.66925,3.61475,3.564,3.511,3.45925,3.416,3.123,2.9275,2.679,2.5504,2.4803,2.446,2.434,2.4334,2.446,2.46,2.4837,2.503,2.55,2.532,2.45,2.372,2.251,2.14
2024-03-25,3.89431,3.90324,3.9018,3.9,3.87,3.8231,3.7752,3.7322,3.679,3.62575,3.58,3.52975,3.479,3.438,3.1532,2.966,2.722,2.593,2.524,2.487,2.47625,2.4735,2.483,2.494,2.516,2.537,2.5825,2.559,2.477,2.396,2.273,2.161
2024-03-26,3.904,3.903,3.89985,3.898,3.865,3.8191,3.7682,3.72,3.67175,3.615,3.566,3.516,3.468,3.422,3.143,2.953,2.71375,2.581,2.509,2.465,2.457,2.453,2.462,2.4734,2.48825,2.516,2.563,2.542,2.4585,2.379,2.248,2.136
2024-03-27,3.909,3.911,3.89875,3.897,3.85175,3.802,3.751,3.704,3.6433,3.595,3.54325,3.4904,3.443,3.396,3.11,2.9171,2.66925,2.531,2.458,2.424,2.4055,2.403,2.41175,2.42575,2.448,2.4663,2.516,2.498,2.419,2.33975,2.219,2.108
2024-03-28,3.907,3.908,3.898,3.898,3.853,3.799,3.75475,3.708,3.65175,3.603,3.554,3.503,3.458,3.41,3.13,2.933,2.68575,2.546,2.4664,2.43,2.41,2.408,2.417,2.438,2.4545,2.473,2.5207,2.50075,2.42275,2.3465,2.222,2.109
2024-03-29,,,,3.899,,,,,,,,,,,,,,,,,,,,,,,,,,,,
2024-04-02,3.90425,3.904,3.892,3.89145,3.84275,3.7883,3.74075,3.69125,3.635,3.585,3.53,3.48275,3.437,3.389,3.109,2.92475,2.7,2.576,2.5108,2.483,2.479,2.484,2.499,2.52485,2.543,2.567,2.62,2.602,2.525,2.452,2.329,2.219
2024-04-03,3.905,3.90325,3.896,3.898,3.84775,3.795,3.746,3.695,3.643,3.594,3.544,3.494,3.449,3.401,3.125,2.938,2.70375,2.57775,2.50825,2.479,2.469,2.4745,2.487,2.5081,2.527,2.55175,2.605,2.58825,2.516,2.44,2.314,2.205
2024-04-04,3.909,3.90372,3.9,3.903,3.8447,3.7901,3.74275,3.69505,3.641,3.59315,3.545,3.49325,3.45,3.40625,3.1313,2.944,2.705,2.576,2.505,2.46975,2.457,2.4583,2.4683,2.4838,2.508,2.5308,2.581,2.564,2.488,2.415,2.29675,2.18975
2024-04-05,3.91,3.903,3.901,3.905,3.84325,3.789,3.7425,3.6942,3.637,3.596,3.5463,3.49625,3.455,3.41125,3.144,2.964,2.734,2.6025,2.536,2.506,2.494,2.4948,2.506,2.5306,2.547,2.572,2.618,2.598,2.522,2.448,2.3275,2.2182
2024-04-08,3.911,3.905,3.903,3.90825,3.848,3.791,3.752,3.706,3.651,3.61,3.563,3.516,3.477,3.435,3.18075,3.00925,2.78475,2.658,2.5878,2.551,2.5369,2.5363,2.5443,2.56,2.577,2.6,2.644,2.62,2.541,2.464,2.34,2.229
2024-04-09,3.908,3.90375,3.904,3.9087,3.84575,3.791,3.751,3.7005,3.64625,3.602,3.549,3.504,3.463,3.41775,3.15225,2.973,2.73775,2.60525,2.52905,2.48925,2.474,2.47125,2.47875,2.49275,2.51275,2.534,2.57775,2.55385,2.47515,2.39845,2.276,2.165
2024-04-10,3.906,3.90414,3.905,3.91,3.852,3.809,3.775,3.726,3.676,3.63775,3.595,3.5495,3.513,3.473,3.231,3.067,2.834,2.697,2.616,2.575,2.5505,2.547,2.54985,2.5579,2.58,2.598,2.633,2.6071,2.5231,2.4424,2.32,2.204
2024-04-11,3.907,3.907,3.909,3.89775,3.84225,3.78925,3.75375,3.71325,3.65725,3.619,3.58425,3.53,3.49475,3.46375,3.22125,3.058,2.83275,2.705,2.635,2.58925,2.58,2.577,2.582,2.60015,2.606,2.626,2.665,2.6311,2.54325,2.463,2.339,2.224
2024-04-12,3.902,3.903,3.905,3.8935,3.8299,3.775,3.736,3.68,3.621,3.581,3.528,3.479,3.439,3.394,3.135,2.961,2.73375,2.603,2.53425,2.496,2.484,2.485,2.49225,2.5095,2.524,2.544,2.5875,2.5625,2.481,2.402,2.27875,2.169
2024-04-15,3.90275,3.902,3.90607,3.89405,3.83225,3.776,3.742,3.68925,3.633,3.595,3.548,3.498,3.461,3.422,3.175,3.01,2.7936,2.67,2.60125,2.551,2.55425,2.55375,2.5645,2.579,2.58375,2.617,2.661,2.634,2.553,2.475,2.338,2.228
2024-04-16,3.9025,3.90275,3.907,3.8921,3.83295,3.779,3.74625,3.695,3.647,3.612,3.561,3.525,3.492,3.444,3.219,3.066,2.862,2.7385,2.678,2.648,2.624,2.62775,2.6338,2.64625,2.676,2.684,2.728,2.696,2.612,2.529,2.408,2.296
2024-04-17,3.902,3.9035,3.907,3.89025,3.83225,3.77825,3.74325,3.689,3.64225,3.6055,3.557,3.515,3.48125,3.43675,3.20475,3.04625,2.83375,2.7131,2.641,2.604,2.589,2.584,2.5928,2.60125,2.619,2.642,2.682,2.6531,2.5668,2.484,2.3566,2.2441
2024-04-18,3.903,3.90305,3.90778,3.874,3.82775,3.77305,3.73515,3.692,3.645,3.609,3.567,3.524,3.492,3.45425,3.23765,3.09,2.8846,2.757,2.688,2.65,2.632,2.629,2.635,2.6475,2.663,2.684,2.7244,2.69,2.6052,2.521,2.393,2.281
2024-04-19,3.904,3.904,3.908,3.875,3.824,3.771,3.7343,3.689,3.641,3.608,3.567,3.5255,3.494,3.457,3.241,3.094,2.889,2.765,2.69175,2.658,2.631,2.6247,2.6298,2.6449,2.666,2.675,2.71375,2.678,2.593,2.507,2.382,2.26325
2024-04-22,3.90325,3.90575,3.9095,3.87275,3.82,3.762,3.726,3.678,3.627,3.59,3.546,3.504,3.47,3.43,3.2065,3.05825,2.85375,2.73135,2.66045,2.624,2.6086,2.605,2.613,2.6327,2.651,2.669,2.7115,2.681,2.595,2.513,2.384,2.267
2024-04-23,3.904,3.906,3.9104,3.8704,3.81775,3.764,3.728,3.68025,3.634,3.5935,3.5495,3.513,3.4795,3.43725,3.211,3.064,2.85375,2.736,2.667,2.6295,2.616,2.614,2.623,2.64165,2.66,2.6791,2.72325,2.6936,2.6101,2.528,2.4029,2.2847
2024-04-24,3.90325,3.90625,3.9114,3.868,3.81825,3.7685,3.733,3.686,3.646,3.609,3.57,3.5345,3.503,3.465,3.254,3.116,2.923,2.8079,2.743,2.714,2.698,2.6981,2.7091,2.7275,2.748,2.7676,2.8137,2.782,2.69825,2.615,2.487,2.37125
2024-04-25,3.907,3.90889,3.912,3.862,3.8096,3.767,3.732,3.693,3.655,3.621,3.587,3.555,3.521,3.491,3.289,3.153,2.959,2.8456,2.778,2.744,2.73,2.728,2.739,2.7596,2.779,2.7912,2.835,2.8054,2.716,2.631,2.5012,2.39
2024-04-26,3.905,3.908,3.9118,3.857,3.8,3.758,3.7225,3.6812,3.64525,3.61,3.576,3.5435,3.511,3.47825,3.272,3.13125,2.9259,2.805,2.735,2.699,2.684,2.681,2.689,2.7015,2.722,2.741,2.782,2.752,2.666,2.5792,2.4407,2.3262
2024-04-29,3.908,3.911,3.913,3.844,3.79,3.7471,3.709,3.6608,3.6263,3.5893,3.551,3.5185,3.4846,3.454,3.243,3.099,2.893,2.76375,2.688,2.649,2.632,2.629,2.636,2.6531,2.667,2.687,2.7305,2.7025,2.6165,2.5336,2.4,2.285
2024-04-30,3.9072,3.90995,3.912,3.84275,3.78875,3.76,3.727,3.683,3.658,3.627,3.589,3.567,3.537,3.5025,3.315,3.1805,2.976,2.8475,2.769,2.725,2.705,2.698,2.702,2.70715,2.7276,2.7425,2.77975,2.743,2.655,2.56735,2.436,2.32
2024-05-01,3.90835,3.91,,3.84525,,,,,,,,,,,,,,,,,,,,,,,,,,,,
2024-05-02,3.90805,3.91029,3.91305,3.82125,3.77175,3.73675,3.695,3.65475,3.62,3.585,3.552,3.519,3.486,3.46,3.264,3.12625,2.924,2.793,2.713,2.665,2.6505,2.6445,2.649,2.6597,2.675,2.69,2.729,2.69295,2.603,2.515,2.3834,2.2692
2024-05-03,3.90925,3.90981,3.912,3.819,3.76775,3.73075,3.69,3.645,3.606,3.568,3.531,3.497,3.461,3.42925,3.218,3.068,2.86275,2.74,2.6675,2.627,2.61,2.605,2.61175,2.62275,2.641,2.661,2.702,2.67,2.585,2.5005,2.3655,2.2525
2024-05-06,3.908,3.91049,3.91295,3.817,3.76425,3.73,3.6875,3.641,3.6035,3.564,3.523,3.489,3.453,3.42,3.199,3.051,2.8388,2.714,2.639,2.6,2.581,2.57815,2.58465,2.5982,2.616,2.63515,2.679,2.65065,2.5643,2.48,2.3424,2.2284
2024-05-07,3.90942,3.91074,3.91295,3.814,3.76295,3.73015,3.687,3.639,3.607,3.5665,3.52535,3.4935,3.457,3.421,3.196,3.04,2.822,2.6875,2.606,2.566,2.5424,2.5365,2.542,2.555,2.574,2.589,2.632,2.604,2.5213,2.4388,2.31575,2.201
2024-05-08,3.908,3.91,3.913,3.811,3.75875,3.73075,3.68875,3.644,3.611,3.572,3.5335,3.503,3.467,3.429,3.216,3.065,2.8565,2.725,2.646,2.603,2.58025,2.575,2.58,2.59175,2.611,2.627,2.668,2.64075,2.558,2.474,2.34675,2.234
2024-05-09,3.9085,3.91,3.906,3.79625,3.75125,3.725,3.677,3.637,3.603,3.562,3.5257,3.493,3.455,3.425,3.2117,3.0651,2.86205,2.73225,2.659,2.612,2.599,2.597,2.605,2.622,2.632,2.655,2.701,2.67525,2.59475,2.5145,2.386,2.27425
2024-05-10,3.907,3.909,3.8965,3.793,3.74975,3.72375,3.681,3.6425,3.608,3.571,3.541,3.506,3.472,3.445,3.242,3.0994,2.89575,2.7673,2.693,2.64765,2.629,2.625,2.633,2.64825,2.661,2.68,2.723,2.701,2.62,2.54,2.414,2.302
2024-05-13,3.907,3.908,3.876,3.789,3.744,3.7195,3.675,3.633,3.60175,3.563,3.523,3.495,3.4615,3.428,3.217,3.07425,2.86425,2.73865,2.666,2.623,2.605,2.6,2.609,2.6265,2.641,2.66,2.703,2.68155,2.601,2.5189,2.391,2.279
2024-05-14,3.90725,3.90875,3.87575,3.78975,3.7432,3.723,3.679,3.636,3.61,3.572,3.536,3.509,3.475,3.444,3.238,3.096,2.896,2.768,2.697,2.6555,2.6385,2.63425,2.6405,2.66,2.673,2.692,2.7355,2.7095,2.63,2.54775,2.422,2.3095
2024-05-15,3.90808,3.90971,3.87195,3.777,3.729,3.70625,3.658,3.614,3.582,3.538,3.5,3.466,3.426,3.39,3.166,3.00475,2.78525,2.647,2.572,2.529,2.511,2.508,2.51675,2.53995,2.549,2.567,2.6135,2.5965,2.5195,2.438,2.314,2.204
2024-05-16,3.908,3.90805,3.849,3.76475,3.7249,3.70105,3.654,3.614,3.584,3.543,3.506,3.477,3.438,3.406,3.1915,3.041,2.83,2.701,2.627,2.584,2.5642,2.558,2.5671,2.58305,2.594,2.6143,2.6595,2.6377,2.56,2.481,2.3533,2.243
2024-05-17,3.90715,3.90546,3.84105,3.76225,3.7237,3.6981,3.661,3.6232,3.593,3.56,3.5263,3.5,3.466,3.4385,3.238,3.097,2.893,2.763,2.6865,2.644,2.6215,2.616,2.62175,2.631,2.64925,2.667,2.7085,2.684,2.6068,2.5272,2.4,2.29
2024-05-20,3.90775,3.907,3.824,3.7594,3.7205,3.6965,3.6575,3.61975,3.5903,3.556,3.5217,3.493,3.463,3.434,3.237,3.1012,2.8991,2.771,2.698,2.6546,2.633,2.628,2.6321,2.64325,2.6603,2.679,2.719,2.6942,2.619,2.541,2.416,2.3031
2024-05-21,3.906,3.90625,3.82138,3.75525,3.718,3.69475,3.65375,3.61225,3.58475,3.54775,3.51375,3.484,3.453,3.42075,3.218,3.075,2.869,2.743,2.666,2.625,2.603,2.597,2.602,2.615,2.633,2.649,2.6905,2.666,2.5895,2.511,2.38825,2.279
2024-05-22,3.906,3.908,3.8215,3.75625,3.72375,3.705,3.668,3.631,3.607,3.573,3.54,3.516,3.487,3.452,3.261,3.12075,2.91425,2.781,2.7045,2.661,2.637,2.6303,2.63455,2.647,2.659,2.67755,2.714,2.6856,2.609,2.528,2.3995,2.289
2024-05-23,3.904,3.90675,3.7996,3.74075,3.7193,3.698,3.664,3.63525,3.61,3.5815,3.55525,3.5295,3.50475,3.48,3.305,3.178,2.9778,2.838,2.757,2.71,2.6839,2.673,2.6759,2.685,2.694,2.71075,2.744,2.7055,2.627,2.54475,2.40925,2.294
2024-05-24,3.90321,3.90794,3.7961,3.744,3.72475,3.70075,3.67175,3.64575,3.61725,3.591,3.56875,3.54175,3.51625,3.498,3.327,3.199,2.991,2.8525,2.765,2.714,2.687,2.67525,2.67075,2.67375,2.693,2.707,2.73825,2.69875,2.61925,2.53575,2.4035,2.28525
2024-05-27,3.90362,3.908,3.7855,3.731,3.70875,3.684,3.652,3.62215,3.594,3.566,3.538,3.5118,3.4872,3.46155,3.2858,3.15355,2.9491,2.816,2.732,2.684,2.659,2.64525,2.6481,2.6524,2.667,2.6847,2.721,2.6865,2.607,2.5265,2.395,2.2803
2024-05-28,3.906,3.89175,3.78195,3.72825,3.70675,3.684,3.653,3.625,3.6,3.573,3.547,3.524,3.5,3.474,3.309,3.181,2.97375,2.8446,2.76215,2.713,2.6907,2.6805,2.684,2.694,2.709,2.721,2.756,2.72275,2.641,2.559,2.428,2.31
2024-05-29,3.90525,3.87475,3.77675,3.724,3.704,3.682,3.65,3.625,3.6,3.574,3.555,3.53,3.508,3.488,3.33125,3.211,3.0256,2.904,2.834,2.789,2.773,2.76725,2.773,2.7856,2.79675,2.815,2.8485,2.814,2.731,2.649,2.50675,2.393
2024-05-30,3.909,3.82425,3.74275,3.70425,3.68925,3.6655,3.631,3.6038,3.578,3.55,3.5284,3.5025,3.477,3.455,3.292,3.173,2.98975,2.868,2.79575,2.756,2.73425,2.727,2.7305,2.7417,2.756,2.77125,2.8065,2.773,2.69125,2.60975,2.47375,2.355
2024-05-31,3.909,3.81275,3.7403,3.708,3.702,3.68475,3.65875,3.63725,3.61375,3.59225,3.57175,3.54725,3.524,3.5033,3.338,3.21475,3.02375,2.896,2.8213,2.779,2.754,2.7458,2.7494,2.7563,2.7743,2.7867,2.818,2.778,2.6997,2.617,2.483,2.363
2024-06-03,3.908,3.79075,3.72925,3.70075,3.68925,3.66275,3.633,3.609,3.579,3.55275,3.52775,3.498,3.4735,3.447,3.267,3.134,2.927,2.802,2.72575,2.685,2.664,2.657,2.661,2.675,2.684,2.7,2.734,2.699,2.6169,2.536,2.40075,2.285
2024-06-04,3.874,3.77,3.714,3.691,3.68,3.653,3.621,3.5952,3.565,3.536,3.511,3.4772,3.45,3.4227,3.2286,3.0888,2.8813,2.7545,2.6806,2.638,2.61875,2.612,2.62,2.635,2.644,2.659,2.693,2.661,2.577,2.498,2.3624,2.252
2024-06-05,3.839,3.753,3.7079,3.68485,3.67355,3.646,3.612,3.584,3.554,3.526,3.499,3.46775,3.43875,3.40925,3.219,3.07975,2.87175,2.74675,2.66985,2.629,2.607,2.6,2.605,2.618,2.633,2.645,2.678,2.646,2.563,2.482,2.355,2.241
2024-06-06,3.73515,3.70075,3.6825,3.6755,3.673,3.649,3.621,3.597,3.57,3.545,3.519,3.489,3.46,3.435,3.25,3.113,2.9115,2.77975,2.703,2.6615,2.64075,2.6322,2.6373,2.6482,2.65925,2.6752,2.704,2.6699,2.5839,2.5023,2.37375,2.257
2024-06-07,3.69734,3.681,3.6737,3.6705,3.67075,3.64875,3.624,3.6075,3.579,3.5538,3.5357,3.5043,3.47875,3.4602,3.2847,3.168,2.9762,2.8512,2.7688,2.731,2.7022,2.6929,2.6945,2.7014,2.71,2.7227,2.7502,2.71,2.6221,2.5386,2.4068,2.289
2024-06-10,3.6629,3.6644,3.665,3.667,3.6695,3.6483,3.629,3.61475,3.589,3.568,3.54975,3.523,3.501,3.479,3.3139,3.19575,3.0178,2.90075,2.825,2.78425,2.765,2.756,2.761,2.77155,2.78125,2.7947,2.822,2.779,2.6902,2.60425,2.474,2.355
2024-06-11,3.662,3.66325,3.6639,3.665,3.666,3.643,3.62,3.603,3.575,3.553,3.531,3.502,3.478,3.454,3.278,3.154,2.975,2.85875,2.791,2.753,2.735,2.729,2.734,2.7432,2.75415,2.76785,2.793,2.751,2.661,2.57495,2.44225,2.3235
2024-06-12,3.663,3.66525,3.6651,3.662,3.66225,3.633,3.607,3.583,3.553,3.522,3.4962,3.463,3.433,3.402,3.20695,3.069,2.8755,2.757,2.686,2.648,2.63,2.625,2.631,2.642,2.6535,2.67,2.701,2.666,2.5788,2.495,2.3653,2.248
2024-06-13,3.66101,3.65875,3.66325,3.65905,3.6583,3.6236,3.5928,3.57525,3.536,3.504,3.4767,3.44095,3.404,3.37735,3.16445,3.025,2.823,2.7135,2.6485,2.61545,2.60465,2.604,2.60875,2.6264,2.6415,2.6579,2.6882,2.651,2.5655,2.481,2.35025,2.2335
2024-06-14,3.65801,3.656,3.65945,3.65,3.648,3.61075,3.581,3.558,3.516,3.481,3.45045,3.40525,3.3708,3.3413,3.119,2.981,2.783,2.652,2.593,2.55925,2.5433,2.5407,2.5474,2.5589,2.5665,2.58275,2.603,2.55835,2.462,2.3721,2.24025,2.122
2024-06-17,3.66026,3.65725,3.66105,3.657,3.656,3.62135,3.592,3.571,3.529,3.496,3.464,3.422,3.389,3.354,3.136,2.987,2.78775,2.6775,2.615,2.5848,2.57,2.57,2.578,2.5893,2.60315,2.618,2.646,2.6002,2.5048,2.4144,2.28,2.1545
2024-06-18,3.65975,3.657,3.6625,3.662,3.66001,3.627,3.59775,3.57675,3.5353,3.49975,3.46575,3.425,3.39,3.354,3.12855,2.977,2.77575,2.66835,2.606,2.5747,2.5593,2.5576,2.5656,2.5774,2.591,2.6051,2.63375,2.59035,2.49745,2.4073,2.2735,2.15
2024-06-19,3.661,3.659,3.66325,3.6615,3.657,3.6287,3.5987,3.57425,3.53835,3.505,3.473,3.434,3.3987,3.3618,3.14375,2.998,2.8015,2.6908,2.62785,2.595,2.5814,2.5782,2.5846,2.5955,2.6093,2.6215,2.647,2.5979,2.50055,2.40905,2.2734,2.14865
2024-06-20,3.653,3.659,3.66376,3.661,3.654,3.623,3.59025,3.567,3.52875,3.495,3.462,3.425,3.387,3.354,3.142,3.0,2.811,2.699,2.6393,2.6054,2.59082,2.5887,2.59499,2.6051,2.617,2.6326,2.6605,2.6122,2.516,2.424,2.287,2.16225
2024-06-21,3.65375,3.659,3.66324,3.6587,3.6488,3.6135,3.58,3.5489,3.51,3.475,3.44,3.402,3.363,3.3287,3.1054,2.9646,2.775,2.6691,2.6104,2.58445,2.5742,2.5763,2.5854,2.5983,2.613,2.632,2.66395,2.62025,2.52855,2.44,2.3002,2.1757
2024-06-24,3.654,3.66,3.66275,3.66,3.649,3.61225,3.58175,3.553,3.51275,3.479,3.444,3.403,3.37,3.3323,3.1155,2.9741,2.78385,2.683,2.6326,2.602,2.594,2.596,2.607,2.61925,2.6362,2.6543,2.6875,2.64405,2.5559,2.471,2.3411,2.2166
2024-06-25,3.65503,3.65945,3.661,3.6585,3.64375,3.60575,3.573,3.54185,3.504,3.46875,3.434,3.396,3.362,3.323,3.1151,2.9732,2.793,2.6881,2.6319,2.60425,2.59425,2.59375,2.6028,2.6159,2.6303,2.64745,2.68095,2.6401,2.5522,2.4681,2.3371,2.213
2024-06-26,3.654,3.659,3.6591,3.656,3.63651,3.60405,3.5695,3.536,3.499,3.46875,3.431,3.3975,3.363,3.328,3.1261,2.9936,2.81325,2.71125,2.6595,2.6355,2.6257,2.626,2.63498,2.6492,2.6645,2.68025,2.7123,2.67075,2.58145,2.4945,2.3595,2.235
2024-06-27,3.66218,3.66385,3.65995,3.6559,3.63425,3.59525,3.5635,3.52865,3.49175,3.459,3.42375,3.387,3.35225,3.325,3.115,2.993,2.80675,2.7105,2.658,2.63585,2.63035,2.633,2.645,2.65725,2.67325,2.68925,2.7215,2.67915,2.58685,2.4998,2.36,2.23
2024-06-28,3.66165,3.66295,3.65682,3.6521,3.62925,3.58775,3.562,3.53,3.494,3.4645,3.43,3.3968,3.364,3.331,3.135,3.009,2.83725,2.7425,2.6922,2.6695,2.6635,2.666,2.6794,2.6949,2.709,2.7271,2.7619,2.7178,2.6254,2.537,2.399,2.26525
2024-07-01,3.66122,3.66225,3.658,3.658,3.63575,3.599,3.575,3.54525,3.516,3.48795,3.45375,3.42075,3.393,3.3635,3.175,3.054,2.89225,2.80275,2.7567,2.7345,2.72925,2.73275,2.745,2.76113,2.77585,2.7935,2.827,2.783,2.69175,2.60425,2.463,2.33025
2024-07-02,3.6616,3.663,3.6595,3.6601,3.63525,3.5995,3.572,3.538,3.508,3.479,3.4435,3.40975,3.3788,3.3473,3.15075,3.027,2.871,2.776,2.7313,2.7107,2.7045,2.709,2.72175,2.73875,2.75325,2.772,2.80705,2.7669,2.67675,2.5894,2.4472,2.3154
2024-07-03,3.663,3.664,3.66,3.661,3.62975,3.596,3.56775,3.53376,3.5027,3.47475,3.437,3.40875,3.378,3.343,3.15305,3.01875,2.8447,2.7423,2.6875,2.66235,2.65125,2.65475,2.6655,2.68138,2.6981,2.7135,2.74675,2.707,2.615,2.5298,2.3865,2.2545
2024-07-04,3.66242,3.6636,3.65975,3.66293,3.62925,3.59425,3.5687,3.53601,3.504,3.47725,3.44375,3.41285,3.38415,3.3532,3.1679,3.043,2.8735,2.7747,2.72325,2.6961,2.68625,2.68825,2.6988,2.71225,2.7273,2.743,2.774,2.7304,2.641,2.553,2.4125,2.27925
2024-07-05,3.6635,3.664,3.66095,3.66306,3.6263,3.5845,3.56045,3.52425,3.49025,3.46195,3.425,3.39185,3.361,3.327,3.13,2.997,2.82225,2.7225,2.6736,2.6484,2.6392,2.6427,2.6524,2.6664,2.6809,2.695,2.7323,2.691,2.604,2.5183,2.3805,2.25125
2024-07-08,3.667,3.66514,3.665,3.66575,3.626,3.58525,3.561,3.52375,3.491,3.462,3.424,3.389,3.36,3.327,3.125,2.9945,2.81175,2.71,2.655,2.62775,2.6175,2.61925,2.62925,2.64325,2.66275,2.6765,2.711,2.6745,2.588,2.5015,2.36475,2.2375
2024-07-09,3.66401,3.664,3.6625,3.6665,3.625,3.585,3.56,3.521,3.49075,3.466,3.42625,3.395,3.3645,3.33,3.137,3.003,2.83,2.73438,2.6787,2.65475,2.64625,2.649,2.66025,2.67525,2.69075,2.7075,2.7424,2.705,2.618,2.53425,2.397,2.26875
2024-07-10,3.66375,3.6642,3.66275,3.66645,3.62,3.583,3.557,3.518,3.487,3.46175,3.421,3.389,3.358,3.32,3.12,2.982,2.805,2.705,2.6497,2.622,2.61,2.6101,2.6211,2.6337,2.6485,2.665,2.697,2.661,2.575,2.491,2.35605,2.2306
2024-07-11,3.66476,3.66125,3.66125,3.665,3.61025,3.5649,3.536,3.492,3.452,3.417,3.378,3.3363,3.2981,3.262,3.037,2.8911,2.712,2.62305,2.58025,2.5546,2.54725,2.5498,2.56275,2.57975,2.5949,2.614,2.65545,2.622,2.542,2.463,2.3305,2.20435
2024-07-12,3.664,3.661,3.66025,3.6655,3.60725,3.55925,3.5336,3.487,3.4502,3.4175,3.3763,3.3381,3.3026,3.2645,3.047,2.908,2.7366,2.6473,2.6015,2.5799,2.5725,2.5765,2.5889,2.605,2.6218,2.6402,2.6792,2.6481,2.565,2.485,2.3509,2.2285
2024-07-15,3.66401,3.662,3.6627,3.66675,3.607,3.56055,3.535,3.48901,3.453,3.417,3.372,3.329,3.297,3.2563,3.028,2.8834,2.7065,2.61825,2.57295,2.5518,2.5485,2.5551,2.569,2.587,2.6045,2.6215,2.659,2.62925,2.5473,2.46845,2.3355,2.21225
2024-07-16,3.66275,3.66,3.66175,3.665,3.604,3.55725,3.53125,3.47775,3.4405,3.40475,3.354,3.31625,3.27825,3.235,2.99875,2.84125,2.659,2.56975,2.52388,2.503,2.4997,2.5055,2.52,2.53888,2.5565,2.576,2.6175,2.59075,2.512,2.431,2.30225,2.1775
2024-07-17,3.66127,3.65815,3.65935,3.66175,3.6005,3.55925,3.5323,3.4825,3.445,3.4089,3.36075,3.3225,3.2825,3.2385,3.00575,2.85025,2.665,2.574,2.52865,2.5038,2.4991,2.5022,2.51425,2.5302,2.54575,2.5655,2.6039,2.57615,2.4953,2.41545,2.28165,2.15735
2024-07-18,3.66088,3.6604,3.66375,3.65325,3.597,3.557,3.522,3.48,3.437,3.404,3.35975,3.32075,3.276,3.23175,2.992,2.83,2.653,2.566,2.52905,2.5107,2.5059,2.51135,2.5253,2.5443,2.5605,2.583,2.62715,2.60105,2.5235,2.44495,2.31225,2.18975
2024-07-19,3.65975,3.66,3.66325,3.653,3.6,3.55425,3.526,3.4817,3.443,3.4053,3.3635,3.3215,3.28065,3.2401,3.00525,2.857,2.68175,2.59565,2.5541,2.5365,2.5337,2.541,2.555,2.5739,2.59245,2.6123,2.657,2.63,2.553,2.475,2.3445,2.22395
2024-07-22,3.657,3.659,3.662,3.649,3.59802,3.55725,3.53,3.4865,3.4495,3.41375,3.371,3.33025,3.29325,3.253,3.02825,2.879,2.707,2.6245,2.5832,2.5648,2.5595,2.564,2.5765,2.594,2.612,2.6312,2.672,2.6425,2.56185,2.484,2.34975,2.228
2024-07-23,3.6589,3.65985,3.66375,3.6471,3.5922,3.5502,3.51375,3.471,3.43225,3.3941,3.34775,3.306,3.26535,3.223,2.9884,2.839,2.6608,2.5753,2.5354,2.51595,2.5115,2.5172,2.53025,2.5479,2.5683,2.587,2.6267,2.60025,2.5206,2.4414,2.31445,2.19385
2024-07-24,3.65957,3.6617,3.6645,3.6406,3.58075,3.53725,3.5,3.45201,3.409,3.365,3.314,3.27,3.22475,3.181,2.94,2.7925,2.6235,2.54975,2.5186,2.508,2.51,2.521,2.538,2.5605,2.5818,2.606,2.6522,2.63,2.554,2.477,2.34675,2.2295
2024-07-25,3.65975,3.6621,3.66534,3.62805,3.569,3.5244,3.47825,3.42975,3.38425,3.3357,3.286,3.2425,3.1944,3.1495,2.91515,2.77,2.6125,2.5358,2.5012,2.49105,2.495,2.507,2.524,2.549,2.567,2.589,2.6356,2.612,2.53425,2.4552,2.3293,2.2066
2024-07-26,3.65925,3.66105,3.6646,3.62635,3.5663,3.52,3.478,3.425,3.381,3.327,3.2753,3.2291,3.18105,3.1381,2.89075,2.748,2.584,2.50875,2.4763,2.4675,2.4722,2.4849,2.5039,2.5251,2.5473,2.5688,2.6154,2.59115,2.51285,2.43205,2.303,2.1795
2024-07-29,3.65951,3.66125,3.665,3.625,3.56125,3.51675,3.47,3.418,3.373,3.3165,3.266,3.218,3.168,3.1215,2.87375,2.723,2.551,2.473,2.4374,2.4305,2.431,2.44165,2.459,2.4806,2.5041,2.5272,2.57495,2.5495,2.47135,2.394,2.26125,2.138
2024-07-30,3.66155,3.6625,3.6633,3.6195,3.554,3.5069,3.455,3.401,3.35,3.297,3.23,3.17775,3.139,3.08075,2.831,2.666,2.4977,2.4256,2.396,2.3912,2.3953,2.4097,2.429,2.452,2.48525,2.4978,2.5485,2.5292,2.4526,2.37655,2.24675,2.1252
2024-07-31,3.661,3.66225,3.66425,3.61575,3.54575,3.5005,3.44875,3.391,3.341,3.278,3.22625,3.167,3.113,3.05575,2.80225,2.632,2.48,2.40865,2.3726,2.3645,2.3697,2.38145,2.4022,2.426,2.4475,2.473,2.5244,2.5017,2.428,2.347,2.2194,2.09605
2024-08-01,3.66101,3.6618,3.6645,3.59725,3.53375,3.48525,3.426,3.36775,3.319,3.24775,3.187,3.1328,3.071,3.00925,2.75375,2.5895,2.428,2.35825,2.3286,2.3205,2.3279,2.34013,2.3605,2.3822,2.4091,2.4338,2.4879,2.4706,2.3969,2.3205,2.19275,2.07175
2024-08-02,3.661,3.662,3.6645,3.58225,3.49125,3.424,3.348,3.279,3.216,3.13925,3.0763,3.01475,2.95475,2.9,2.652,2.502,2.351,2.288,2.2676,2.2615,2.276,2.293,2.317,2.34175,2.3665,2.39215,2.4496,2.43455,2.3618,2.2878,2.1579,2.0369
2024-08-05,3.645,3.64725,3.6485,3.57675,3.48475,3.41455,3.34,3.273,3.21,3.12775,3.057,2.992,2.94075,2.89075,2.63575,2.511,2.35625,2.2991,2.2828,2.28145,2.2826,2.2996,2.32145,2.347,2.38075,2.409,2.4575,2.4345,2.34695,2.2666,2.1406,2.0175
2024-08-06,3.64975,3.65225,3.652,3.5808,3.49665,3.434,3.363,3.294,3.23,3.15865,3.093,3.032,2.9735,2.92005,2.667,2.529,2.3853,2.32475,2.2984,2.2925,2.2977,2.312,2.32925,2.354,2.3815,2.40455,2.4555,2.43015,2.3545,2.2748,2.142,2.0197
2024-08-07,3.65551,3.657,3.65725,3.5765,3.48575,3.43575,3.361,3.292,3.233,3.16,3.09625,3.035,2.97585,2.916,2.6677,2.526,2.386,2.3405,2.3248,2.324,2.3357,2.35405,2.377,2.40225,2.427,2.4508,2.501,2.47885,2.40125,2.32105,2.1892,2.0602
2024-08-08,3.65575,3.657,3.65765,3.562,3.485,3.433,3.355,3.295,3.233,3.15225,3.092,3.037,2.974,2.9225,2.67025,2.533,2.39125,2.33795,2.3214,2.323,2.33525,2.35385,2.37775,2.4041,2.4315,2.456,2.5085,2.487,2.4112,2.3305,2.19915,2.071
2024-08-09,3.655,3.65525,3.6575,3.5615,3.48125,3.43375,3.358,3.29075,3.233,3.15275,3.08725,3.0317,2.97,2.91675,2.662,2.5175,2.371,2.312,2.29305,2.2907,2.3005,2.3168,2.3386,2.3639,2.38925,2.41375,2.4663,2.4471,2.3703,2.2903,2.1564,2.0305
2024-08-12,3.654,3.65525,3.65875,3.55975,3.47975,3.43125,3.354,3.2865,3.228,3.155,3.08675,3.0265,2.97225,2.912,2.65875,2.507,2.367,2.30515,2.282,2.28,2.2887,2.3051,2.32695,2.352,2.376,2.4011,2.45325,2.434,2.35735,2.27765,2.146,2.0208
2024-08-13,3.656,3.65805,3.659,3.55585,3.47175,3.42305,3.34,3.26475,3.19825,3.12375,3.05375,2.98875,2.929,2.87275,2.607,2.46225,2.315,2.2584,2.2395,2.2402,2.2507,2.2666,2.2875,2.313,2.3388,2.36555,2.4192,2.401,2.32575,2.2485,2.11865,1.9923
2024-08-14,3.65575,3.658,3.65975,3.55175,3.468,3.42275,3.34175,3.27,3.206,3.12595,3.05875,2.99385,2.9332,2.8785,2.6165,2.47475,2.3207,2.25975,2.236,2.234,2.244,2.26005,2.2815,2.3064,2.33125,2.3571,2.40875,2.39275,2.319,2.24155,2.1126,1.986
2024-08-15,3.659,3.6596,3.6525,3.542,3.473,3.4301,3.358,3.29475,3.244,3.161,3.10945,3.0485,2.98965,2.9488,2.7024,2.5714,2.4214,2.3495,2.321,2.31365,2.318,2.3293,2.3465,2.36705,2.392,2.415,2.4642,2.4425,2.36655,2.2873,2.1585,2.0329
2024-08-16,3.66002,3.659,3.6458,3.5332,3.457,3.4161,3.3393,3.27675,3.2173,3.15,3.09125,3.035,2.97835,2.9235,2.688,2.5468,2.3989,2.3369,2.30645,2.299,2.3025,2.3143,2.3296,2.3545,2.3766,2.401,2.44855,2.42685,2.3493,2.2699,2.1425,2.01675
2024-08-19,3.662,3.66,3.627,3.53275,3.45755,3.4082,3.338,3.275,3.214,3.144,3.082,3.019,2.969,2.916,2.673,2.538,2.391,2.327,2.298,2.2893,2.294,2.305,2.3239,2.346,2.3681,2.38925,2.4382,2.415,2.3382,2.25835,2.1304,2.0022
2024-08-20,3.662,3.663,3.626,3.52825,3.451,3.404,3.33,3.26,3.194,3.12925,3.06275,2.99975,2.9454,2.89125,2.63975,2.49825,2.355,2.2875,2.2595,2.2525,2.2555,2.2672,2.2862,2.30875,2.33335,2.354,2.40365,2.3825,2.307,2.2295,2.10025,1.976
2024-08-21,3.6637,3.661,3.623,3.525,3.442,3.4001,3.321,3.24775,3.182,3.11395,3.04025,2.97675,2.91725,2.861,2.60585,2.46305,2.315,2.249,2.2335,2.22855,2.23585,2.2499,2.2718,2.2966,2.3155,2.3452,2.3973,2.3789,2.3057,2.23,2.10325,1.978
2024-08-22,3.65775,3.66125,3.6002,3.50025,3.43725,3.385,3.31575,3.25175,3.18775,3.11425,3.05475,2.994,2.93525,2.88875,2.643,2.50775,2.36825,2.3126,2.2916,2.2873,2.2938,2.3078,2.3285,2.35275,2.3792,2.4015,2.45325,2.435,2.362,2.2875,2.159,2.033
2024-08-23,3.6576,3.66125,3.59325,3.49825,3.4325,3.38155,3.302,3.23475,3.164,3.101,3.026,2.965,2.918,2.853,2.61725,2.4625,2.34075,2.2863,2.265,2.263,2.2747,2.2888,2.3106,2.3364,2.3606,2.387,2.441,2.4248,2.352,2.282,2.1538,2.032
2024-08-26,3.65775,3.662,3.5764,3.49775,3.4342,3.37525,3.314,3.244,3.18,3.111,3.045,2.98,2.929,2.875,2.6311,2.492,2.355,2.30175,2.283,2.28065,2.2897,2.305,2.326,2.352,2.38,2.4017,2.4528,2.4358,2.3633,2.2898,2.163,2.04095
2024-08-27,3.65905,3.6625,3.5721,3.48975,3.4298,3.37275,3.308,3.24225,3.168,3.103,3.039,2.97425,2.922,2.869,2.62575,2.49,2.36,2.31325,2.3006,2.2992,2.3112,2.32925,2.35325,2.3795,2.409,2.4322,2.4898,2.472,2.3996,2.32795,2.20475,2.0805
2024-08-28,3.658,3.663,3.56775,3.478,3.42125,3.36475,3.29775,3.2349,3.161,3.09205,3.02825,2.96475,2.90875,2.85835,2.61425,2.47775,2.347,2.2994,2.2835,2.2841,2.2936,2.30975,2.3332,2.357,2.38335,2.40865,2.4623,2.4483,2.3773,2.30375,2.17845,2.0555
2024-08-29,3.664,3.66585,3.54875,3.45675,3.406,3.34645,3.281,3.217,3.142,3.071,3.0036,2.94055,2.8793,2.82875,2.584,2.45125,2.32975,2.28855,2.281,2.2854,2.298,2.318,2.3425,2.3705,2.399,2.4271,2.4825,2.4711,2.4018,2.33,2.2055,2.0833
2024-08-30,3.66415,3.6654,3.5447,3.4655,3.42025,3.36525,3.306,3.24525,3.168,3.1,3.03875,2.9781,2.919,2.867,2.62405,2.4904,2.3656,2.32515,2.3154,2.3189,2.3343,2.3535,2.378,2.40445,2.4276,2.4548,2.5094,2.497,2.4265,2.35525,2.2309,2.10815
2024-09-02,3.665,3.666,3.53725,3.466,3.42625,3.365,3.313,3.251,3.17725,3.107,3.04575,2.98325,2.92625,2.873,2.63,2.498,2.375,2.3365,2.329,2.334,2.3485,2.3677,2.3935,2.42075,2.447,2.4728,2.5275,2.5125,2.441,2.37,2.243,2.12
2024-09-03,3.663,3.6465,3.52,3.45885,3.424,3.36405,3.311,3.246,3.16675,3.102,3.03675,2.96925,2.91475,2.85875,2.608,2.468,2.33825,2.29435,2.2822,2.2873,2.301,2.3205,2.3465,2.37255,2.398,2.4225,2.4755,2.4561,2.3845,2.3094,2.1843,2.0615
2024-09-04,3.6627,3.62875,3.51475,3.452,3.41676,3.35785,3.301,3.2355,3.152,3.08175,3.01225,2.94125,2.88075,2.82,2.56175,2.41675,2.284,2.2409,2.2292,2.2356,2.2517,2.2726,2.2978,2.3255,2.354,2.381,2.435,2.42,2.35,2.276,2.1487,2.0256
2024-09-05,3.6634,3.57475,3.4905,3.42525,3.39675,3.33125,3.271,3.209,3.125,3.04875,2.98,2.90865,2.8412,2.789,2.52725,2.388,2.2605,2.2189,2.2123,2.219,2.23085,2.2551,2.2815,2.311,2.3375,2.3654,2.41725,2.404,2.3347,2.26085,2.1335,2.0057
2024-09-06,3.6634,3.5561,3.485,3.425,3.39775,3.33025,3.272,3.2069,3.117,3.02475,2.96025,2.886,2.814,2.7581,2.49355,2.35225,2.2325,2.19665,2.196,2.209,2.22925,2.253,2.2805,2.3125,2.341,2.3675,2.42185,2.41105,2.3398,2.272,2.1444,2.0177
2024-09-09,3.663,3.539,3.47425,3.42025,3.393,3.322,3.263,3.196,3.099,3.011,2.9352,2.855,2.7852,2.722,2.446,2.305,2.189,2.157,2.156,2.1665,2.18755,2.2149,2.2461,2.2765,2.30675,2.3325,2.3905,2.38045,2.315,2.2435,2.1155,1.99025
2024-09-10,3.62725,3.51925,3.46025,3.41275,3.38725,3.317,3.256,3.18875,3.084,3.003,2.924,2.83825,2.773,2.70725,2.42625,2.274,2.157,2.126,2.1283,2.1442,2.167,2.1935,2.2242,2.255,2.2865,2.312,2.373,2.3637,2.297,2.229,2.1039,1.977
2024-09-11,3.5925,3.5055,3.45825,3.41225,3.391,3.319,3.258,3.186,3.09,2.9985,2.91375,2.829,2.75825,2.687,2.399,2.24575,2.12,2.097,2.102,2.12,2.1465,2.1733,2.2047,2.238,2.267,2.2954,2.3589,2.3541,2.2908,2.2223,2.10155,1.9785
2024-09-12,3.48375,3.4482,3.43475,3.40775,3.396,3.33195,3.26575,3.2045,3.114,3.03485,2.95875,2.88225,2.808,2.75175,2.4685,2.321,2.194,2.1599,2.1572,2.1705,2.18885,2.213,2.24245,2.2718,2.3034,2.33095,2.3935,2.3845,2.3179,2.24875,2.1235,2.002
2024-09-13,3.447,3.43,3.4241,3.3915,3.3795,3.3035,3.23925,3.171,3.08,2.98525,2.91075,2.83255,2.759,2.69875,2.416,2.275,2.1569,2.12345,2.1245,2.1405,2.1655,2.1932,2.2243,2.2575,2.285,2.3155,2.37645,2.3696,2.306,2.2379,2.1178,1.99915
2024-09-16,3.41175,3.4115,3.415,3.38816,3.377,3.2942,3.23075,3.16,3.054,2.972,2.89,2.81,2.73625,2.672,2.38375,2.24085,2.12125,2.0972,2.10125,2.1171,2.1402,2.16575,2.1968,2.2302,2.26,2.29065,2.351,2.3453,2.2829,2.216,2.0921,1.9769
2024-09-17,3.412,3.413,3.4155,3.387,3.37475,3.294,3.232,3.16,3.063,2.98005,2.90055,2.82225,2.7575,2.694,2.4208,2.2833,2.1696,2.14075,2.142,2.1555,2.1778,2.2035,2.2335,2.263,2.291,2.3182,2.3747,2.3661,2.3025,2.2337,2.1185,1.9995
2024-09-18,3.4121,3.41165,3.41568,3.3914,3.379,3.30225,3.23725,3.168,3.07775,2.99875,2.919,2.84675,2.78225,2.715,2.459,2.32,2.21125,2.1858,2.1866,2.1994,2.2168,2.2408,2.2691,2.2983,2.3286,2.355,2.41445,2.4042,2.342,2.2741,2.157,2.0411
2024-09-19,3.4135,3.4136,3.4175,3.3875,3.365,3.2885,3.215,3.14,3.057,2.96975,2.889,2.8176,2.74465,2.688,2.422,2.292,2.185,2.1636,2.17225,2.1916,2.21765,2.2463,2.278,2.3108,2.3405,2.3709,2.437,2.4379,2.3824,2.3194,2.2095,2.0985
2024-09-20,3.4125,3.4148,3.4145,3.387,3.3641,3.2868,3.213,3.13575,3.047,2.95175,2.87525,2.7965,2.72775,2.667,2.40025,2.27275,2.17075,2.157,2.1636,2.1838,2.208,2.2355,2.2694,2.3025,2.3338,2.3645,2.4268,2.42725,2.3706,2.30625,2.19225,2.081
2024-09-23,3.40975,3.414,3.4084,3.3635,3.321,3.24085,3.1656,3.081,2.987,2.89245,2.811,2.734,2.663,2.60025,2.328,2.20025,2.104,2.088,2.0975,2.1215,2.151,2.18475,2.2191,2.256,2.2877,2.319,2.38735,2.3911,2.33935,2.278,2.17175,2.0655
2024-09-24,3.4115,3.4125,3.39075,3.33225,3.28105,3.19975,3.12025,3.032,2.93125,2.84475,2.76,2.679,2.611,2.547,2.2739,2.14375,2.056,2.0525,2.0728,2.102,2.138,2.173,2.2121,2.252,2.2836,2.317,2.3863,2.39375,2.341,2.283,2.17525,2.0665
2024-09-25,3.4118,3.413,3.391,3.332,3.28245,3.203,3.121,3.036,2.941,2.854,2.771,2.6946,2.627,2.56175,2.29825,2.175,2.08925,2.0823,2.1023,2.1291,2.1637,2.1981,2.2337,2.2714,2.3017,2.3368,2.4032,2.4049,2.348,2.285,2.1747,2.06515
2024-09-26,3.41175,3.4135,3.37575,3.324,3.26025,3.1857,3.106,3.0143,2.919,2.831,2.746,2.67125,2.60425,2.54475,2.28,2.164,2.08,2.08075,2.10325,2.1339,2.1663,2.2018,2.2395,2.27463,2.30845,2.33675,2.4052,2.40855,2.35285,2.28935,2.17665,2.064
2024-09-27,3.414,3.414,3.357,3.289,3.2174,3.141,3.06,2.961,2.866,2.7728,2.6903,2.6137,2.545,2.48525,2.2241,2.10525,2.02825,2.0275,2.04435,2.0771,2.11205,2.14845,2.188,2.22255,2.257,2.29,2.3618,2.3673,2.31575,2.258,2.149,2.04
2024-09-30,3.414,3.4145,3.335,3.272,3.201,3.126,3.041,2.943,2.85,2.7568,2.67625,2.59075,2.52595,2.4686,2.20825,2.093,2.0166,2.011,2.0291,2.06095,2.0954,2.13285,2.173,2.2105,2.2447,2.2785,2.34755,2.3531,2.3006,2.2467,2.13375,2.027
2024-10-01,3.413,3.4145,3.33025,3.26525,3.187,3.1095,3.023,2.917,2.814,2.721,2.64075,2.553,2.487,2.4334,2.15815,2.049,1.96225,1.9425,1.9585,1.9855,2.01397,2.04835,2.09081,2.1268,2.16175,2.199,2.2622,2.269,2.218,2.15765,2.04465,1.93525
2024-10-02,3.413,3.4145,3.32405,3.25625,3.171,3.1035,3.014,2.91,2.812,2.72525,2.642,2.568,2.50075,2.43995,2.19025,2.082,2.01,2.003,2.0253,2.0511,2.0877,2.122,2.1599,2.1971,2.2299,2.25865,2.3256,2.3278,2.2724,2.21,2.0992,1.988
2024-10-03,3.413,3.4145,3.302,3.244,3.163,3.09125,3.006,2.902,2.811,2.72525,2.648,2.576,2.51375,2.46,2.224,2.11875,2.051,2.052,2.073,2.1016,2.135,2.17045,2.2077,2.24415,2.276,2.309,2.375,2.3756,2.319,2.257,2.144,2.032
2024-10-04,3.4137,3.414,3.29875,3.24825,3.1669,3.09125,3.018,2.93,2.85,2.77625,2.7103,2.6506,2.59625,2.55,2.3378,2.244,2.1732,2.15475,2.163,2.186,2.21195,2.244,2.275,2.304,2.3325,2.3615,2.419,2.408,2.343,2.272,2.1515,2.034
2024-10-07,3.413,3.4145,3.28365,3.243,3.163,3.09705,3.029,2.94225,2.86775,2.80445,2.73625,2.67895,2.632,2.58325,2.38375,2.28775,2.221,2.21525,2.2256,2.2458,2.2681,2.2954,2.32591,2.3557,2.3852,2.412,2.4695,2.455,2.38875,2.31825,2.2025,2.0809
2024-10-08,3.414,3.398,3.276,3.234,3.15825,3.09325,3.02825,2.945,2.86125,2.80075,2.73475,2.67625,2.62325,2.57675,2.36225,2.264,2.197,2.1865,2.198,2.22,2.2465,2.2777,2.31,2.3419,2.371,2.3995,2.463,2.4525,2.389,2.3179,2.201,2.0825
2024-10-09,3.414,3.381,3.2733,3.23246,3.151,3.09475,3.032,2.94725,2.87325,2.813,2.749,2.692,2.642,2.594,2.39,2.299,2.232,2.2178,2.2267,2.247,2.2748,2.3025,2.33145,2.36215,2.3895,2.419,2.4782,2.468,2.4028,2.334,2.21415,2.0952
2024-10-10,3.414,3.3312,3.248,3.217,3.137,3.07235,3.01375,2.927,2.852,2.77525,2.725,2.66755,2.60315,2.56902,2.34545,2.26275,2.20175,2.1945,2.2015,2.233,2.2605,2.2925,2.324,2.3545,2.37,2.413,2.474,2.4655,2.4015,2.332,2.2135,2.0945
2024-10-11,3.414,3.313,3.241,3.21425,3.13225,3.06825,3.001,2.9223,2.846,2.7811,2.7175,2.658,2.60575,2.5558,2.34065,2.24,2.17225,2.1688,2.1856,2.2078,2.23575,2.26635,2.299,2.33185,2.3619,2.3928,2.4538,2.4448,2.3794,2.309,2.18675,2.0694
2024-10-14,3.414,3.296,3.22925,3.20965,3.129,3.06575,3.003,2.922,2.848,2.7811,2.716,2.65425,2.60575,2.558,2.348,2.254,2.187,2.17725,2.1892,2.21205,2.2385,2.2686,2.2997,2.3312,2.36125,2.392,2.454,2.4476,2.3827,2.3128,2.1892,2.07125
2024-10-15,3.37925,3.27625,3.22,3.20261,3.11875,3.05575,2.99075,2.90525,2.823,2.757,2.688,2.62325,2.57025,2.52075,2.3021,2.203,2.1345,2.1249,2.1381,2.1605,2.1863,2.2173,2.251,2.2823,2.31575,2.3457,2.412,2.4065,2.345,2.2767,2.15825,2.0425
2024-10-16,3.345,3.258,3.213,3.19726,3.10505,3.04375,2.97575,2.88,2.804,2.733,2.662,2.59575,2.5385,2.483,2.258,2.15725,2.08575,2.08,2.0962,2.119,2.1475,2.18,2.2139,2.2465,2.279,2.3104,2.3773,2.3731,2.3117,2.2443,2.1265,2.011
2024-10-17,3.236,3.201,3.18425,3.1544,3.064,2.98675,2.905,2.814,2.73,2.651,2.58625,2.52125,2.46625,2.41425,2.20375,2.11025,2.049,2.05363,2.0722,2.1035,2.1395,2.1743,2.2125,2.249,2.2795,2.3142,2.385,2.3869,2.3269,2.2601,2.1419,2.031
2024-10-18,3.199,3.18175,3.173,3.148,3.052,2.959,2.872,2.785,2.695,2.614,2.545,2.48,2.4231,2.371,2.16275,2.0663,2.009,2.0159,2.03895,2.07025,2.106,2.14,2.1792,2.218,2.25085,2.2841,2.358,2.3608,2.3025,2.2353,2.1208,2.00565
2024-10-21,3.1635,3.163,3.167,3.14495,3.0528,2.969,2.887,2.79945,2.71645,2.645,2.57825,2.5132,2.4645,2.417,2.22025,2.13725,2.08925,2.095,2.1195,2.151,2.1853,2.22,2.258,2.2961,2.32885,2.3629,2.4333,2.436,2.376,2.3095,2.192,2.075
2024-10-22,3.168,3.166,3.16775,3.13875,3.03,2.96245,2.847,2.76285,2.668,2.64545,2.582,2.52205,2.4713,2.42685,2.238,2.1625,2.12045,2.12625,2.1506,2.18175,2.2139,2.2472,2.2831,2.31915,2.3522,2.3835,2.4515,2.4506,2.3885,2.3215,2.2025,2.0855
2024-10-23,3.164,3.165,3.1668,3.121,3.028,2.93405,2.839,2.7426,2.654,2.581,2.513,2.453,2.401,2.354,2.167,2.09825,2.06675,2.0845,2.1182,2.1559,2.19225,2.2295,2.267,2.3032,2.3385,2.372,2.4435,2.444,2.382,2.30865,2.1942,2.074
2024-10-24,3.163,3.1641,3.1665,3.10115,3.01455,2.90425,2.809,2.71,2.623,2.53645,2.4759,2.41545,2.36045,2.3222,2.1339,2.0677,2.0335,2.0515,2.0766,2.1105,2.14699,2.1835,2.22125,2.2585,2.291,2.32305,2.39295,2.3955,2.3326,2.2635,2.1465,2.02675
2024-10-25,3.163,3.164,3.16665,3.1013,3.0123,2.90725,2.795,2.705,2.623,2.5428,2.482,2.4219,2.372,2.33,2.15175,2.0846,2.0567,2.07175,2.1001,2.1328,2.1673,2.2035,2.2401,2.2746,2.3073,2.3394,2.4043,2.401,2.3359,2.2648,2.142,2.02375
2024-10-28,3.163,3.164,3.167,3.101,3.00725,2.90325,2.7909,2.693,2.60975,2.53175,2.4665,2.406,2.3525,2.308,2.12625,2.05175,2.02825,2.0481,2.0794,2.1135,2.1445,2.181,2.22,2.2555,2.2874,2.3207,2.3862,2.382,2.317,2.2468,2.12075,2.00125
2024-10-29,3.163,3.16465,3.16675,3.09525,3.00475,2.9035,2.7906,2.69475,2.611,2.534,2.46725,2.41055,2.35775,2.31225,2.1424,2.07905,2.052,2.06925,2.0953,2.1255,2.1587,2.1926,2.2277,2.2606,2.29285,2.3212,2.3835,2.3745,2.305,2.2308,2.1049,1.98175
2024-10-30,3.163,3.164,3.16625,3.0968,3.023,2.9276,2.83275,2.7455,2.667,2.5946,2.53475,2.48025,2.43675,2.404,2.2442,2.196,2.16875,2.176,2.1969,2.2173,2.2385,2.26475,2.29095,2.3163,2.342,2.3657,2.415,2.3899,2.3112,2.2283,2.0935,1.96395
2024-10-31,3.1645,3.1655,3.1675,3.0788,3.01325,2.92,2.81575,2.731,2.656,2.5905,2.53145,2.479,2.43375,2.39512,2.24625,2.18988,2.165,2.16245,2.172,2.192,2.2138,2.2354,2.2595,2.2875,2.30735,2.3292,2.3693,2.3315,2.24675,2.159,2.0208,1.88705
2024-11-01,3.16425,3.16525,3.16595,3.08175,3.019,2.9234,2.815,2.7353,2.66125,2.5849,2.529,2.47475,2.4287,2.3958,2.2348,2.18775,2.162,2.154,2.1671,2.1876,2.2135,2.2377,2.2652,2.2905,2.3129,2.3342,2.3734,2.3384,2.25085,2.1657,2.0294,1.8978
2024-11-04,3.165,3.166,3.167,3.079,3.016,2.9175,2.817,2.73325,2.661,2.58545,2.5291,2.4754,2.436,2.39975,2.253,2.208,2.1915,2.1875,2.1926,2.2103,2.2385,2.2618,2.2857,2.3085,2.3207,2.3399,2.3731,2.3286,2.23265,2.1407,1.994,1.8555
2024-11-05,3.1654,3.166,3.16745,3.077,3.0095,2.9205,2.82,2.7379,2.663,2.602,2.54645,2.497,2.46,2.4255,2.28905,2.24655,2.228,2.229,2.2382,2.2557,2.2745,2.297,2.3181,2.341,2.3612,2.382,2.4151,2.3696,2.2735,2.1835,2.0357,1.8963
2024-11-06,3.164,3.164,3.165,3.06475,2.98075,2.88505,2.77225,2.67375,2.58775,2.51225,2.4485,2.392,2.34575,2.3047,2.14855,2.10025,2.079,2.0932,2.1145,2.1421,2.1717,2.2024,2.2329,2.26225,2.2883,2.312,2.3595,2.3298,2.2443,2.1596,2.0178,1.8803
2024-11-07,3.16325,3.165,3.165,3.0522,2.988,2.88775,2.776,2.67705,2.59975,2.51355,2.46,2.39575,2.3468,2.322,2.15575,2.118,2.10425,2.1151,2.13565,2.16345,2.1919,2.219,2.2504,2.2797,2.3067,2.3362,2.38285,2.356,2.27025,2.18725,2.04695,1.9105
2024-11-08,3.1635,3.1645,3.16495,3.04675,2.968,2.87775,2.741,2.64575,2.56,2.48325,2.42275,2.36725,2.3198,2.27325,2.13025,2.06175,2.04425,2.0665,2.0935,2.1128,2.1376,2.164,2.19,2.2145,2.242,2.264,2.31225,2.287,2.20445,2.1211,1.98475,1.8475
2024-11-11,3.16385,3.16373,3.165,3.0411,2.9599,2.86245,2.7364,2.639,2.556,2.476,2.4149,2.3551,2.311,2.2688,2.10095,2.04,2.0145,2.02655,2.0452,2.0696,2.0943,2.1216,2.1494,2.175,2.2022,2.2268,2.2745,2.2478,2.1632,2.0825,1.9416,1.8035
2024-11-12,3.163,3.16465,3.16525,3.03275,2.94775,2.84825,2.72775,2.62625,2.542,2.472,2.4105,2.354,2.3097,2.269,2.10965,2.05675,2.05175,2.0783,2.09775,2.1217,2.154,2.181,2.205,2.229,2.25185,2.27325,2.3172,2.2845,2.1957,2.10875,1.9635,1.82225
2024-11-13,3.1627,3.1635,3.1652,3.03525,2.94125,2.84025,2.73315,2.63375,2.55,2.47775,2.41325,2.3601,2.31525,2.2705,2.1185,2.06575,2.058,2.087,2.1151,2.14135,2.1669,2.1925,2.2176,2.243,2.26625,2.28565,2.3282,2.2914,2.19775,2.10605,1.958,1.8127
2024-11-14,3.1645,3.1632,3.16525,3.00415,2.914,2.80725,2.674,2.574,2.489,2.411,2.341,2.288,2.2365,2.1965,2.039,1.98425,1.968,1.99388,2.0198,2.0488,2.075,2.104,2.132,2.1581,2.1853,2.2078,2.25745,2.23075,2.14475,2.0592,1.91425,1.775
2024-11-15,3.16485,3.162,3.15525,3.007,2.913,2.8086,2.6805,2.584,2.496,2.415,2.353,2.2989,2.25025,2.21225,2.05375,1.998,1.982,2.0025,2.0245,2.0513,2.077,2.1043,2.1336,2.162,2.1868,2.2119,2.2588,2.22985,2.1421,2.05775,1.909,1.7655
2024-11-18,3.16325,3.16275,3.1465,3.012,2.922,2.82425,2.71125,2.62,2.53875,2.46855,2.40575,2.353,2.31,2.26725,2.1157,2.053,2.034,2.0452,2.0613,2.08615,2.111,2.13625,2.16325,2.1868,2.21,2.2335,2.2777,2.24455,2.1557,2.07085,1.92075,1.777
2024-11-19,3.16445,3.1629,3.12,3.006,2.9125,2.81655,2.707,2.6135,2.5285,2.4615,2.4014,2.342,2.306,2.264,2.1115,2.0555,2.03075,2.04525,2.0673,2.0928,2.1205,2.14725,2.1751,2.1983,2.22385,2.247,2.29195,2.2605,2.17085,2.08455,1.93425,1.7888
2024-11-20,3.16385,3.162,3.1182,2.99965,2.89925,2.799,2.708,2.607,2.532,2.4595,2.399,2.3465,2.303,2.26135,2.1103,2.066,2.045,2.0585,2.0832,2.10825,2.132,2.159,2.18945,2.212,2.2371,2.2641,2.3098,2.27765,2.185,2.1011,1.95185,1.807
2024-11-21,3.1602,3.163,3.083,2.9827,2.885,2.782,2.678,2.581,2.503,2.43475,2.3741,2.322,2.27575,2.241,2.08775,2.038,2.021,2.0353,2.05405,2.086,2.11165,2.145,2.1715,2.203,2.22655,2.2508,2.2989,2.2726,2.18915,2.1058,1.9611,1.81835
2024-11-22,3.16225,3.165,3.0587,2.9292,2.811,2.68955,2.568,2.47375,2.392,2.31425,2.251,2.2026,2.15675,2.11925,1.97075,1.92325,1.9175,1.9513,1.9813,2.0122,2.0437,2.07475,2.1062,2.13145,2.1612,2.1877,2.24265,2.22335,2.14345,2.0666,1.9255,1.7876
2024-11-25,3.1615,3.165,3.066,2.951,2.83295,2.715,2.602,2.499,2.417,2.34555,2.283,2.23025,2.1897,2.1533,1.99975,1.947,1.931,1.947,1.9725,1.9989,2.023,2.0545,2.081,2.11138,2.1395,2.1632,2.21615,2.19325,2.11145,2.03055,1.886,1.74305
2024-11-26,3.163,3.165,3.0465,2.953,2.836,2.72095,2.612,2.5106,2.423,2.35855,2.2964,2.24275,2.2007,2.1628,2.0063,1.954,1.938,1.9484,1.9698,1.99455,2.022,2.05,2.079,2.108,2.1309,2.1576,2.20905,2.18735,2.1061,2.02555,1.88325,1.7425
2024-11-27,3.161,3.165,3.05635,2.971,2.863,2.739,2.634,2.54055,2.456,2.38815,2.328,2.27525,2.229,2.194,2.036,1.97575,1.945,1.95045,1.9631,1.9839,2.00685,2.03175,2.059,2.08501,2.1121,2.136,2.1865,2.1617,2.079,1.9974,1.8525,1.7117
2024-11-28,3.1663,3.168,3.0277,2.95335,2.835,2.714,2.607,2.50905,2.425,2.34875,2.292,2.23925,2.19225,2.15525,1.99385,1.933,1.90025,1.905,1.9229,1.948,1.972,1.999,2.02725,2.05605,2.0829,2.109,2.16075,2.13875,2.059,1.9795,1.8401,1.7022
2024-11-29,3.165,3.167,3.0041,2.9311,2.813,2.689,2.57475,2.4736,2.393,2.315,2.241,2.1942,2.145,2.0938,1.9415,1.875,1.837,1.8444,1.864,1.89,1.9177,1.947,1.978,2.0095,2.0372,2.0632,2.1189,2.099,2.0206,1.942,1.80285,1.6659
2024-12-02,3.166,3.1672,2.998,2.942,2.826,2.6914,2.573,2.4695,2.373,2.2914,2.218,2.1558,2.10675,2.06475,1.888,1.8205,1.782,1.7935,1.811,1.8397,1.8675,1.8953,1.9249,1.952,1.9815,2.0083,2.0637,2.047,1.9713,1.895,1.7577,1.6219
2024-12-03,3.1651,3.146,3.0002,2.948,2.82675,2.69,2.585,2.483,2.384,2.311,2.24,2.183,2.1328,2.09,1.919,1.845,1.803,1.809,1.8261,1.847,1.87,1.8958,1.92225,1.952,1.97575,2.0041,2.05675,2.0362,1.959,1.88025,1.7413,1.60575
2024-12-04,3.16485,3.12875,3.0025,2.94845,2.83781,2.70405,2.5994,2.5018,2.40695,2.3315,2.26,2.20675,2.15765,2.112,1.94625,1.873,1.83,1.831,1.8445,1.8617,1.8782,1.9026,1.929,1.95455,1.98305,2.00935,2.065,2.0448,1.968,1.89105,1.75205,1.6174
2024-12-05,3.1656,3.0715,2.9765,2.91675,2.8195,2.69125,2.58575,2.49845,2.41175,2.33775,2.281,2.231,2.186,2.14825,1.99875,1.92775,1.8945,1.8879,1.89325,1.9105,1.9287,1.95005,1.976,1.999,2.026,2.0486,2.1002,2.0762,1.9975,1.9198,1.77875,1.63975
2024-12-06,3.16605,3.051,2.96475,2.90775,2.81125,2.6826,2.5725,2.49105,2.4084,2.3376,2.28085,2.22975,2.18575,2.14835,1.9888,1.9199,1.877,1.87175,1.8814,1.8963,1.9184,1.9396,1.9664,1.99195,2.0185,2.043,2.096,2.0765,1.99855,1.92075,1.78505,1.642
2024-12-09,3.1665,3.01775,2.95875,2.90575,2.80975,2.67495,2.565,2.47975,2.39425,2.326,2.267,2.21375,2.173,2.13525,1.97675,1.91,1.867,1.86725,1.8766,1.896,1.92015,1.943,1.969,1.9979,2.02055,2.047,2.103,2.0865,2.013,1.939,1.8105,1.68115
2024-12-10,3.1295,3.01035,2.9552,2.8994,2.80715,2.66425,2.56175,2.47125,2.38025,2.31175,2.253,2.19975,2.1565,2.11716,1.95635,1.8884,1.84955,1.85205,1.867,1.88975,1.9168,1.9448,1.9742,2.0044,2.03135,2.0575,2.115,2.09865,2.027,1.954,1.82875,1.702
2024-12-11,3.09175,2.9985,2.94865,2.8905,2.7975,2.65925,2.55175,2.45955,2.37125,2.3021,2.238,2.18975,2.14425,2.10325,1.946,1.8785,1.841,1.85175,1.871,1.897,1.9247,1.9544,1.98675,2.014,2.04525,2.07275,2.1315,2.1205,2.05345,1.985,1.8605,1.739
2024-12-12,2.98525,2.95025,2.93225,2.86875,2.775,2.65885,2.5522,2.46663,2.38805,2.31725,2.26755,2.2192,2.177,2.14425,2.0,1.943,1.90775,1.92125,1.946,1.96805,1.9965,2.023,2.052,2.07975,2.10655,2.1332,2.18925,2.1785,2.107,2.033,1.9136,1.7866
2024-12-13,2.949,2.93135,2.923,2.8667,2.77962,2.6645,2.5575,2.48,2.40625,2.34225,2.292,2.24875,2.21025,2.17675,2.04725,1.999,1.972,1.983,2.001,2.02285,2.048,2.0754,2.10235,2.129,2.156,2.178,2.229,2.21,2.1315,2.05625,1.9345,1.8045
2024-12-16,2.911,2.91075,2.91275,2.86018,2.772,2.65045,2.554,2.474,2.3987,2.335,2.2825,2.234,2.1971,2.1625,2.026,1.973,1.9446,1.954,1.973,1.9955,2.022,2.048,2.076,2.104,2.132,2.156,2.208,2.1885,2.115,2.044,1.92025,1.7965
2024-12-17,2.91192,2.911,2.9142,2.85575,2.76725,2.64765,2.54925,2.46465,2.3864,2.32745,2.2751,2.22875,2.19075,2.15975,2.02425,1.97615,1.95675,1.9586,1.9718,1.992,2.016,2.0402,2.0661,2.0924,2.1185,2.1426,2.1939,2.174,2.0979,2.0227,1.9045,1.7873
2024-12-18,2.91225,2.9095,2.914,2.84915,2.7567,2.64,2.538,2.453,2.37605,2.3145,2.2594,2.2165,2.17605,2.14275,2.0055,1.95725,1.941,1.9543,1.9803,2.00505,2.02875,2.0556,2.084,2.1115,2.13975,2.1658,2.2187,2.19845,2.1218,2.04725,1.9235,1.8052
2024-12-19,2.9127,2.911,2.91475,2.83375,2.736,2.637,2.52975,2.447,2.37675,2.3129,2.2665,2.223,2.18425,2.1545,2.02575,1.986,1.983,2.0086,2.037,2.0644,2.09551,2.12303,2.15451,2.1837,2.2087,2.2325,2.2849,2.2601,2.1825,2.107,1.986,1.865
2024-12-20,2.91275,2.91045,2.9145,2.83212,2.732,2.62875,2.516,2.437,2.365,2.30325,2.254,2.21,2.172,2.14,2.0065,1.966,1.961,1.988,2.018,2.048,2.078,2.109,2.1378,2.165,2.193,2.2185,2.273,2.25,2.174,2.096,1.979,1.859
2024-12-23,2.907,2.9102,2.9145,2.8188,2.714,2.60475,2.5074,2.42345,2.35375,2.29551,2.24125,2.2046,2.16625,2.13325,2.01435,1.98,1.985,2.0134,2.0461,2.07625,2.107,2.13645,2.1715,2.2009,2.223,2.24785,2.3014,2.27975,2.20345,2.1259,2.003,1.8866
2024-12-24,2.90525,2.911,2.9145,2.81075,2.6862,2.5818,2.48225,2.3995,2.3341,2.279,2.23,2.189,2.1575,2.126,,1.98325,1.9922,,,,,,,2.2,,,,,,,,
2024-12-25,,2.911,,,2.6882,,,,,,,,,2.1245,,,,,,,,,,2.2,,,,,,,,
2024-12-26,,2.911,,,,,,,,,,,,,,,,,,,,,,2.2,,,,,,,,
2024-12-27,2.9081,2.9118,2.91455,2.8059,2.6798,2.5749,2.475,2.3927,2.327,2.27605,2.23005,2.1917,2.16175,2.1319,2.02825,2.0086,2.02875,2.0555,2.0974,2.1301,2.1626,2.1932,2.22675,2.25315,2.285,2.311,2.36475,2.342,2.2647,2.18706,2.0677,1.94505
2024-12-30,2.91275,2.914,2.91476,2.7975,2.67076,2.56415,2.46475,2.386,2.3166,2.26745,2.22355,2.1834,2.15175,2.12276,2.0121,1.9847,1.995,2.0269,2.0619,2.09565,2.132,2.165,2.1972,2.228,2.258,2.28505,2.3415,2.3197,2.24295,2.16475,2.046,1.92675
2024-12-31,2.9125,2.9142,2.91435,2.7953,2.671,2.551,2.4637,2.385,2.3186,2.2664,2.22375,2.18425,2.15175,2.1213,2.00875,1.98425,1.9939,,,,,,,,,,,,,,,
2025-01-01,,2.914,,,2.671,,,,,,,,,,,,,,,,,,,,,,,,,,,
2025-01-02,2.91445,2.9154,2.9068,2.78495,2.6505,2.553,2.465,2.38775,2.33,2.27825,2.239,2.2025,2.169,2.143,2.039,2.00825,2.01425,2.0375,2.07715,2.1097,2.144,2.1774,2.2101,2.233,2.2712,2.297,2.35725,2.343,2.2706,2.1965,2.08075,1.9536
2025-01-03,2.9163,2.916,2.9,2.7851,2.6599,2.5657,2.4825,2.4161,2.3613,2.3145,2.2766,2.24225,2.2118,2.18825,2.08645,2.06345,2.073,2.0931,2.123,2.15275,2.18395,2.214,2.24475,2.284,2.3002,2.3315,2.388,2.3703,2.2964,2.2205,2.0988,1.9846
2025-01-06,2.9163,2.91715,2.8815,2.78965,2.67395,2.5865,2.51195,2.447,2.39405,2.3506,2.31305,2.278,2.25255,2.22675,2.12775,2.1047,2.11275,2.13,2.1558,2.183,2.212,2.2408,2.2697,2.2985,2.3268,2.3525,2.406,2.38635,2.3132,2.24,2.1255,2.0045
2025-01-07,2.9169,2.91725,2.88035,2.7873,2.6681,2.58015,2.50915,2.4419,2.386,2.346,2.3083,2.2728,2.2455,2.21935,2.11825,2.095,2.105,2.1394,2.1745,2.211,2.2435,2.281,2.315,2.34695,2.3766,2.39825,2.455,2.4385,2.366,2.28925,2.18045,2.065
2025-01-08,2.9165,2.91665,2.87875,2.78525,2.66375,2.57275,2.51125,2.44555,2.393,2.35275,2.31525,2.2821,2.25375,2.223,2.13325,2.11451,2.121,2.167,2.209,2.2453,2.286,2.322,2.358,2.3895,2.4179,2.4445,2.4998,2.48155,2.40515,2.3306,2.216,2.093
2025-01-09,2.9158,2.91651,2.8555,2.76875,2.6499,2.56875,2.50425,2.441,2.39445,2.3539,2.32,2.289,2.26125,2.24,2.15,2.1337,2.15575,2.1914,2.2313,2.2658,2.3026,2.33675,2.3698,2.4,2.427,2.4539,2.506,2.48425,2.40535,2.3262,2.20875,2.0925
2025-01-10,2.91585,2.9165,2.8495,2.7649,2.6575,2.581,2.518,2.4646,2.4209,2.382,2.349,2.32075,2.29605,2.27425,2.19775,2.182,2.204,2.2368,2.27825,2.3085,2.33795,2.3645,2.3965,2.42105,2.44855,2.472,2.52,2.48875,2.4057,2.323,2.196,2.0735
2025-01-13,2.91575,2.917,2.8322,2.74575,2.64825,2.57375,2.51495,2.46325,2.4204,2.38645,2.35425,2.3245,2.30375,2.28025,2.20325,2.196,2.22225,2.256,2.2918,2.324,2.3537,2.384,2.4139,2.43988,2.4691,2.492,2.53895,2.5073,2.4217,2.33785,2.20675,2.082
2025-01-14,2.91577,2.91644,2.82865,2.74245,2.65,2.5775,2.52325,2.47225,2.42825,2.39825,2.36725,2.34155,2.321,2.303,2.23,2.22775,2.26,2.3017,2.3333,2.37225,2.4045,2.43575,2.46595,2.4945,2.5155,2.539,2.5865,2.5557,2.47155,2.38645,2.25775,2.13315
2025-01-15,2.91675,2.91673,2.8233,2.73385,2.63425,2.55435,2.50035,2.4434,2.3968,2.36195,2.32725,2.2979,2.27375,2.25025,2.16305,2.1497,2.15975,2.19,2.2222,2.2534,2.28525,2.3161,2.3471,2.37675,2.4041,2.42975,2.48205,2.45845,2.37875,2.30015,2.17565,2.0525
2025-01-16,2.91725,2.91779,2.80025,2.70915,2.614,2.53725,2.47625,2.4188,2.37425,2.33375,2.3023,2.2725,2.248,2.225,2.14125,2.12725,2.1407,2.1725,2.19875,2.2315,2.2662,2.29565,2.32995,2.359,2.3865,2.4124,2.4687,2.448,2.3704,2.2942,2.1684,2.0494
2025-01-17,2.91768,2.91688,2.7925,2.70135,2.60925,2.52875,2.46145,2.40925,2.36295,2.32375,2.2904,2.26155,2.23675,2.21425,2.13075,2.112,2.1235,2.1555,2.19,2.2209,2.25045,2.28,2.3108,2.339,2.3675,2.39305,2.448,2.42775,2.34975,2.271,2.1468,2.02725
2025-01-20,2.9185,2.91725,2.77965,2.6868,2.609,2.53015,2.4669,2.41595,2.37135,2.33645,2.3034,2.274,2.253,2.231,2.14325,2.12625,2.136,2.162,2.1914,2.22145,2.2521,2.28245,2.31325,2.34225,2.37,2.39375,2.44775,2.426,2.34725,2.272,2.14765,2.0271
2025-01-21,2.9185,2.901,2.77385,2.68225,2.603,2.52275,2.46175,2.407,2.359,2.325,2.292,2.2623,2.24055,2.218,2.13305,2.11525,2.126,2.15475,2.1844,2.21245,2.24245,2.271,2.3011,2.329,2.35855,2.38075,2.43475,2.41225,2.33275,2.25425,2.13075,2.01025
2025-01-22,2.9185,2.88255,2.7698,2.6788,2.598,2.51815,2.46225,2.41175,2.36725,2.33375,2.302,2.27535,2.2539,2.22925,2.15045,2.13685,2.1518,2.17685,2.205,2.2335,2.2628,2.2925,2.322,2.349,2.3777,2.402,2.454,2.43195,2.3515,2.27185,2.149,2.0273
2025-01-23,2.9162,2.82984,2.746,2.65525,2.5761,2.51025,2.45545,2.4049,2.3646,2.32805,2.30145,2.2756,2.253,2.23475,2.16045,2.14525,2.161,2.1867,2.2121,2.2415,2.2709,2.3004,2.3312,2.361,2.3857,2.4099,2.4613,2.4407,2.36325,2.2804,2.157,2.0369
2025-01-24,2.916,2.81309,2.73925,2.65385,2.58451,2.52625,2.47065,2.4305,2.39285,2.36135,2.334,2.3115,2.2915,2.27475,2.20475,2.194,2.204,2.2253,2.248,2.273,2.298,2.326,2.354,2.381,2.4055,2.426,2.474,2.447,2.36225,2.2803,2.158,2.04
2025-01-27,2.9165,2.795,2.73175,2.637,2.572,2.51405,2.45965,2.417,2.379,2.34615,2.317,2.29225,2.2721,2.25125,2.18175,2.16375,2.18,2.20415,2.2327,2.25805,2.285,2.3112,2.34045,2.3645,2.3947,2.418,2.4654,2.43625,2.3525,2.27075,2.1505,2.02825
2025-01-28,2.8792,2.77709,2.72484,2.63275,2.56701,2.51175,2.45975,2.41775,2.38175,2.3502,2.32175,2.29975,2.27945,2.25925,2.19075,2.18,2.194,2.2169,2.24,2.2662,2.2948,2.3228,2.3533,2.38145,2.40925,2.43,2.478,2.4501,2.3661,2.28525,2.1655,2.0415
2025-01-29,2.84514,2.75925,2.71715,2.62775,2.56315,2.50935,2.4592,2.417,2.38275,2.3515,2.32425,2.303,2.282,2.265,2.197,2.18815,2.20795,2.22985,2.2575,2.284,2.30995,2.3385,2.3684,2.3965,2.42255,2.4477,2.49715,2.471,2.3876,2.308,2.18305,2.063
2025-01-30,2.742,2.70734,2.69075,2.59565,2.52425,2.47225,2.41645,2.36775,2.3305,2.2963,2.2669,2.24245,2.21985,2.1996,2.13295,2.118,2.136,2.16425,2.19215,2.2195,2.2495,2.27925,2.3093,2.339,2.3659,2.39,2.44395,2.4208,2.3406,2.2609,2.1394,2.024
2025-01-31,2.70805,2.68985,2.68176,2.582,2.50745,2.44545,2.3816,2.3301,2.285,2.24465,2.213,2.1835,2.1575,2.136,2.051,2.032,2.0476,2.07975,2.10795,2.1405,2.1725,2.20575,2.239,2.2722,2.2984,2.32475,2.37975,2.363,2.2863,2.2081,2.09,1.97755
2025-02-03,2.6706,2.67265,2.67225,2.55735,2.48301,2.41145,2.3369,2.28445,2.2355,2.19115,2.155,2.123,2.096,2.07,1.98,1.95475,1.9714,2.0087,2.0405,2.07425,2.1084,2.1423,2.17545,2.2075,2.24395,2.2709,2.325,2.30625,2.2269,2.1477,2.0305,1.90605
2025-02-04,2.67015,2.67112,2.67225,2.56275,2.48826,2.42055,2.3495,2.29735,2.24525,2.2077,2.17,2.13795,2.11225,2.08875,1.99285,1.96695,1.97725,2.0108,2.0432,2.074,2.105,2.136,2.169,2.2009,2.23485,2.25965,2.3143,2.2945,2.2163,2.1369,2.021,1.9027
2025-02-05,2.6705,2.67125,2.67175,2.5621,2.485,2.4191,2.353,2.29975,2.2523,2.21065,2.1764,2.1435,2.1175,2.092,2.0048,1.979,1.9816,2.0056,2.0315,2.0628,2.0883,2.12,2.1481,2.178,2.20625,2.2312,2.28225,2.2604,2.181,2.1009,1.9835,1.863
2025-02-06,2.66775,2.66773,2.6685,2.54645,2.46625,2.41165,2.34075,2.2869,2.2436,2.2028,2.1678,2.1395,2.112,2.0921,2.005,1.9835,1.989,2.015,2.041,2.07,2.099,2.129,2.1585,2.187,2.216,2.24,2.292,2.2696,2.1895,2.1102,1.99405,1.88215
2025-02-07,2.66814,2.66833,2.66838,2.54075,2.46175,2.40535,2.3335,2.27945,2.23395,2.1898,2.15665,2.127,2.09955,2.07995,1.9855,1.96425,1.97075,1.99662,2.0219,2.0448,2.0809,2.1126,2.1449,2.1754,2.1983,2.224,2.27775,2.26105,2.18475,2.1082,1.997,1.896
2025-02-10,2.66675,2.66745,2.6676,2.5325,2.45675,2.3957,2.319,2.26775,2.22075,2.17625,2.142,2.1116,2.0855,2.06275,1.9705,1.947,1.956,1.984,2.0134,2.0451,2.0765,2.1088,2.14,2.1725,2.2018,2.22625,2.28,2.26375,2.188,2.113,2.00775,1.90575
2025-02-11,2.6669,2.66651,2.659,2.53425,2.4585,2.4022,2.3355,2.2874,2.24445,2.2081,2.17575,2.147,2.124,2.10246,2.0205,2.00175,2.016,2.049,2.07955,2.1113,2.1446,2.177,2.21,2.241,2.27,2.295,2.3485,2.334,2.2605,2.1919,2.10015,2.009
2025-02-12,2.66688,2.66743,2.6506,2.5355,2.46275,2.40515,2.3488,2.3017,2.263,2.229,2.19975,2.17375,2.1515,2.1315,2.068,2.04575,2.06475,2.10175,2.1313,2.16305,2.1915,2.2201,2.2512,2.28525,2.30975,2.33125,2.38225,2.36425,2.29325,2.2235,2.1312,2.04925
2025-02-13,2.66679,2.66581,2.6232,2.51685,2.4358,2.3835,2.32425,2.27595,2.24025,2.20375,2.174,2.1495,2.12425,2.10525,2.02625,2.01,2.028,2.05805,2.091,2.1195,2.15045,2.1832,2.21335,2.244,2.272,2.298,2.3505,2.3394,2.2701,2.201,2.1155,2.036
2025-02-14,2.66723,2.66616,2.61545,2.51,2.4408,2.38925,2.333,2.2891,2.25455,2.2185,2.1918,2.169,2.14605,2.12961,2.05645,2.04505,2.06425,2.092,2.1255,2.15725,2.1865,2.2173,2.249,2.279,2.3076,2.3333,2.387,2.37435,2.3071,2.242,2.1602,2.08645
2025-02-17,2.66725,2.66575,2.6067,2.5099,2.44176,2.39025,2.33325,2.2917,2.25795,2.2227,2.1953,2.173,2.15225,2.13375,2.06475,2.05175,2.07175,2.10375,2.13795,2.1694,2.2,2.232,2.2648,2.29546,2.3235,2.34945,2.40255,2.393,2.3258,2.2599,2.175,2.09375
2025-02-18,2.6675,2.666,2.5993,2.50725,2.437,2.3835,2.3286,2.28601,2.24875,2.21775,2.19,2.1657,2.146,2.128,2.05875,2.046,2.06401,2.10215,2.1389,2.17225,2.20525,2.2386,2.2723,2.303,2.33085,2.356,2.4082,2.3942,2.3248,2.2565,2.16675,2.08
2025-02-19,2.66704,2.66657,2.59095,2.50575,2.43975,2.3858,2.34,2.3,2.2671,2.239,2.214,2.1935,2.1745,2.1585,2.09825,2.088,2.114,2.14875,2.18535,2.2189,2.25425,2.2881,2.32285,2.35375,2.38075,2.40575,2.456,2.44075,2.37025,2.29965,2.20625,2.11825
2025-02-20,2.66479,2.66668,2.56305,2.49,2.4193,2.3707,2.32225,2.28095,2.24975,2.2202,2.195,2.175,2.154,2.139,2.07305,2.06255,2.08485,2.124,2.162,2.1957,2.2314,2.265,2.2989,2.32985,2.3578,2.3844,2.43575,2.42315,2.3533,2.2837,2.19,2.101
2025-02-21,2.66468,2.66667,2.554,2.48195,2.40775,2.35675,2.30825,2.26275,2.2336,2.2002,2.169,2.15125,2.13225,2.10825,2.04575,2.02075,2.037,2.0837,2.11895,2.1512,2.1848,2.21855,2.25225,2.2745,2.31225,2.33075,2.3827,2.3696,2.3017,2.2335,2.145,2.0519
2025-02-24,2.6665,2.66632,2.54555,2.46855,2.4054,2.34925,2.2964,2.25575,2.2207,2.1885,2.16225,2.138,2.11845,2.09975,2.029,2.0141,2.034,2.0689,2.10515,2.14115,2.17825,2.214,2.24895,2.2808,2.3077,2.335,2.39125,2.38325,2.3194,2.2523,2.16175,2.07715
2025-02-25,2.6665,2.6495,2.535,2.4618,2.3962,2.3375,2.285,2.24055,2.20175,2.1702,2.1415,2.116,2.09575,2.0795,2.0015,1.988,2.005,2.0446,2.07917,2.112,2.1472,2.18105,2.21455,2.25125,2.2775,2.3006,2.3558,2.342,2.2765,2.2065,2.11325,2.03125
2025-02-26,2.66402,2.631,2.52,2.4554,2.39325,2.33775,2.28895,2.24275,2.2055,2.16935,2.142,2.1157,2.0921,2.0705,2.0055,1.96675,1.97825,2.015,2.06455,2.09655,2.12975,2.16385,2.19715,2.21525,2.24275,2.27425,2.321,2.30975,2.2412,2.17225,2.0776,1.9892
2025-02-27,2.66634,2.57846,2.49045,2.4241,2.37216,2.311,2.26115,2.219,2.1831,2.1493,2.122,2.0955,2.073,2.05445,1.9735,1.95175,1.959,2.00105,2.0418,2.0777,2.111,2.148,2.184,2.2177,2.2492,2.27715,2.33395,2.32635,2.26175,2.1922,2.09975,2.0116
2025-02-28,2.6661,2.56121,2.48425,2.4225,2.3688,2.305,2.2556,2.21175,2.17235,2.14175,2.1135,2.087,2.06505,2.04725,1.964,1.93805,1.94175,1.9747,2.01205,2.05495,2.0893,2.129,2.1661,2.2027,2.2369,2.2658,2.325,2.31845,2.2564,2.188,2.09435,2.0089
2025-03-03,2.6665,2.543,2.4745,2.4225,2.37225,2.3103,2.2647,2.22575,2.192,2.16175,2.13665,2.11375,2.0935,2.078,2.0015,1.97675,1.98725,2.0229,2.0618,2.10265,2.143,2.18485,2.2242,2.262,2.29665,2.32645,2.38775,2.3831,2.3215,2.2543,2.1656,2.0843
2025-03-04,2.63175,2.5245,2.466,2.40805,2.35552,2.292,2.24625,2.20375,2.17225,2.14025,2.112,2.09075,2.0695,2.05045,1.975,1.98775,2.014,2.003,2.05305,2.1006,2.1479,2.195,2.239,2.2818,2.3167,2.3493,2.4128,2.4149,2.356,2.29125,2.211,2.13025
2025-03-05,2.59475,2.507,2.459,2.40925,2.37025,2.317,2.28005,2.251,2.22605,2.20335,2.186,2.1715,2.1565,2.156,2.111,2.13775,2.202,2.2565,2.3117,2.3559,2.3955,2.439,2.4721,2.5157,2.53075,2.5593,2.6146,2.596,2.5241,2.4518,2.3548,2.2703
2025-03-06,2.48775,2.45275,2.433,2.39075,2.36415,2.31175,2.2745,2.24675,2.2193,2.197,2.18,2.1617,2.14775,2.144,2.102,2.12025,2.18975,2.2542,2.309,2.35925,2.4085,2.4515,2.491,2.52875,2.55835,2.587,2.6381,2.6205,2.5469,2.4725,2.37775,2.2905
2025-03-07,2.45075,2.436,2.42475,2.3858,2.361,2.3085,2.274,2.249,2.2202,2.2045,2.1875,2.171,2.162,2.15195,2.12,2.132,2.20055,2.2722,2.3394,2.3906,2.4422,2.4882,2.52855,2.5745,2.6038,2.634,2.6887,2.6757,2.6053,2.53395,2.4388,2.354
2025-03-10,2.4173,2.4175,2.419,2.38175,2.34875,2.2984,2.264,2.2355,2.209,2.18475,2.16895,2.1519,2.13775,2.121,2.09025,2.095,2.16,2.24385,2.3108,2.367,2.4206,2.46895,2.51405,2.55575,2.5918,2.62225,2.6785,2.6682,2.60025,2.53075,2.44215,2.3542
2025-03-11,2.4165,2.417,2.4185,2.37935,2.34925,2.2909,2.2536,2.22475,2.196,2.1705,2.15375,2.13575,2.12275,2.11975,2.06785,2.112,2.19625,2.27285,2.34655,2.41565,2.47745,2.5322,2.58595,2.636,2.66695,2.69635,2.75305,2.7405,2.66975,2.59975,2.50515,2.42675
2025-03-12,2.4165,2.417,2.41825,2.3829,2.34785,2.30045,2.26455,2.2365,2.2105,2.1887,2.1708,2.1558,2.142,2.13,2.1007,2.11325,2.19,2.26785,2.3378,2.3971,2.453,2.5018,2.5478,2.589,2.6235,2.6547,2.717,2.6981,2.6313,2.5627,2.4692,2.384
2025-03-13,2.4145,2.41525,2.4163,2.36675,2.33291,2.2828,2.24515,2.2165,2.1899,2.1635,2.14885,2.12685,2.1135,2.10255,2.06655,2.0775,2.152,2.235,2.3084,2.3686,2.4267,2.47785,2.5255,2.57525,2.6047,2.6365,2.69775,2.68885,2.6275,2.5625,2.4713,2.38725
2025-03-14,2.4145,2.41475,2.41685,2.35925,2.32211,2.27175,2.234,2.20755,2.178,2.15675,2.14,2.123,2.1105,2.1,2.06675,2.0855,2.17225,2.257,2.331,2.397,2.4583,2.512,2.5648,2.6089,2.64725,2.68025,2.7452,2.74125,2.6835,2.61775,2.5276,2.44125
2025-03-17,2.4147,2.41535,2.41745,2.361,2.323,2.27025,2.2363,2.20925,2.18175,2.16105,2.14425,2.12885,2.11595,2.10875,2.0703,2.09375,2.172,2.241,2.3073,2.36775,2.4225,2.4739,2.52065,2.57,2.5965,2.629,2.68825,2.68025,2.61775,2.5534,2.46405,2.384
2025-03-18,2.41504,2.4155,2.41625,2.3575,2.31725,2.26625,2.23175,2.20324,2.178,2.15675,2.1392,2.123,2.11,2.10051,2.06025,2.071,2.14195,2.21925,2.28825,2.35,2.4048,2.4559,2.5019,2.54,2.58215,2.6127,2.6737,2.6694,2.609,2.5439,2.45875,2.37325
2025-03-19,2.41375,2.415,2.41625,2.35655,2.30825,2.2674,2.2329,2.20075,2.182,2.162,2.1451,2.131,2.118,2.1058,2.0728,2.069,2.133,2.22935,2.29075,2.34825,2.3914,2.44375,2.48675,2.52775,2.55905,2.58835,2.64475,2.63425,2.5673,2.5016,2.41645,2.333
2025-03-20,2.4155,2.41605,2.4129,2.3425,2.299,2.25425,2.2193,2.19325,2.16835,2.14775,2.1305,2.11475,2.10155,2.09201,2.0578,2.06475,2.1293,2.21025,2.2737,2.3333,2.385,2.4332,2.481,2.51675,2.55875,2.59075,2.65175,2.6488,2.5872,2.5229,2.4396,2.3607
2025-03-21,2.41475,2.41575,2.40725,2.3405,2.29375,2.245,2.2104,2.1819,2.1505,2.1305,2.1096,2.0921,2.0778,2.068,2.0196,2.0285,2.095,2.174,2.24265,2.30745,2.36935,2.4225,2.4721,2.5176,2.55225,2.586,2.65225,2.65105,2.59395,2.5319,2.4521,2.376
2025-03-24,2.415,2.4155,2.394,2.332,2.28075,2.2323,2.1985,2.169,2.1415,2.119,2.09925,2.0838,2.06935,2.05725,2.01575,2.025,2.092,2.1716,2.24445,2.30995,2.371,2.426,2.477,2.523,2.5611,2.596,2.663,2.66385,2.60625,2.5455,2.46895,2.39575
2025-03-25,2.41435,2.416,2.3904,2.3245,2.2747,2.2305,2.198,2.16875,2.1448,2.12425,2.1066,2.09,2.0783,2.0665,2.0275,2.04,2.114,2.19905,2.27418,2.3403,2.3989,2.4548,2.505,2.55275,2.59125,2.62475,2.69175,2.692,2.633,2.572,2.4934,2.421
2025-03-26,2.41575,2.41675,2.3885,2.3118,2.2572,2.2098,2.1737,2.1469,2.1172,2.09775,2.08025,2.06245,2.048,2.034,1.98625,1.9995,2.06825,2.153,2.23,2.3055,2.36135,2.41895,2.4725,2.519,2.56615,2.5957,2.6659,2.6684,2.6099,2.54975,2.47585,2.4015
2025-03-27,2.41725,2.41765,2.37535,2.305,2.24715,2.20075,2.1648,2.1337,2.10435,2.083,2.06175,2.043,2.02875,2.01525,1.96975,1.979,2.0555,2.14475,2.22695,2.302,2.36635,2.4292,2.48375,2.532,2.57475,2.61175,2.68755,2.69375,2.6377,2.57965,2.5073,2.4344
2025-03-28,2.41725,2.41775,2.3571,2.2834,2.22425,2.177,2.13925,2.10825,2.07725,2.05475,2.03225,2.0135,1.999,1.984,1.9317,1.93688,2.01,2.10175,2.18215,2.257,2.3249,2.3873,2.444,2.4951,2.5373,2.57575,2.6471,2.6605,2.6079,2.5528,2.4827,2.417
2025-03-31,2.41725,2.418,2.36465,2.3015,2.24725,2.19825,2.16255,2.14125,2.1011,2.0884,2.06755,2.04705,2.03345,2.01806,1.9581,1.963,2.033,2.1261,2.2083,2.2795,2.33725,2.39665,2.45145,2.499,2.546,2.58285,2.65375,2.65925,2.60415,2.542,2.4838,2.40675
2025-04-01,2.41675,2.41787,2.34675,2.29175,2.23066,2.18545,2.1498,2.1157,2.0854,2.059,2.03725,2.01835,2.00265,1.98725,1.9336,1.93275,2.008,2.09115,2.1675,2.23345,2.2948,2.35123,2.40315,2.444,2.4902,2.52535,2.5944,2.59835,2.54095,2.4819,2.40795,2.33585
2025-04-02,2.41725,2.41817,2.34705,2.29325,2.23175,2.1876,2.14985,2.11625,2.0879,2.064,2.042,2.02285,2.008,1.99125,1.9452,1.945,2.01917,2.1086,2.19195,2.2581,2.3219,2.3802,2.4317,2.4766,2.5179,2.553,2.6243,2.625,2.5707,2.5104,2.427,2.349
2025-04-03,2.41699,2.41791,2.337,2.292,2.22425,2.18025,2.1385,2.09775,2.06575,2.035,2.008,1.9835,1.9646,1.942,1.88045,1.8696,1.931,2.01915,2.0985,2.1726,2.2339,2.2958,2.3517,2.4008,2.44805,2.48541,2.55715,2.57044,2.51782,2.46191,2.3847,2.3008
2025-04-04,2.4115,2.41211,2.3068,2.253,2.17985,2.1319,2.086,2.0429,2.00345,1.9729,1.944,1.91655,1.8956,1.88725,1.8004,1.7911,1.8743,1.9467,2.0295,2.1116,2.1907,2.2634,2.32525,2.37975,2.4179,2.457,2.5325,2.53925,2.48185,2.4212,2.3396,2.2564
2025-04-07,2.41125,2.413,2.295,2.244,2.1614,2.1,2.054,2.0123,1.971,1.94025,1.91125,1.885,1.866,1.85,1.78185,1.78,1.877,1.9783,2.0773,2.1662,2.2466,2.3322,2.40025,2.46075,2.49825,2.54045,2.61875,2.6178,2.5603,2.4988,2.4185,2.33325
2025-04-08,2.4127,2.3969,2.28275,2.241,2.15195,2.10725,2.0634,2.0162,1.9827,1.9519,1.91785,1.8964,1.87285,1.831,1.78825,1.75825,1.8599,1.9708,2.06695,2.1604,2.2301,2.2989,2.3608,2.41495,2.46465,2.50525,2.58325,2.58425,2.5182,2.45345,2.35735,2.2743
2025-04-09,2.411,2.37725,2.2574,2.211,2.125,2.067,2.01985,1.96725,1.9295,1.89355,1.8603,1.8335,1.81845,1.79448,1.7277,1.745,1.847,1.9662,2.0723,2.1658,2.2497,2.323,2.386,2.4479,2.49275,2.53025,2.6012,2.59495,2.524,2.455,2.362,2.2686
2025-04-10,2.412,2.33,2.255,2.205,2.1388,2.0789,2.0345,1.9972,1.9525,1.9199,1.8935,1.8663,1.84315,1.84654,1.7543,1.7634,1.8499,1.9478,2.0462,2.1344,2.2161,2.2867,2.3486,2.408,2.4468,2.4805,2.5542,2.5464,2.4796,2.409,2.3181,2.2346
2025-04-11,2.413,2.31175,2.24075,2.1953,2.132,2.0855,2.04685,2.0006,1.9607,1.933,1.9038,1.8781,1.8592,1.8433,1.78325,1.79225,1.8901,2.0026,2.1007,2.18,2.256,2.3228,2.3811,2.4305,2.46365,2.5021,2.55445,2.53205,2.45415,2.36905,2.2692,2.174
2025-04-14,2.41525,2.29425,2.2327,2.19095,2.12225,2.07515,2.0389,1.9877,1.9491,1.91775,1.88625,1.85915,1.83785,1.80943,1.74875,1.73125,1.81255,1.92915,2.02075,2.10765,2.176,2.24468,2.30215,2.33955,2.3989,2.4348,2.50025,2.4921,2.42275,2.3516,2.25585,2.16655
2025-04-15,2.38165,2.27035,2.22075,2.1833,2.11911,2.0683,2.03065,1.981,1.9412,1.9079,1.8733,1.8473,1.82525,1.80975,1.73145,1.739,1.8186,1.9239,2.0206,2.1084,2.18615,2.25625,2.32,2.373,2.4223,2.4606,2.5372,2.5362,2.4699,2.40585,2.3176,2.2315
2025-04-16,2.20775,2.18809,2.183,2.14175,2.09375,2.04705,2.00575,1.96075,1.9197,1.89275,1.86055,1.83375,1.8132,1.78891,1.726,1.72775,1.8181,1.92073,2.0175,2.1037,2.1857,2.2582,2.32325,2.374,2.4232,2.4625,2.5378,2.5405,2.4784,2.4201,2.3403,2.2621
2025-04-17,2.16445,2.164,2.1651,2.12345,2.06401,2.004,1.95985,1.9078,1.86525,1.8318,1.79785,1.7704,1.749,1.72985,1.66425,1.6715,1.7719,1.8847,1.978,2.07745,2.153,2.2294,2.295,2.3563,2.4042,2.4448,2.5226,2.52595,2.4689,2.40915,2.3316,2.2623
2025-04-21,,,,,2.064,,,,,,,,,,,,,,,,,,,,,,,,,,,
2025-04-22,2.16381,2.164,2.1654,2.1183,2.05911,1.9943,1.9452,1.8909,1.84575,1.81025,1.771,1.74225,1.71925,1.69901,1.62795,1.63055,1.722,1.83235,1.9344,2.0279,2.1115,2.18715,2.2541,2.30915,2.36005,2.3995,2.48025,2.48645,2.42825,2.3683,2.28755,2.218
2025-04-23,2.16394,2.16534,2.166,2.1181,2.065,2.009,1.96485,1.915,1.878,1.842,1.814,1.79005,1.77095,1.75195,1.6945,1.703,1.78895,1.891,1.9845,2.07155,2.15265,2.22315,2.28715,2.345,2.3919,2.432,2.50765,2.51235,2.457,2.39595,2.31795,2.25075
2025-04-24,2.1625,2.16525,2.16675,2.09475,2.043,1.97975,1.92725,1.8783,1.8379,1.80395,1.7713,1.74885,1.72715,1.7092,1.65085,1.652,1.7354,1.8386,1.935,2.0232,2.104,2.1781,2.24295,2.29945,2.3511,2.3908,2.471,2.4797,2.4241,2.3687,2.2999,2.2313
2025-04-25,2.16554,2.16655,2.16752,2.09214,2.039,1.9745,1.92535,1.8774,1.839,1.8073,1.77715,1.7555,1.73525,1.7195,1.66705,1.672,1.756,1.8548,1.9438,2.0299,2.1096,2.1819,2.245,2.3,2.3467,2.3875,2.4663,2.47475,2.4163,2.3597,2.29,2.227
2025-04-28,2.1655,2.16672,2.16825,2.0915,2.03375,1.9769,1.9275,1.8805,1.845,1.8115,1.784,1.763,1.7435,1.727,1.679,1.68575,1.7727,1.8909,1.9855,2.07415,2.14025,2.2247,2.281,2.34645,2.39645,2.43765,2.51725,2.52595,2.4716,2.41355,2.3434,2.27955
2025-04-29,2.16548,2.1661,2.16661,2.08555,2.0225,1.97175,1.9249,1.87925,1.84425,1.814,1.78475,1.7642,1.745,1.72625,1.6777,1.68855,1.77775,1.8759,1.9672,2.05105,2.12765,2.1987,2.261,2.315,2.3635,2.4076,2.48575,2.49325,2.4373,2.37975,2.31325,2.24375
2025-04-30,2.1655,2.16624,2.1668,2.0658,2.013,1.9559,1.9015,1.8562,1.817,1.78365,1.75335,1.7312,1.70925,1.69445,1.63835,1.64735,1.73345,1.8321,1.92015,2.00645,2.08475,2.15715,2.22355,2.28025,2.3304,2.372,2.453,2.46455,2.411,2.354,2.29005,2.2286
2025-05-01,,2.16624,,,2.013,,,,,,,,,,,,,,,,,,,,,,,,,,,
2025-05-02,2.16638,2.1668,2.16702,2.0696,2.018,1.96385,1.9193,1.87745,1.8417,1.8145,1.78945,1.771,1.75305,1.7419,1.69755,1.7158,1.8109,1.90785,2.001,2.0855,2.161,2.231,2.2985,2.3572,2.4012,2.4401,2.522,2.5339,2.48075,2.4251,2.361,2.3014
2025-05-05,2.16695,2.167,2.16655,2.067,2.012,1.961,1.914,1.8729,1.839,1.81,1.783,1.76318,1.747,1.73135,1.68585,1.69825,1.7865,1.88465,1.9763,2.0618,2.15005,2.2199,2.284,2.345,2.3823,2.4223,2.50405,2.53135,2.47295,2.41955,2.37175,2.314
2025-05-06,2.1659,2.16642,2.16688,2.06296,2.00761,1.95725,1.90875,1.863,1.8298,1.7968,1.769,1.74725,1.72975,1.71626,1.6668,1.68345,1.77475,1.88005,1.9773,2.06555,2.14745,2.2202,2.2875,2.3467,2.3976,2.4411,2.5283,2.5449,2.49745,2.4481,2.39025,2.3313
2025-05-07,2.16644,2.1671,2.16761,2.05915,1.99985,1.955,1.90415,1.85815,1.82245,1.78945,1.7605,1.7385,1.7183,1.7011,1.65,1.66,1.745,1.8406,1.9297,2.01125,2.0909,2.162,2.226,2.281,2.331,2.37475,2.4572,2.47275,2.42225,2.36975,2.30985,2.247
2025-05-08,2.16763,2.16775,2.1605,2.0488,2.0005,1.95785,1.907,1.8695,1.83675,1.8082,1.78375,1.7653,1.74775,1.73775,1.6948,1.7139,1.80325,1.9008,1.9965,2.08075,2.1581,2.2285,2.2905,2.347,2.3922,2.43075,2.51835,2.53485,2.4876,2.43585,2.3763,2.32295
2025-05-09,2.16814,2.16864,2.154,2.0473,1.996,1.954,1.908,1.868,1.83675,1.80825,1.78325,1.765,1.748,1.735,1.696,1.715,1.8084,1.9086,1.9978,2.0885,2.1645,2.236,2.3002,2.3606,2.4061,2.4484,2.5313,2.54865,2.49915,2.44635,2.3853,2.3326
2025-05-12,2.16775,2.169,2.138,2.05875,2.01706,1.9866,1.953,1.92655,1.9034,1.88305,1.86545,1.85265,1.84225,1.83405,1.81285,1.84175,1.933,2.0335,2.1201,2.1981,2.2689,2.337,2.3959,2.447,2.4877,2.5241,2.60195,2.61305,2.56205,2.50675,2.445,2.3864
2025-05-13,2.1694,2.1698,2.1365,2.0533,2.01125,1.98505,1.95105,1.92385,1.9041,1.883,1.86695,1.85365,1.84255,1.83505,1.8129,1.842,1.941,2.03885,2.13025,2.2111,2.2855,2.35365,2.415,2.4671,2.5148,2.5536,2.6327,2.6464,2.59475,2.5415,2.4806,2.4275
2025-05-14,2.16962,2.16996,2.136,2.04975,2.0059,1.9816,1.95015,1.92575,1.90695,1.88755,1.871,1.859,1.84795,1.84155,1.82055,1.85615,1.96045,2.05935,2.151,2.233,2.305,2.37345,2.4351,2.489,2.53405,2.57405,2.65295,2.66815,2.6162,2.565,2.5071,2.45275
2025-05-15,2.16994,2.1689,2.11265,2.0286,1.989,1.95995,1.92375,1.898,1.8757,1.85345,1.83425,1.81985,1.80625,1.797,1.76775,1.79175,1.88655,1.9825,2.0686,2.1485,2.22025,2.2866,2.34835,2.399,2.44675,2.48755,2.5684,2.5864,2.53615,2.4861,2.43105,2.3841
2025-05-16,2.17003,2.16943,2.10645,2.02715,1.985,1.9525,1.9178,1.8892,1.86535,1.8422,1.82225,1.80775,1.79335,1.78225,1.74835,1.77795,1.858,1.95425,2.0416,2.1239,2.19845,2.26755,2.33025,2.381,2.42835,2.47295,2.553,2.57125,2.5223,2.4715,2.41905,2.37275
2025-05-19,2.16925,2.169,2.08825,2.02325,1.98,1.94955,1.9151,1.88575,1.86245,1.8392,1.818,1.80415,1.79105,1.78025,1.74755,1.76735,1.85825,1.95175,2.04075,2.12255,2.197,2.2654,2.32755,2.38,2.4298,2.4704,2.55075,2.5676,2.5228,2.4741,2.4205,2.373
2025-05-20,2.17084,2.16927,2.0825,2.01375,1.97353,1.94425,1.90775,1.878,1.85725,1.8328,1.81225,1.79735,1.78375,1.772,1.74,1.76,1.851,1.9519,2.04465,2.13105,2.21085,2.2832,2.3494,2.408,2.459,2.5028,2.59065,2.61735,2.57725,2.534,2.49,2.45165
2025-05-21,2.17011,2.16924,2.0815,2.01385,1.97175,1.94675,1.91445,1.886,1.86835,1.845,1.827,1.81465,1.80155,1.79,1.76425,1.78705,1.884,1.9876,2.083,2.17155,2.251,2.3244,2.3908,2.4528,2.5012,2.544,2.6352,2.6632,2.6241,2.5832,2.5388,2.5
2025-05-22,2.167,2.16916,2.0545,1.993,1.95581,1.9255,1.89155,1.865,1.8405,1.81895,1.799,1.784,1.769,1.75975,1.729,1.7515,1.85455,1.9695,2.0705,2.1618,2.2442,2.32075,2.3888,2.44805,2.50315,2.54825,2.64185,2.67375,2.6415,2.6032,2.5615,2.52
2025-05-23,2.16768,2.17,2.04425,1.9864,1.9442,1.904,1.8708,1.8405,1.8148,1.7895,1.768,1.7525,1.73725,1.728,1.6883,1.71675,1.8179,1.9275,2.0265,2.117,2.2027,2.28,2.3497,2.4111,2.4614,2.5075,2.6008,2.63525,2.60355,2.56675,2.52265,2.484
2025-05-26,2.168,2.17,2.0304,1.9843,1.94246,1.908,1.873,1.8422,1.8183,1.7905,1.7692,1.7509,1.736,1.724,1.6895,1.715,1.807,1.92,2.012,2.1008,2.1847,2.2598,2.328,2.3902,2.4434,2.48925,2.58,2.61125,2.57525,2.5385,2.4941,2.4552
2025-05-27,2.16725,2.1522,2.0241,1.9778,1.938,1.9051,1.8713,1.8429,1.81895,1.79335,1.774,1.7561,1.741,1.73015,1.69305,1.71015,1.80205,1.906,1.99805,2.083,2.1604,2.2327,2.2981,2.3547,2.4042,2.447,2.53495,2.56505,2.52995,2.48925,2.441,2.4018
2025-05-28,2.16809,2.13452,2.02,1.973,1.937,1.9043,1.8713,1.845,1.8198,1.795,1.776,1.759,1.744,1.73203,1.697,1.715,1.8075,1.913,2.005,2.093,2.1735,2.2484,2.317,2.377,2.42735,2.47205,2.5605,2.5894,2.55515,2.518,2.4725,2.433
2025-05-29,2.1695,2.083,1.99755,1.9551,1.925,1.8926,1.8589,1.83115,1.8066,1.7819,1.7621,1.74515,1.72945,1.718,1.67825,1.69545,1.78568,1.8893,1.9847,2.0715,2.15235,2.224,2.2914,2.354,2.403,2.447,2.53745,2.57125,2.5404,2.5048,2.4624,2.42575
2025-05-30,2.1699,2.064,1.989,1.95155,1.9225,1.8916,1.86,1.83175,1.806,1.784,1.7658,1.74605,1.735,1.7225,1.68175,1.6987,1.783,1.886,1.9694,2.0574,2.13975,2.21255,2.2822,2.341,2.3957,2.4404,2.53145,2.5657,2.5363,2.5029,2.4645,2.425
2025-06-02,2.169,2.047,1.982,1.95005,1.924,1.89,1.862,1.836,1.81205,1.79,1.7727,1.755,1.742,1.73,1.691,1.704,1.789,1.8925,1.985,2.073,2.155,2.229,2.297,2.3568,2.4096,2.4546,2.547,2.5845,2.557,2.524,2.486,2.4535
2025-06-03,2.13525,2.0315,1.97395,1.9469,1.919,1.8859,1.8575,1.83055,1.8084,1.78455,1.7655,1.749,1.734,1.7225,1.6846,1.68755,1.778,1.88385,1.98125,2.07,2.15405,2.23095,2.301,2.3616,2.414,2.459,2.5545,2.5896,2.5623,2.533,2.5004,2.47
2025-06-04,2.10075,2.013,1.9665,1.93925,1.91325,1.8817,1.8516,1.82495,1.80255,1.78095,1.76355,1.746,1.73325,1.72025,1.68525,1.70115,1.79045,1.89418,1.9897,2.0744,2.15265,2.22525,2.29195,2.35,2.4015,2.4435,2.53425,2.5647,2.535,2.5035,2.4619,2.42805
2025-06-05,1.9935,1.958,1.939,1.92645,1.91691,1.8926,1.869,1.8507,1.832,1.815,1.80135,1.79,1.78,1.77275,1.75495,1.781,1.8676,1.9703,2.063,2.1436,2.2241,2.2953,2.35945,2.41525,2.46635,2.50875,2.59315,2.6152,2.57995,2.54215,2.49735,2.45775
2025-06-06,1.9595,1.9401,1.932,1.9228,1.915,1.89,1.8685,1.851,1.8331,1.817,1.80505,1.793,1.784,1.778,1.7609,1.78415,1.8793,1.98,2.075,2.1576,2.235,2.30455,2.3675,2.424,2.47085,2.5133,2.596,2.6243,2.588,2.5512,2.50095,2.462
2025-06-09,1.923,1.923,1.923,1.9188,1.912,1.8839,1.8636,1.8461,1.8264,1.81,1.7964,1.7842,1.776,1.7701,1.7482,1.773,1.862,1.9612,2.05355,2.14105,2.22055,2.293,2.36,2.41705,2.4687,2.51085,2.5999,2.62925,2.59685,2.567,2.517,2.475
2025-06-10,1.9233,1.92374,1.92425,1.91925,1.91225,1.88455,1.8625,1.84375,1.82375,1.806,1.7922,1.78,1.77,1.76175,1.73955,1.76075,1.8465,1.94355,2.0365,2.1231,2.19655,2.26875,2.3338,2.39235,2.4437,2.487,2.5766,2.6089,2.5796,2.54855,2.5021,2.462
2025-06-11,1.923,1.924,1.92465,1.91905,1.9132,1.8845,1.86275,1.84315,1.82425,1.80625,1.792,1.779,1.7682,1.75875,1.73375,1.75395,1.83715,1.9402,2.03235,2.1197,2.1971,2.2701,2.337,2.38855,2.4434,2.4888,2.58025,2.61915,2.59205,2.5637,2.52,2.4853
2025-06-12,1.923,1.92415,1.925,1.9167,1.91075,1.87725,1.85275,1.8348,1.8125,1.79325,1.779,1.765,1.753,1.74525,1.71375,1.73,1.812,1.90855,1.99895,2.0827,2.16005,2.2315,2.29705,2.352,2.4057,2.449,2.53895,2.5736,2.5429,2.51,2.46425,2.42475
2025-06-13,1.92369,1.923,1.92465,1.9175,1.91275,1.8832,1.8614,1.8455,1.8255,1.81,1.798,1.786,1.777,1.7697,1.74745,1.76455,1.8573,1.953,2.046,2.13,2.2076,2.2786,2.345,2.39875,2.44725,2.4932,2.58005,2.612,2.57475,2.5426,2.49675,2.457
2025-06-16,1.92425,1.92455,1.926,1.92225,1.91987,1.88825,1.8687,1.8525,1.8317,1.8136,1.8002,1.7865,1.7779,1.771,1.74375,1.7639,1.8474,1.9454,2.0385,2.1257,2.2058,2.2778,2.3428,2.4011,2.4503,2.48643,2.5851,2.621,2.5918,2.55317,2.515,2.4792
2025-06-17,1.92608,1.92592,1.92725,1.92385,1.919,1.8923,1.87425,1.8597,1.8406,1.82505,1.814,1.80275,1.79375,1.786,1.762,1.77375,1.85875,1.955,2.0432,2.1283,2.2052,2.276,2.3404,2.397,2.4455,2.492,2.5805,2.61686,2.588,2.555,2.5085,2.469
2025-06-18,1.92465,1.926,1.92704,1.92175,1.916,1.89125,1.8739,1.859,1.839,1.822,1.809,1.796,1.786,1.77813,1.74675,1.75675,1.831,1.92625,2.0219,2.1033,2.1759,2.2456,2.3104,2.362,2.41575,2.4609,2.5515,2.584,2.55502,2.5218,2.47525,2.4295
2025-06-19,1.9244,1.92448,1.92567,1.91995,1.911,1.88665,1.8669,1.85395,1.83245,1.8161,1.804,1.79,1.77955,1.773,1.74525,1.7639,1.852,1.9496,2.04,2.1241,2.2034,2.274,2.3385,2.3961,2.44325,2.4901,2.578,2.6135,2.5825,2.5484,2.49965,2.463
2025-06-20,1.92325,1.92431,1.9254,1.91975,1.90975,1.88745,1.86935,1.8556,1.83475,1.82025,1.80875,1.79625,1.787,1.77925,1.75215,1.7685,1.851,1.9461,2.0331,2.11695,2.1925,2.2622,2.326,2.3833,2.43375,2.4776,2.5689,2.603,2.5764,2.546,2.50005,2.461
2025-06-23,1.92375,1.925,1.92536,1.91996,1.9098,1.88325,1.86525,1.84775,1.83015,1.8132,1.802,1.788,1.7786,1.7716,1.7418,1.75975,1.8364,1.9298,2.0216,2.09455,2.1778,2.24901,2.3123,2.372,2.4154,2.45885,2.55145,2.58715,2.558,2.52775,2.4823,2.43875
2025-06-24,1.92375,1.92529,1.92575,1.91825,1.90498,1.88045,1.86155,1.843,1.82625,1.8108,1.79905,1.787,1.77925,1.77025,1.74615,1.76105,1.84075,1.93675,2.0271,2.114,2.1941,2.26785,2.33565,2.397,2.44745,2.49375,2.58925,2.63495,2.61255,2.58505,2.54925,2.51375
2025-06-25,1.9245,1.92571,1.92675,1.9174,1.89981,1.875,1.854,1.8356,1.8164,1.8,1.78825,1.7765,1.76715,1.75975,1.73475,1.75805,1.843,1.94565,2.0412,2.12795,2.20785,2.28225,2.34925,2.40965,2.46025,2.5062,2.60225,2.6486,2.6251,2.6044,2.56225,2.535
2025-06-26,1.925,1.92592,1.92595,1.91675,1.897,1.869,1.84825,1.828,1.8066,1.79125,1.777,1.76445,1.75535,1.747,1.72145,1.742,1.83395,1.9351,2.0318,2.12265,2.20575,2.282,2.35075,2.41405,2.46375,2.5132,2.60975,2.6597,2.64075,2.62095,2.5895,2.562
2025-06-27,1.92593,1.92623,1.9253,1.9197,1.90195,1.87825,1.86075,1.84305,1.823,1.80905,1.79665,1.7844,1.77645,1.76965,1.74855,1.76975,1.861,1.96025,2.053,2.1401,2.222,2.2979,2.3665,2.42825,2.47985,2.52625,2.62425,2.66825,2.64775,2.62575,2.5901,2.556
2025-06-30,1.927,1.92765,1.92545,1.92345,1.904,1.88235,1.864,1.845,1.82505,1.8104,1.79675,1.78465,1.776,1.768,1.74865,1.774,1.873,1.9755,2.0668,2.1558,2.2377,2.3134,2.3826,2.44055,2.50175,2.5439,2.64925,2.6922,2.6745,2.6544,2.6271,2.59075
2025-07-01,1.92718,1.92759,1.92627,1.922,1.903,1.88155,1.862,1.841,1.82155,1.80515,1.79,1.7786,1.7695,1.7603,1.73645,1.75855,1.855,1.95625,2.04795,2.1341,2.214,2.28825,2.3549,2.413,2.46705,2.5121,2.60855,2.6511,2.63205,2.611,2.5795,2.545
2025-07-02,1.925,1.92536,1.92395,1.92,1.897,1.8766,1.85755,1.8374,1.81825,1.80315,1.789,1.77925,1.77,1.76275,1.74575,1.77515,1.8784,1.9875,2.0873,2.1777,2.2603,2.33555,2.4041,2.465,2.51725,2.56325,2.6587,2.7002,2.67775,2.6547,2.6226,2.591
2025-07-03,1.92503,1.92569,1.92275,1.91825,1.89206,1.86775,1.84675,1.8265,1.80435,1.7895,1.77625,1.76395,1.75415,1.74745,1.72745,1.75575,1.85385,1.95575,2.0499,2.1389,2.2205,2.2952,2.3634,2.425,2.4793,2.5249,2.623,2.66525,2.6473,2.626,2.59425,2.566
2025-07-04,1.9245,1.9249,1.9206,1.9182,1.88825,1.86225,1.8415,1.819,1.79645,1.77955,1.764,1.75075,1.73995,1.73186,1.707,1.732,1.829,1.9379,2.0315,2.1242,2.2059,2.284,2.3532,2.4159,2.4714,2.5204,2.6186,2.668,2.6493,2.6277,2.601,2.572
2025-07-07,1.9242,1.92455,1.92125,1.9185,1.887,1.861,1.8406,1.81875,1.79595,1.78125,1.7667,1.752,1.743,1.7365,1.7145,1.744,1.849,1.958,2.051,2.1503,2.2351,2.3135,2.38295,2.444,2.4967,2.5432,2.64265,2.688,2.67035,2.6487,2.621,2.59115
2025-07-08,1.92435,1.92491,1.92101,1.91825,1.891,1.86955,1.85175,1.83065,1.8124,1.79875,1.78575,1.774,1.7659,1.76025,1.7442,1.778,1.885,1.9952,2.0942,2.1872,2.2746,2.353,2.426,2.488,2.5424,2.59,2.6913,2.73825,2.7208,2.70215,2.6738,2.64575
2025-07-09,1.92235,1.92268,1.92034,1.92025,1.889,1.86975,1.8521,1.831,1.8126,1.798,1.7838,1.77225,1.763,1.757,1.7355,1.76375,1.868,1.97635,2.07595,2.1665,2.25045,2.32715,2.39725,2.45325,2.5131,2.56165,2.66225,2.7108,2.6947,2.6748,2.64945,2.613
2025-07-10,1.92202,1.92268,1.92075,1.92025,1.892,1.873,1.8581,1.8388,1.8204,1.808,1.7959,1.78545,1.7773,1.77166,1.75825,1.792,1.899,2.008,2.1028,2.1957,2.2798,2.3564,2.4266,2.4907,2.544,2.59185,2.69325,2.7425,2.729,2.71145,2.6865,2.658
2025-07-11,1.92235,1.9228,1.9219,1.9228,1.89625,1.87825,1.8663,1.8476,1.831,1.81925,1.8076,1.79825,1.7915,1.786,1.7759,1.809,1.918,2.0279,2.1277,2.2212,2.3063,2.38445,2.4561,2.517,2.574,2.62175,2.7245,2.77645,2.7615,2.74355,2.71825,2.68625
2025-07-14,1.92235,1.92334,1.92132,1.92205,1.89,1.8695,1.85535,1.835,1.8163,1.803,1.79,1.77875,1.7701,1.7645,1.75175,1.78695,1.90075,2.018,2.1218,2.2182,2.3092,2.3893,2.4632,2.5281,2.5858,2.6362,2.7429,2.79965,2.7899,2.7754,2.7528,2.7247
2025-07-15,1.92246,1.92259,1.92065,1.92115,1.886,1.86625,1.85125,1.82775,1.81045,1.79655,1.7825,1.77125,1.7629,1.7565,1.7413,1.778,1.891,2.00655,2.111,2.2065,2.294,2.3739,2.446,2.511,2.5655,2.6169,2.7218,2.7792,2.7685,2.7538,2.7309,2.70225
2025-07-16,1.9226,1.92209,1.92146,1.9203,1.883,1.86175,1.8461,1.8225,1.8017,1.7868,1.77095,1.7597,1.75125,1.741,1.72395,1.74825,1.8546,1.9717,2.0782,2.17725,2.26395,2.3459,2.42025,2.4853,2.5463,2.5978,2.7046,2.7648,2.7557,2.7407,2.7208,2.68935
2025-07-17,1.92254,1.92197,1.92193,1.91345,1.882,1.8632,1.84795,1.8245,1.805,1.792,1.77825,1.76725,1.7585,1.751,1.73475,1.76555,1.871,1.98495,2.0885,2.18195,2.26745,2.34595,2.41755,2.482,2.539,2.5885,2.696,2.754,2.745,2.73,2.70775,2.6767
2025-07-18,1.92236,1.921,1.92102,1.91375,1.88075,1.8585,1.845,1.8211,1.8025,1.7888,1.7751,1.764,1.75565,1.747,1.7323,1.757,1.86625,1.97675,2.0791,2.1788,2.2653,2.345,2.42,2.47975,2.5424,2.5928,2.7009,2.76265,2.757,2.74235,2.7209,2.68485
2025-07-21,1.923,1.92111,1.921,1.9114,1.879,1.8553,1.83975,1.8133,1.79275,1.7777,1.761,1.7481,1.7387,1.72975,1.7061,1.731,1.826,1.93315,2.03575,2.1265,2.2112,2.2886,2.3593,2.426,2.4799,2.53225,2.64045,2.7022,2.69555,2.6799,2.6553,2.62155
2025-07-22,1.92269,1.92189,1.92217,1.90925,1.8749,1.8521,1.8353,1.8067,1.7869,1.771,1.7537,1.741,1.73125,1.72325,1.7007,1.726,1.82055,1.9276,2.02525,2.11625,2.20205,2.27985,2.35145,2.41775,2.47275,2.5244,2.6332,2.6976,2.6918,2.6776,2.655,2.62335
2025-07-23,1.92132,1.92145,1.92232,1.91075,1.88075,1.868,1.85025,1.82975,1.81125,1.797,1.782,1.7735,1.7646,1.76,1.73455,1.7755,1.8786,1.97945,2.0731,2.16495,2.25175,2.3295,2.4008,2.471,2.52425,2.57525,2.68335,2.75125,2.74725,2.73315,2.71315,2.6881
2025-07-24,1.92248,1.92314,1.9244,1.9171,1.90456,1.89285,1.8815,1.86329,1.8488,1.836,1.8256,1.81675,1.80975,1.80625,1.79215,1.824,1.9234,2.02975,2.12435,2.21105,2.2871,2.3612,2.4338,2.493,2.54975,2.6014,2.7048,2.7585,2.7485,2.73,2.7018,2.66725
2025-07-25,1.92314,1.9239,1.92501,1.91785,1.907,1.8985,1.8875,1.8695,1.855,1.843,1.832,1.8245,1.81725,1.813,1.807,1.8412,1.945,2.0465,2.1375,2.2221,2.2998,2.37475,2.4415,2.5002,2.55325,2.6027,2.70305,2.75575,2.745,2.72395,2.69245,2.65545
2025-07-28,1.9239,1.925,1.9255,1.917,1.9077,1.89625,1.883,1.86325,1.84925,1.8359,1.82285,1.8136,1.80555,1.79985,1.78525,1.81375,1.917,2.02195,2.11545,2.20125,2.27955,2.35235,2.41935,2.48326,2.53685,2.5858,2.68975,2.74705,2.738,2.72025,2.68925,2.65065
2025-07-29,1.92404,1.92456,1.92587,1.91875,1.911,1.90075,1.8889,1.87165,1.85885,1.846,1.834,1.826,1.818,1.812,1.80225,1.831,1.939,2.043,2.1383,2.2218,2.29915,2.3706,2.43625,2.48225,2.55225,2.60025,2.70375,2.7598,2.7515,2.73555,2.7021,2.6621
2025-07-30,1.92425,1.92541,1.92475,1.91975,1.912,1.9033,1.8905,1.87375,1.86275,1.852,1.83925,1.8335,1.82575,1.8218,1.8102,1.846,1.946,2.0474,2.13555,2.22115,2.2934,2.36475,2.4299,2.4897,2.549,2.5954,2.70065,2.762,2.7553,2.7401,2.7193,2.6821
2025-07-31,1.92506,1.92537,1.92578,1.91915,1.9151,1.90575,1.8944,1.88125,1.87115,1.86065,1.852,1.8453,1.8402,1.83585,1.8315,1.8644,1.96202,2.05735,2.14215,2.2235,2.29485,2.36445,2.42865,2.486,2.5404,2.58695,2.6903,2.7448,2.73475,2.7187,2.6935,2.657
2025-08-01,1.9237,1.92405,1.92407,1.9162,1.9097,1.89725,1.88265,1.86565,1.85255,1.839,1.82845,1.81975,1.81275,1.8075,1.7972,1.82145,1.92235,2.0165,2.10845,2.1946,2.27045,2.3439,2.41185,2.47095,2.52725,2.57565,2.67985,2.743,2.7386,2.72615,2.70185,2.664
2025-08-04,1.9242,1.924,1.9244,1.91475,1.90621,1.8935,1.8785,1.86,1.84515,1.831,1.818,1.8066,1.7992,1.7925,1.7775,1.804,1.89575,1.99045,2.0757,2.15495,2.229,2.3,2.365,2.4269,2.47685,2.524,2.62755,2.689,2.684,2.672,2.65125,2.6152
2025-08-05,1.92495,1.92525,1.92543,1.91435,1.90725,1.894,1.87805,1.86,1.84565,1.83295,1.81995,1.8092,1.80105,1.79451,1.777,1.802,1.89,1.9832,2.0704,2.1498,2.2233,2.294,2.359,2.42075,2.4734,2.52025,2.6248,2.6884,2.6816,2.668,2.64525,2.6129
2025-08-06,1.9247,1.92535,1.92536,1.9168,1.909,1.8996,1.88505,1.86845,1.85615,1.84325,1.831,1.8211,1.81355,1.80701,1.792,1.8196,1.911,2.0067,2.0933,2.1717,2.2453,2.3154,2.38295,2.4423,2.4962,2.544,2.65175,2.7161,2.71605,2.70505,2.6806,2.6459
2025-08-07,1.92495,1.92545,1.92568,1.9157,1.909,1.9,1.88375,1.869,1.85625,1.84225,1.83175,1.82245,1.81475,1.80921,1.7942,1.821,1.914,2.001,2.0805,2.15525,2.2252,2.2923,2.3564,2.42375,2.46825,2.51725,2.62285,2.68675,2.6832,2.6705,2.64425,2.621
2025-08-08,1.92528,1.9257,1.92583,1.91865,1.9128,1.9042,1.89,1.8766,1.8656,1.8538,1.8446,1.8368,1.8306,1.82626,1.8182,1.85075,1.9468,2.04245,2.1247,2.20235,2.27495,2.3441,2.4085,2.4688,2.5218,2.5698,2.67515,2.7418,2.74025,2.73,2.7074,2.672
2025-08-11,1.92462,1.925,1.9259,1.92075,1.916,1.90675,1.89325,1.88075,1.871,1.8603,1.8508,1.84295,1.83745,1.83265,1.82215,1.85195,1.94485,2.03925,2.12095,2.19845,2.2707,2.3407,2.40535,2.4679,2.51945,2.56835,2.67755,2.74825,2.74895,2.74045,2.71725,2.68525
2025-08-12,1.92425,1.92475,1.92522,1.9209,1.917,1.9094,1.8965,1.88405,1.87425,1.8638,1.854,1.8464,1.8409,1.836,1.828,1.8605,1.9565,2.05765,2.1464,2.22775,2.305,2.379,2.448,2.508,2.56605,2.6149,2.7268,2.8013,2.80735,2.80255,2.7835,2.754
2025-08-13,1.92417,1.9246,1.92517,1.9176,1.91171,1.90425,1.8895,1.87645,1.8668,1.854,1.84375,1.835,1.829,1.8225,1.8064,1.832,1.92095,2.0124,2.0955,2.1755,2.2505,2.3232,2.39105,2.452,2.50975,2.55875,2.6687,2.74225,2.74725,2.7421,2.72425,2.6947
2025-08-14,1.925,1.92368,1.92475,1.91785,1.912,1.90475,1.8884,1.876,1.86565,1.8528,1.843,1.83515,1.8282,1.823,1.8104,1.84145,1.9337,2.0321,2.1173,2.1981,2.2766,2.349,2.4171,2.4783,2.5362,2.5861,2.6953,2.7684,2.7747,2.7701,2.7562,2.72375
2025-08-15,1.9244,1.92385,1.92425,1.9205,1.91525,1.91035,1.8961,1.884,1.8755,1.86475,1.85525,1.8489,1.8433,1.83825,1.83075,1.865,1.97,2.07385,2.16855,2.254,2.3345,2.4098,2.4807,2.5458,2.60115,2.6511,2.76245,2.8369,2.8438,2.8385,2.8244,2.79575
2025-08-18,1.9244,1.924,1.92325,1.9191,1.913,1.90775,1.89225,1.88,1.87075,1.85935,1.85035,1.842,1.836,1.832,1.8212,1.853,1.9492,2.0517,2.1435,2.227,2.30485,2.3806,2.45275,2.51625,2.572,2.62205,2.73385,2.8105,2.819,2.81645,2.80475,2.7752
2025-08-19,1.92447,1.924,1.92275,1.91764,1.912,1.9058,1.89025,1.877,1.86825,1.85675,1.84725,1.8396,1.8338,1.829,1.8183,1.84665,1.942,2.04225,2.1316,2.21465,2.2938,2.37,2.4404,2.50175,2.56225,2.61275,2.726,2.804,2.812,2.807,2.7928,2.763
2025-08-20,1.9253,1.925,1.92225,1.91625,1.90769,1.90275,1.88475,1.87025,1.85925,1.8461,1.835,1.82675,1.8196,1.813,1.7992,1.82715,1.91775,2.0173,2.10425,2.188,2.26585,2.3433,2.4125,2.47653,2.5341,2.585,2.7,2.7732,2.78,2.7729,2.7586,2.7255
2025-08-21,1.92463,1.92551,1.92325,1.92225,1.91725,1.9103,1.89875,1.888,1.88075,1.86925,1.8615,1.85525,1.84925,1.844,1.83815,1.86615,1.9605,2.062,2.1513,2.2352,2.3118,2.3888,2.4563,2.5159,2.58065,2.6302,2.7425,2.811,2.81445,2.804,2.78885,2.75865
2025-08-22,1.92314,1.92539,1.924,1.923,1.917,1.91075,1.89825,1.887,1.87825,1.86515,1.856,1.84775,1.84135,1.836,1.82055,1.847,1.937,2.03125,2.11785,2.20095,2.2788,2.3538,2.4244,2.4877,2.5455,2.5973,2.70905,2.786,2.791,2.783,2.7685,2.7371
2025-08-25,1.926,1.926,1.9253,1.92625,1.92207,1.9161,1.90375,1.8948,1.8856,1.87425,1.86525,1.8555,1.8499,1.84468,1.83435,1.864,1.96225,2.05725,2.1518,2.23305,2.3082,2.3835,2.456,2.51901,2.58425,2.63615,2.74695,2.82155,2.82265,2.81185,2.79975,2.76195
2025-08-26,1.924,1.925,1.92475,1.9238,1.91927,1.9123,1.89875,1.889,1.87725,1.86575,1.85525,1.84645,1.8397,1.8335,1.816,1.842,1.93135,2.02485,2.11045,2.1943,2.2764,2.3534,2.4259,2.49125,2.55075,2.604,2.72025,2.79825,2.8035,2.79545,2.78075,2.7505
2025-08-27,1.9222,1.925,1.92275,1.9205,1.915,1.9075,1.893,1.882,1.87115,1.85835,1.848,1.838,1.83,1.823,1.8007,1.822,1.905,1.9985,2.0898,2.17725,2.25525,2.33515,2.4095,2.472,2.537,2.5891,2.7057,2.78345,2.78805,2.77835,2.7638,2.72725
2025-08-28,1.9256,1.9259,1.92375,1.92275,1.917,1.90865,1.89505,1.88478,1.8749,1.8625,1.85345,1.84525,1.8381,1.83185,1.81105,1.834,1.916,2.0069,2.093,2.174,2.252,2.3272,2.3989,2.46675,2.52375,2.5777,2.6915,2.77,2.77515,2.7669,2.7514,2.71875
2025-08-29,1.9257,1.926,1.924,1.9237,1.91876,1.91,1.897,1.887,1.876,1.8635,1.85405,1.84525,1.83815,1.83185,1.8099,1.83045,1.915,2.0103,2.0985,2.179,2.25985,2.3375,2.4122,2.47845,2.5375,2.5923,2.71045,2.793,2.8065,2.8018,2.7904,2.7594
2025-09-01,1.9255,1.9259,1.92505,1.9245,1.91996,1.91105,1.90075,1.89125,1.8794,1.87025,1.861,1.85295,1.8462,1.841,1.82195,1.8443,1.93075,2.0265,2.1175,2.20085,2.2816,2.3595,2.4329,2.50175,2.561,2.61505,2.73475,2.82025,2.83175,2.8282,2.81575,2.78725
2025-09-02,1.9255,1.92575,1.924,1.925,1.92126,1.91325,1.90175,1.89225,1.88175,1.87375,1.86475,1.85825,1.85285,1.84875,1.8375,1.863,1.95435,2.05445,2.14785,2.23545,2.31875,2.3994,2.474,2.54075,2.60355,2.6583,2.78025,2.86775,2.88125,2.87895,2.8691,2.838
2025-09-03,1.925,1.925,1.92435,1.9253,1.92001,1.91175,1.89925,1.889,1.87795,1.86815,1.859,1.85115,1.84525,1.84,1.82475,1.84615,1.933,2.028,2.116,2.202,2.282,2.361,2.4344,2.50125,2.56225,2.61875,2.7357,2.824,2.838,2.834,2.8205,2.792
2025-09-04,1.9249,1.9252,1.92575,1.9256,1.921,1.91225,1.9012,1.89175,1.88175,1.87175,1.86375,1.85675,1.85025,1.84575,1.83125,1.854,1.93475,2.02535,2.1118,2.19515,2.2741,2.35175,2.4239,2.487,2.54825,2.6011,2.722,2.806,2.8218,2.8179,2.8072,2.77755
2025-09-05,1.92495,1.92525,1.92515,1.92475,1.919,1.90875,1.89625,1.88535,1.87375,1.8615,1.85275,1.84425,1.837,1.8314,1.8117,1.83,1.905,1.992,2.0767,2.15805,2.239,2.3151,2.386,2.451,2.51325,2.5664,2.68825,2.7765,2.79625,2.7967,2.791,2.7648
2025-09-08,1.925,1.9245,1.92575,1.92435,1.921,1.90655,1.89465,1.8833,1.87135,1.8599,1.8507,1.84255,1.83565,1.82996,1.8101,1.826,1.8973,1.98275,2.0662,2.1445,2.2186,2.29431,2.3635,2.4245,2.4871,2.54005,2.6591,2.74395,2.7592,2.75695,2.74325,2.71455
2025-09-09,1.925,1.9241,1.925,1.9246,1.922,1.91045,1.89975,1.889,1.8775,1.86785,1.859,1.85155,1.84485,1.84036,1.82105,1.83855,1.9075,1.992,2.0747,2.1534,2.2277,2.3014,2.3716,2.434,2.4946,2.549,2.6687,2.756,2.7701,2.77,2.75915,2.732
2025-09-10,1.92405,1.924,1.925,1.9245,1.922,1.91225,1.90265,1.89375,1.88345,1.87325,1.86525,1.8584,1.8525,1.84625,1.82925,1.8457,1.9113,1.9928,2.0706,2.1483,2.2207,2.294,2.3633,2.419,2.487,2.53625,2.6598,2.7423,2.759,2.75855,2.7549,2.7198
2025-09-11,1.9236,1.9234,1.92425,1.925,1.924,1.91725,1.90975,1.90375,1.89625,1.889,1.88275,1.87665,1.87255,1.87155,1.85875,1.88445,1.946,2.02075,2.0933,2.162,2.2294,2.296,2.3594,2.41875,2.472,2.524,2.6362,2.722,2.7339,2.733,2.7209,2.68805
2025-09-12,1.924,1.924,1.9249,1.92425,1.92367,1.91745,1.91235,1.909,1.901,1.8944,1.88955,1.8858,1.882,1.88,1.8766,1.90145,1.9825,2.06425,2.1423,2.218,2.2888,2.358,2.4238,2.47925,2.5394,2.589,2.701,2.78195,2.791,2.7885,2.77125,2.738
2025-09-15,1.925,1.925,1.926,1.926,1.92555,1.91925,1.91525,1.9115,1.90475,1.8979,1.89275,1.88865,1.8848,1.882,1.87775,1.905,1.981,2.061,2.138,2.21,2.27905,2.3469,2.41165,2.4689,2.52225,2.56825,2.6795,2.75375,2.76175,2.75565,2.7388,2.7052
2025-09-16,1.9248,1.925,1.92525,1.92525,1.926,1.9185,1.9135,1.909,1.9006,1.89425,1.889,1.88325,1.87975,1.8765,1.86925,1.8955,1.96925,2.04875,2.1255,2.202,2.2718,2.3414,2.409,2.4731,2.52475,2.57475,2.6836,2.76425,2.7727,2.7669,2.7514,2.716
2025-09-17,1.925,1.925,1.926,1.926,1.927,1.9195,1.91475,1.911,1.90325,1.89725,1.89195,1.887,1.8826,1.88,1.87275,1.9011,1.975,2.05475,2.1284,2.2001,2.2665,2.3327,2.39545,2.4525,2.5054,2.5525,2.6587,2.73075,2.7363,2.7293,2.70925,2.66925
2025-09-18,1.926,1.92595,1.9268,1.927,1.92726,1.92,1.91475,1.91075,1.90325,1.89725,1.89225,1.88775,1.8833,1.8811,1.8751,1.904,1.9842,2.0705,2.1501,2.2248,2.2969,2.3671,2.4334,2.494,2.5491,2.5983,2.713,2.78575,2.796,2.79225,2.77725,2.7422
2025-09-19,1.927,1.92695,1.9277,1.928,1.929,1.92175,1.91745,1.91425,1.90625,1.901,1.89675,1.8925,1.8885,1.8862,1.88225,1.91275,1.99725,2.08375,2.16655,2.246,2.317,2.3872,2.4545,2.513,2.57175,2.62175,2.73575,2.8128,2.8217,2.8164,2.8005,2.754
2025-09-22,1.9259,1.927,1.9278,1.92825,1.92816,1.92125,1.9172,1.913,1.90545,1.89885,1.89425,1.8888,1.88425,1.88125,1.8768,1.90645,1.98925,2.077,2.16035,2.23795,2.3136,2.38565,2.4548,2.519,2.572,2.622,2.73505,2.819,2.83225,2.8302,2.8151,2.77835
2025-09-23,1.926,1.927,1.928,1.92845,1.92816,1.9233,1.92025,1.9177,1.91,1.9044,1.9,1.895,1.892,1.88965,1.8853,1.919,2.004,2.09275,2.1775,2.25605,2.3308,2.4017,2.4693,2.529,2.5793,2.631,2.7436,2.827,2.8385,2.8368,2.81615,2.7835
2025-09-24,1.9268,1.92785,1.929,1.929,1.92875,1.92425,1.92105,1.91795,1.9103,1.905,1.90005,1.896,1.8922,1.889,1.88725,1.91975,2.0063,2.09575,2.18,2.2593,2.334,2.405,2.4731,2.53425,2.58925,2.64075,2.7536,2.83225,2.8403,2.83325,2.81075,2.7646
2025-09-25,1.927,1.928,1.92915,1.93,1.92975,1.9256,1.9226,1.91975,1.91375,1.90875,1.90475,1.90125,1.89875,1.89775,1.90035,1.93875,2.03175,2.12525,2.213,2.291,2.3621,2.432,2.497,2.559,2.60945,2.65875,2.766,2.83825,2.83925,2.8269,2.79825,2.749
2025-09-26,1.927,1.928,1.929,1.92825,1.92725,1.9233,1.92055,1.9168,1.91125,1.907,1.903,1.899,1.897,1.8949,1.8965,1.931,2.0177,2.11,2.1933,2.2719,2.3449,2.412,2.478,2.53615,2.5923,2.64175,2.7525,2.83075,2.83935,2.83085,2.81075,2.76385
2025-09-29,1.927,1.928,1.928,1.9282,1.927,1.92295,1.9201,1.91675,1.91025,1.906,1.9021,1.89845,1.89575,1.89425,1.89295,1.925,2.0095,2.092,2.167,2.243,2.31,2.375,2.4358,2.496,2.54675,2.5988,2.7081,2.78,2.787,2.777,2.7588,2.7156
2025-09-30,1.927,1.928,1.9282,1.929,1.9278,1.92455,1.922,1.918,1.91175,1.9072,1.903,1.899,1.8962,1.895,1.89225,1.923,2.00625,2.088,2.1641,2.239,2.308,2.373,2.437,2.4967,2.54925,2.59875,2.70825,2.78325,2.79075,2.78325,2.76375,2.72475
2025-10-01,1.927,1.928,1.928,1.929,1.9271,1.92475,1.9221,1.9172,1.9118,1.90675,1.90225,1.8987,1.89475,1.89275,1.88925,1.91675,1.99825,2.0857,2.1637,2.2398,2.31,2.37575,2.442,2.50115,2.5576,2.6066,2.7184,2.8018,2.8143,2.8109,2.80175,2.768
2025-10-02,1.928,1.9288,1.929,1.929,1.928,1.9251,1.9223,1.9173,1.9109,1.90495,1.89975,1.895,1.891,1.88855,1.88215,1.90805,1.9869,2.073,2.1484,2.22215,2.2924,2.3589,2.4233,2.48475,2.53785,2.5879,2.70125,2.7833,2.79725,2.79525,2.7833,2.7472
2025-10-03,1.928,1.9285,1.9288,1.929,1.9281,1.9262,1.9238,1.91945,1.9134,1.90805,1.90375,1.8993,1.8967,1.895,1.89105,1.91875,1.99995,2.0839,2.1621,2.2353,2.30565,2.372,2.4355,2.496,2.54925,2.6007,2.7135,2.79525,2.80825,2.80575,2.79375,2.76025
2025-10-06,1.927,1.928,1.9273,1.9271,1.926,1.92345,1.92005,1.91465,1.90755,1.9015,1.89635,1.8917,1.8883,1.887,1.8836,1.9125,1.9969,2.0866,2.17,2.2486,2.32075,2.3929,2.4598,2.521,2.57825,2.6283,2.742,2.82475,2.83625,2.833,2.8198,2.782
2025-10-07,1.927,1.9275,1.927,1.928,1.925,1.92275,1.91925,1.9133,1.9065,1.901,1.896,1.89125,1.887,1.885,1.8829,1.91045,1.992,2.08115,2.1631,2.2402,2.3157,2.3863,2.45285,2.5113,2.56815,2.61795,2.7327,2.8124,2.8246,2.82075,2.81425,2.7697
2025-10-08,1.927,1.9277,1.927,1.928,1.92375,1.9212,1.91675,1.90875,1.90165,1.8949,1.88855,1.8829,1.87865,1.87575,1.86725,1.892,1.967,2.05105,2.13055,2.2064,2.2792,2.348,2.4123,2.475,2.5291,2.5798,2.69165,2.7723,2.7836,2.7774,2.7578,2.715
2025-10-09,1.9275,1.92795,1.927,1.927,1.924,1.92005,1.9159,1.9089,1.9017,1.8957,1.8894,1.8843,1.8804,1.87801,1.87125,1.899,1.9806,2.071,2.1544,2.23275,2.3049,2.373,2.4378,2.499,2.5538,2.603,2.7138,2.7924,2.8024,2.7951,2.7683,2.7233
2025-10-10,1.928,1.92825,1.927,1.927,1.92181,1.91615,1.91095,1.90335,1.89385,1.88645,1.87875,1.87265,1.86675,1.863,1.85015,1.86535,1.94475,2.02795,2.10755,2.18485,2.2573,2.327,2.39295,2.449,2.51525,2.55795,2.66495,2.7465,2.755,2.748,2.73,2.6795
2025-10-13,1.9278,1.92825,1.9265,1.927,1.91925,1.91355,1.90825,1.89815,1.888,1.87975,1.87095,1.86275,1.85725,1.85205,1.83325,1.852,1.923,2.008,2.089,2.16725,2.2412,2.3125,2.38,2.442,2.4992,2.551,2.66465,2.7432,2.7519,2.7438,2.7209,2.6737
2025-10-14,1.927,1.928,1.926,1.92515,1.918,1.91105,1.90525,1.895,1.88425,1.8759,1.86775,1.8588,1.8523,1.847,1.825,1.841,1.907,1.98725,2.066,2.1422,2.2157,2.2853,2.3485,2.409,2.47025,2.51665,2.6355,2.70925,2.7182,2.7111,2.6875,2.6415
2025-10-15,1.9277,1.928,1.926,1.926,1.9197,1.91525,1.91075,1.9016,1.89075,1.88265,1.873,1.86475,1.85805,1.8526,1.8283,1.836,1.89425,1.97005,2.0475,2.12395,2.1939,2.2649,2.3311,2.39215,2.45055,2.50265,2.6183,2.6994,2.7096,2.7029,2.6787,2.6317
2025-10-16,1.928,1.9277,1.926,1.927,1.91699,1.913,1.9054,1.896,1.88355,1.87065,1.85935,1.8482,1.842,1.8345,1.80355,1.80905,1.86195,1.93465,2.0064,2.08285,2.16046,2.23,2.298,2.3635,2.42225,2.4752,2.58445,2.6818,2.6947,2.6911,2.663,2.6149
2025-10-17,1.928,1.927,1.925,1.925,1.91651,1.91025,1.90485,1.892,1.8812,1.8702,1.8601,1.8512,1.844,1.838,1.81245,1.82395,1.88425,1.9626,2.0428,2.1211,2.195,2.2662,2.3335,2.39695,2.4543,2.5074,2.6281,2.71205,2.7235,2.71805,2.6909,2.642
2025-10-20,1.928,1.927,1.925,1.926,1.916,1.9097,1.904,1.891,1.8798,1.8695,1.86,1.8504,1.84375,1.8377,1.81235,1.825,1.88925,1.9665,2.04525,2.121,2.192,2.2642,2.329,2.391,2.44905,2.50015,2.61715,2.6993,2.7093,2.7024,2.67545,2.62495
2025-10-21,1.928,1.926,1.925,1.9259,1.915,1.90795,1.9022,1.8895,1.8783,1.86915,1.8591,1.85,1.8433,1.83725,1.813,1.821,1.8796,1.9566,2.03185,2.1058,2.177,2.24595,2.3106,2.37,2.425,2.476,2.59185,2.673,2.68325,2.676,2.64845,2.5995
2025-10-22,1.928,1.926,1.926,1.926,1.91486,1.90845,1.90295,1.889,1.88015,1.869,1.8615,1.8529,1.84585,1.839,1.813,1.825,1.88285,1.964,2.0405,2.1103,2.1863,2.258,2.3245,2.37655,2.4435,2.4961,2.6133,2.6904,2.7031,2.703,2.6723,2.6235
2025-10-23,1.924,1.926,1.927,1.925,1.91865,1.91255,1.90705,1.896,1.88695,1.8776,1.86945,1.862,1.85565,1.85025,1.829,1.843,1.905,1.9843,2.061,2.13475,2.2065,2.2776,2.344,2.405,2.4611,2.513,2.62975,2.714,2.729,2.7217,2.6985,2.653
2025-10-24,1.9245,1.926,1.927,1.927,1.925,1.92175,1.9179,1.9098,1.9031,1.896,1.889,1.8836,1.87875,1.875,1.86075,1.877,1.944,2.023,2.09785,2.172,2.2414,2.3084,2.374,2.4343,2.4906,2.5404,2.6573,2.7406,2.7546,2.7477,2.7255,2.67775
2025-10-27,1.9245,1.92685,1.92745,1.92755,1.926,1.92305,1.919,1.911,1.9041,1.89725,1.8907,1.8845,1.87985,1.87575,1.86055,1.879,1.94355,2.02005,2.094,2.163,2.23,2.296,2.36,2.4167,2.47295,2.52255,2.63745,2.72,2.73105,2.7222,2.70035,2.6554
2025-10-28,1.92455,1.9266,1.92735,1.927,1.924,1.92125,1.91675,1.9085,1.90295,1.89625,1.88945,1.88345,1.87915,1.87545,1.86155,1.88225,1.95005,2.025,2.0963,2.16725,2.2347,2.3015,2.36535,2.424,2.48,2.5309,2.6448,2.727,2.735,2.727,2.70765,2.6602
2025-10-29,1.92565,1.9274,1.9286,1.92785,1.9242,1.9212,1.91675,1.909,1.9022,1.8962,1.8892,1.8839,1.87935,1.876,1.863,1.88215,1.95025,2.031,2.109,2.177,2.246,2.311,2.3742,2.432,2.4865,2.5372,2.651,2.73135,2.74075,2.733,2.7128,2.6671
2025-10-30,1.929,1.9293,1.93,1.9296,1.92815,1.92495,1.9195,1.91275,1.907,1.901,1.8941,1.8893,1.88515,1.882,1.87175,1.893,1.96699,2.0463,2.12465,2.1953,2.264,2.33,2.3937,2.45165,2.5051,2.554,2.668,2.7461,2.7541,2.74645,2.7241,2.67985
2025-10-31,1.929,1.9295,1.9296,1.9286,1.9275,1.92455,1.9187,1.91155,1.90495,1.89755,1.891,1.88545,1.881,1.877,1.86365,1.88375,1.953,2.0315,2.1062,2.1813,2.253,2.3228,2.3887,2.447,2.5067,2.5573,2.67285,2.7625,2.777,2.774,2.7572,2.7164
2025-11-03,1.929,1.9295,1.92985,1.9287,1.927,1.92465,1.9202,1.9141,1.90955,1.9039,1.898,1.8946,1.89155,1.88725,1.88195,1.907,1.98,2.06085,2.1403,2.2142,2.2841,2.3523,2.4167,2.476,2.53385,2.583,2.69935,2.788,2.803,2.8078,2.78245,2.74
2025-11-04,1.9295,1.93,1.9299,1.929,1.9263,1.9233,1.9178,1.911,1.9047,1.89855,1.8925,1.88765,1.8839,1.88065,1.87135,1.896,1.96945,2.05075,2.1283,2.202,2.27265,2.34,2.4052,2.464,2.52235,2.573,2.694,2.783,2.8019,2.8,2.78355,2.742
2025-11-05,1.93,1.92975,1.93005,1.92945,1.92855,1.92535,1.92065,1.91435,1.90885,1.903,1.89785,1.8933,1.88965,1.88655,1.8809,1.906,1.98025,2.0659,2.14725,2.224,2.2934,2.3618,2.4261,2.4885,2.5447,2.5957,2.7138,2.8057,2.8225,2.8196,2.801,2.757
2025-11-06,1.929,1.93,1.9302,1.92805,1.927,1.9235,1.9176,1.9115,1.90665,1.9,1.894,1.88965,1.8857,1.8845,1.875,1.898,1.969,2.05825,2.136,2.2114,2.2828,2.348,2.4128,2.476,2.53275,2.5835,2.70525,2.7925,2.81,2.8085,2.791,2.749
2025-11-07,1.93,1.9302,1.93,1.92855,1.928,1.9243,1.9178,1.91115,1.9055,1.898,1.89285,1.88805,1.88375,1.88047,1.8716,1.895,1.967,2.058,2.1414,2.2169,2.2919,2.361,2.4298,2.492,2.54985,2.6015,2.7227,2.818,2.84,2.841,2.8278,2.787
2025-11-10,1.93,1.93075,1.9313,1.9298,1.929,1.9271,1.9205,1.9145,1.9102,1.9037,1.8983,1.8923,1.889,1.887,1.88,1.905,1.978,2.061,2.143,2.217,2.288,2.3572,2.4232,2.484,2.54,2.5907,2.711,2.804,2.826,2.825,2.8124,2.7735
2025-11-11,1.93,1.931,1.93075,1.93005,1.9302,1.92815,1.9226,1.91675,1.9113,1.90485,1.8991,1.89425,1.8909,1.88785,1.87995,1.9045,1.97415,2.055,2.134,2.21,2.281,2.35,2.416,2.477,2.53365,2.5858,2.70525,2.805,2.8294,2.8334,2.823,2.7829
2025-11-12,1.931,1.9317,1.932,1.93,1.93,1.9282,1.92325,1.91845,1.9135,1.907,1.90115,1.89755,1.89425,1.89135,1.88405,1.907,1.973,2.057,2.1366,2.2102,2.28,2.3474,2.413,2.473,2.5289,2.579,2.7,2.7957,2.82,2.822,2.8132,2.7735
2025-11-13,1.931,1.93,1.932,1.9307,1.931,1.9302,1.92625,1.92225,1.9193,1.914,1.9101,1.9077,1.90515,1.904,1.90325,1.9295,2.006,2.0894,2.17105,2.2454,2.3164,2.385,2.452,2.515,2.5689,2.6212,2.7423,2.8401,2.8658,2.8698,2.863,2.826
2025-11-14,1.932,1.931,1.933,1.932,1.932,1.9315,1.9271,1.92325,1.92125,1.916,1.912,1.9095,1.9073,1.90665,1.90995,1.942,2.025,2.113,2.197,2.275,2.34905,2.42,2.488,2.547,2.6072,2.6586,2.7788,2.874,2.898,2.9,2.8903,2.8552
2025-11-17,1.932,1.9312,1.9328,1.93225,1.932,1.9322,1.92875,1.92585,1.92315,1.9186,1.915,1.913,1.912,1.911,1.9162,1.947,2.0281,2.117,2.2,2.277,2.3479,2.42,2.488,2.547,2.6055,2.656,2.77535,2.87,2.893,2.894,2.8852,2.8483
2025-11-18,1.932,1.9314,1.93295,1.931,1.93,1.9293,1.92525,1.9216,1.91775,1.91375,1.909,1.906,1.903,1.903,1.90215,1.932,2.013,2.10925,2.1942,2.2742,2.3479,2.4197,2.4889,2.549,2.60665,2.6603,2.7837,2.881,2.906,2.909,2.9031,2.8662
2025-11-19,1.932,1.931,1.93295,1.9302,1.929,1.92775,1.92275,1.919,1.9147,1.90945,1.905,1.9018,1.89865,1.897,1.89695,1.9294,2.014,2.105,2.1906,2.2712,2.3474,2.421,2.49,2.5554,2.6126,2.665,2.7915,2.89,2.916,2.92,2.9124,2.8719
2025-11-20,1.928,1.931,1.932,1.93015,1.93005,1.92965,1.924,1.91975,1.91535,1.90915,1.90495,1.90125,1.89725,1.89665,1.894,1.9244,2.005,2.0986,2.1836,2.264,2.34,2.414,2.483,2.554,2.60985,2.661,2.794,2.895,2.923,2.928,2.9205,2.882
2025-11-21,1.928,1.931,1.931,1.92905,1.92795,1.92675,1.92105,1.91695,1.91195,1.90585,1.90065,1.897,1.8937,1.8916,1.8875,1.912,1.997,2.088,2.172,2.2515,2.329,2.4016,2.471,2.531,2.5934,2.648,2.773,2.881,2.91,2.912,2.90235,2.858
2025-11-24,1.928,1.931,1.9308,1.92915,1.9283,1.927,1.92045,1.9158,1.911,1.905,1.9003,1.8961,1.89305,1.89072,1.8855,1.911,1.99105,2.082,2.166,2.2462,2.3193,2.3935,2.461,2.526,2.58385,2.6349,2.7629,2.866,2.893,2.897,2.884,2.8464
2025-11-25,1.92775,1.92925,1.92945,1.9284,1.928,1.9261,1.919,1.91375,1.9082,1.90235,1.8972,1.89295,1.88955,1.88725,1.8829,1.908,1.983,2.069,2.153,2.2293,2.303,2.3752,2.443,2.507,2.56405,2.6181,2.74415,2.848,2.8784,2.8804,2.8682,2.8255
2025-11-26,1.926,1.92875,1.929,1.92885,1.92755,1.9258,1.9197,1.9157,1.91025,1.9039,1.899,1.8955,1.892,1.89,1.8852,1.91,1.983,2.0679,2.1481,2.226,2.3005,2.3726,2.4398,2.503,2.5627,2.616,2.7441,2.85,2.8823,2.886,2.87345,2.8323
2025-11-27,1.93,1.9306,1.92875,1.92795,1.92705,1.92485,1.9194,1.91555,1.911,1.9056,1.9016,1.8981,1.8955,1.8939,1.8918,1.918,1.994,2.081,2.162,2.2363,2.309,2.381,2.4477,2.509,2.5661,2.623,2.7511,2.8576,2.89,2.895,2.87955,2.8372
2025-11-28,1.93,1.931,1.9291,1.92885,1.927,1.92565,1.9204,1.91675,1.91255,1.90775,1.904,1.90195,1.89945,1.89855,1.89815,1.924,2.002,2.089,2.169,2.247,2.323,2.396,2.463,2.5277,2.58665,2.64265,2.77125,2.877,2.91,2.9139,2.9001,2.8579
2025-12-01,1.93035,1.931,1.9294,1.9294,1.9296,1.9279,1.9255,1.923,1.91975,1.91535,1.913,1.9114,1.91005,1.90975,1.9152,1.949,2.03195,2.1275,2.2116,2.2928,2.368,2.442,2.5107,2.574,2.63245,2.687,2.8151,2.922,2.956,2.96,2.9455,2.9023
2025-12-02,1.932,1.932,1.9299,1.931,1.93145,1.9295,1.9269,1.92395,1.9196,1.915,1.9119,1.90895,1.90705,1.9056,1.9085,1.939,2.026,2.119,2.208,2.2859,2.3611,2.4355,2.5034,2.569,2.62905,2.682,2.81,2.9165,2.949,2.9524,2.9356,2.891
2025-12-03,1.93,1.931,1.93055,1.9314,1.9319,1.9309,1.92775,1.925,1.92135,1.91695,1.913,1.90985,1.90735,1.906,1.90835,1.94,2.021,2.11325,2.19925,2.279,2.3548,2.429,2.499,2.5623,2.62035,2.6763,2.806,2.9168,2.9504,2.954,2.9323,2.889
2025-12-04,1.9305,1.931,1.93,1.931,1.9326,1.9305,1.928,1.9262,1.9221,1.9177,1.9149,1.9129,1.9109,1.91035,1.917,1.952,2.0405,2.134,2.222,2.3037,2.377,2.451,2.52,2.584,2.645,2.698,2.825,2.933,2.9652,2.9662,2.9495,2.903
2025-12-05,1.931,1.932,1.93,1.9314,1.9321,1.9312,1.9295,1.929,1.92625,1.9236,1.922,1.9211,1.9211,1.92327,1.938,1.981,2.081,2.179,2.268,2.3476,2.4185,2.4908,2.5586,2.6195,2.67785,2.7335,2.8615,2.9711,3.0027,3.0056,2.9909,2.94605
2025-12-08,1.931,1.93125,1.93035,1.9319,1.93355,1.9344,1.9351,1.9355,1.936,1.935,1.937,1.94135,1.94455,1.94945,1.98625,2.041,2.156,2.26135,2.3515,2.426,2.497,2.564,2.628,2.685,2.74225,2.791,2.9118,3.009,3.033,3.03,3.01165,2.959
2025-12-09,1.931,1.93075,1.9305,1.9324,1.9331,1.93325,1.93355,1.93305,1.93295,1.93365,1.9354,1.9393,1.9433,1.94774,1.98375,2.042,2.156,2.25625,2.3432,2.42225,2.4931,2.5634,2.6284,2.6865,2.7441,2.795,2.9177,3.016,3.041,3.04,3.0208,2.96815
2025-12-10,1.9308,1.9308,1.93095,1.93095,1.93225,1.9346,1.9351,1.9359,1.9369,1.93895,1.94185,1.94675,1.9519,1.95825,1.99925,2.0448,2.16945,2.2652,2.3459,2.4205,2.49045,2.5569,2.61845,2.6736,2.73275,2.78375,2.90515,3.00005,3.02265,3.018,2.99875,2.94475
2025-12-11,1.93095,1.931,1.93,1.93195,1.93345,1.93385,1.9349,1.935,1.935,1.93665,1.93845,1.94185,1.94605,1.95229,1.9856,2.045,2.155,2.248,2.329,2.4063,2.474,2.5429,2.607,2.668,2.7196,2.7708,2.8925,2.9907,3.016,3.0164,2.9974,2.9427
2025-12-12,1.931,1.932,1.932,1.934,1.9357,1.9368,1.9375,1.9384,1.9379,1.9389,1.9401,1.9431,1.947,1.9511,1.9846,2.04,2.15,2.2488,2.337,2.4168,2.4915,2.5623,2.6291,2.692,2.7446,2.7976,2.9227,3.0249,3.0531,3.0547,3.0345,2.98
2025-12-15,1.9312,1.932,1.93275,1.93455,1.93605,1.93675,1.93755,1.938,1.93745,1.9381,1.93945,1.94275,1.94595,1.94975,1.9819,2.037,2.152,2.253,2.343,2.4229,2.496,2.5676,2.6329,2.694,2.7498,2.802,2.925,3.032,3.0605,3.062,3.04005,2.986
2025-12-16,1.93125,1.931,1.93155,1.9331,1.93535,1.9354,1.93705,1.9362,1.93515,1.9343,1.93485,1.9375,1.93935,1.94285,1.97015,2.0241,2.134,2.236,2.328,2.409,2.4838,2.556,2.623,2.68625,2.7411,2.794,2.92305,3.0272,3.056,3.0588,3.0373,2.987
2025-12-17,1.932,1.931,1.9326,1.9345,1.9355,1.93645,1.93575,1.936,1.934,1.93365,1.93435,1.9363,1.939,1.94225,1.9721,2.025,2.14,2.2448,2.3366,2.419,2.495,2.568,2.6377,2.696,2.75635,2.8093,2.935,3.0415,3.07,3.072,3.0469,2.9929
2025-12-18,1.9333,1.93255,1.9349,1.93665,1.9375,1.9377,1.9381,1.9385,1.93825,1.93935,1.94075,1.943,1.94615,1.95075,1.97635,2.0268,2.1327,2.234,2.322,2.404,2.4814,2.555,2.6228,2.686,2.7431,2.796,2.924,3.034,3.0651,3.0677,3.0417,2.98605
2025-12-19,1.933,1.932,1.934,1.9359,1.9384,1.9386,1.9384,1.93955,1.93975,1.9413,1.9431,1.9461,1.9501,1.9542,1.9873,2.044,2.158,2.264,2.3567,2.4406,2.5191,2.594,2.663,2.7273,2.78495,2.8387,2.96755,3.0742,3.1012,3.1034,3.0783,3.02125
2025-12-22,1.933,1.932,1.9347,1.93675,1.939,1.938,1.9382,1.94,1.939,1.9388,1.941,1.943,1.9465,1.95155,1.9815,2.038,2.1529,2.25985,2.35335,2.4379,2.5177,2.5948,2.6647,2.726,2.78475,2.838,2.9669,3.0725,3.0972,3.0963,3.0706,3.011
2025-12-23,1.93,1.93215,1.934,1.937,1.939,1.9383,1.9372,1.9375,1.93555,1.93615,1.938,1.94,1.944,1.9491,1.9797,2.033,2.142,2.251,2.343,2.422,2.4973,2.57,2.635,2.696,2.75385,2.807,2.9357,3.039,3.063,3.062,3.0377,2.9802
2025-12-24,1.9315,1.932,1.93395,1.9371,,1.9376,1.9368,1.9361,1.9367,1.9367,1.9387,1.9414,1.9451,1.9494,1.9816,2.03235,2.13965,,,,,,,2.697,,,2.936,3.042,3.066,,,
2025-12-25,1.9307,1.932,,,,,,,,,,,,1.9483,,,,,,,,,,,,,2.936,,,,,
2025-12-29,1.93,1.932,1.93355,1.9341,1.93505,1.9319,1.9299,1.92875,1.9266,1.92635,1.92685,1.92815,1.93085,1.934,1.95895,2.009,2.114,2.219,2.31,2.395,2.468,2.54,2.6066,2.67,2.7269,2.7839,2.9146,3.023,3.052,3.051,3.02425,2.9674
2025-12-30,1.933,1.934,1.934,1.935,1.93505,1.9321,1.92955,1.92765,1.92625,1.92575,1.92635,1.92765,1.93065,1.934,1.96185,2.01355,2.127,2.2285,2.321,2.404,2.4816,2.555,2.624,2.6873,2.7447,2.7993,2.927,3.0329,3.0596,3.059,3.0337,2.9741
2025-12-31,1.9333,1.934,1.934,1.935,1.9345,1.9325,1.93,1.93045,1.92955,1.92955,1.93035,1.93195,1.93565,1.93719,1.96495,2.0166,2.1275,2.2271,2.3195,2.4026,2.4817,2.5538,2.6237,2.687,,2.799,2.9254,3.0287,3.0565,3.0565,3.0305,
2026-01-01,,1.934,,,,,,1.928,,,,,,1.9368,,,,,,,,,,2.687,,2.799,2.927,,,,,
2026-01-02,1.933,1.9337,1.93405,1.93595,1.93565,1.9351,1.93355,1.933,1.93205,1.93205,1.93305,1.93475,1.9384,1.94165,1.972,2.02885,2.141,2.24905,2.34605,2.4314,2.51195,2.5875,2.6587,2.7225,2.78195,2.838,2.9649,3.073,3.102,3.1,3.0745,3.0175
2026-01-05,1.93385,1.93475,1.93475,1.93615,1.93565,1.93525,1.93405,1.93385,1.933,1.93295,1.9336,1.9355,1.9381,1.94205,1.96975,2.02365,2.13105,2.2362,2.3293,2.412,2.4906,2.5631,2.6322,2.694,2.75615,2.809,2.938,3.0449,3.074,3.0736,3.04915,2.9907
2026-01-06,1.933,1.934,1.934,1.9347,1.93425,1.93365,1.93275,1.93025,1.92805,1.92675,1.92565,1.92565,1.92625,1.92898,1.94855,1.99615,2.10265,2.20895,2.3025,2.388,2.4669,2.5403,2.609,2.673,2.7303,2.78795,2.91785,3.02665,3.056,3.05625,3.02055,2.9624
2026-01-07,1.933,1.93365,1.934,1.9345,1.9337,1.9319,1.93105,1.927,1.924,1.922,1.92,1.91895,1.91905,1.92034,1.9342,1.981,2.08025,2.18095,2.26745,2.3501,2.4257,2.5003,2.5692,2.6323,2.6886,2.7453,2.8743,2.9819,3.011,3.009,2.9741,2.90805
2026-01-08,1.93305,1.934,1.934,1.93575,1.935,1.93525,1.9345,1.93175,1.929,1.9271,1.92625,1.9251,1.9258,1.927,1.94375,1.98975,2.092,2.195,2.286,2.3691,2.4465,2.521,2.589,2.652,2.71105,2.765,2.895,3.0036,3.032,3.03,2.9889,2.923
2026-01-09,1.933,1.934,1.934,1.935,1.9351,1.93615,1.93525,1.93445,1.93255,1.9321,1.933,1.93175,1.933,1.9381,1.95795,2.00715,2.118,2.21775,2.305,2.3871,2.4603,2.532,2.5977,2.652,2.71315,2.763,2.8911,2.9928,3.0175,3.01275,2.96535,2.8935
2026-01-12,1.933,1.9337,1.9345,1.93555,1.93565,1.9355,1.9355,1.9334,1.9319,1.9309,1.92955,1.9293,1.92985,1.9317,1.94755,1.99165,2.09,2.1858,2.272,2.351,2.4237,2.4961,2.5602,2.62,2.67795,2.7286,2.8556,2.956,2.979,2.969,2.91955,2.84405
2026-01-13,1.933,1.934,1.934,1.935,1.93515,1.93465,1.93465,1.9326,1.93095,1.93,1.92855,1.9277,1.92845,1.92995,1.94645,1.9908,2.088,2.18635,2.275,2.356,2.4306,2.5044,2.571,2.632,2.68855,2.744,2.87115,2.982,3.0077,3.0029,2.95325,2.8758
2026-01-14,1.933,1.934,1.93385,1.93465,1.934,1.93145,1.93065,1.92815,1.9256,1.9244,1.9229,1.9221,1.92225,1.92415,1.93725,1.98115,2.073,2.1696,2.254,2.3342,2.408,2.482,2.54555,2.609,2.66355,2.7187,2.84525,2.9494,2.9722,2.9634,2.90725,2.8236
2026-01-15,1.9332,1.932,1.93335,1.93415,1.934,1.93365,1.93345,1.93255,1.93205,1.93185,1.9315,1.93205,1.93315,1.9346,1.95385,2.00025,2.0943,2.186,2.2683,2.3445,2.41395,2.4847,2.548,2.607,2.6629,2.7138,2.8389,2.94,2.9585,2.945,2.8845,2.797
2026-01-16,1.933,1.93235,1.933,1.934,1.934,1.93375,1.93375,1.933,1.93275,1.9329,1.933,1.93415,1.93585,1.93895,1.9617,2.01,2.112,2.207,2.291,2.366,2.4354,2.504,2.567,2.627,2.6813,2.7315,2.85405,2.949,2.966,2.953,2.8915,2.79815
2026-01-19,1.932,1.9316,1.933,1.9346,1.9334,1.9326,1.93105,1.928,1.9254,1.9233,1.92205,1.92105,1.92115,1.92296,1.94005,1.9885,2.092,2.189,2.278,2.358,2.43495,2.506,2.573,2.6352,2.6911,2.7433,2.87,2.9742,2.995,2.9823,2.92025,2.8295
2026-01-20,1.932,1.93105,1.932,1.9331,1.931,1.92875,1.92655,1.9218,1.9179,1.91515,1.91275,1.9114,1.9109,1.9115,1.9281,1.97,2.08045,2.1836,2.2766,2.36,2.441,2.517,2.5857,2.649,2.7055,2.761,2.8874,2.997,3.0197,3.0119,2.95945,2.878
2026-01-21,1.932,1.9316,1.932,1.933,1.931,1.92995,1.92795,1.924,1.92225,1.92,1.918,1.91845,1.9184,1.92,1.9406,1.99865,2.098,2.206,2.2984,2.386,2.4641,2.543,2.611,2.6747,2.7322,2.78195,2.91115,3.029,3.054,3.049,2.99895,2.927
2026-01-22,1.929,1.932,1.932,1.93275,1.93305,1.93195,1.9313,1.92855,1.927,1.926,1.92565,1.92605,1.927,1.9325,1.9562,2.009,2.117,2.221,2.313,2.3939,2.46645,2.543,2.607,2.6687,2.7226,2.778,2.90435,3.012,3.0344,3.0286,2.97725,2.9045
2026-01-23,1.9295,1.932,1.932,1.933,1.9336,1.93315,1.93265,1.93185,1.9308,1.931,1.93085,1.93255,1.9355,1.93875,1.97,2.025,2.14,2.2427,2.3313,2.41245,2.488,2.5593,2.626,2.684,2.7431,2.795,2.921,3.0244,3.0452,3.0374,2.9891,2.913
2026-01-26,1.93,1.932,1.93245,1.93295,1.9324,1.93205,1.9307,1.92875,1.92725,1.92625,1.9255,1.92625,1.92725,1.93015,1.95395,2.00515,2.11175,2.21235,2.3029,2.38295,2.45765,2.5299,2.59625,2.656,2.7135,2.766,2.8921,2.995,3.018,3.0098,2.9621,2.8877
2026-01-27,1.931,1.93265,1.93235,1.93255,1.9315,1.9297,1.9275,1.9247,1.92125,1.919,1.91875,1.91765,1.91875,1.92134,1.94585,1.996,2.10355,2.209,2.30245,2.3857,2.4621,2.53655,2.6041,2.663,2.7232,2.78,2.9093,3.017,3.0417,3.035,2.98845,2.9152
2026-01-28,1.93105,1.93205,1.932,1.93265,1.93225,1.93115,1.92855,1.9241,1.922,1.919,1.916,1.91475,1.91425,1.915,1.931,1.97835,2.08295,2.184,2.2772,2.3631,2.441,2.518,2.5858,2.649,2.70855,2.7638,2.8972,3.006,3.033,3.0265,2.9792,2.906
2026-01-29,1.933,1.9329,1.932,1.93075,1.93005,1.928,1.9243,1.92,1.91645,1.91275,1.90905,1.907,1.9057,1.906,1.917,1.961,2.05405,2.15915,2.25375,2.3422,2.41795,2.499,2.568,2.63,2.68885,2.7495,2.883,2.994,3.022,3.017,2.9644,2.889
2026-01-30,1.933,1.932,1.9309,1.93005,1.92915,1.92705,1.9239,1.9204,1.9179,1.915,1.912,1.9105,1.9095,1.90919,1.923,1.965,2.0612,2.1635,2.2557,2.342,2.4199,2.4988,2.568,2.633,2.6921,2.749,2.88,2.9929,3.02,3.0148,2.96385,2.88735
2026-02-02,1.9333,1.932,1.93165,1.9316,1.93075,1.9293,1.92705,1.9256,1.92415,1.9228,1.92195,1.9217,1.9224,1.92405,1.942,1.9874,2.0867,2.1877,2.2772,2.3607,2.4394,2.513,2.5833,2.6451,2.7036,2.7611,2.8979,3.005,3.0315,3.024,2.9714,2.89575
2026-02-03,1.933,1.932,1.93165,1.93225,1.9322,1.93125,1.92945,1.9275,1.92665,1.92525,1.92415,1.9241,1.92485,1.92491,1.9458,1.99,2.092,2.2,2.29275,2.377,2.4586,2.5338,2.606,2.67,2.73155,2.7877,2.923,3.0363,3.0631,3.0553,3.00125,2.9233
2026-02-04,1.933,1.9325,1.933,1.933,1.933,1.9317,1.9284,1.9248,1.92195,1.91855,1.9161,1.91335,1.91245,1.913,1.92505,1.972,2.072,2.1754,2.2655,2.351,2.43285,2.508,2.5792,2.643,2.70785,2.763,2.8991,3.0136,3.044,3.038,2.9823,2.909
2026-02-05,1.933,1.933,1.93305,1.9334,1.9335,1.93265,1.92855,1.92485,1.92235,1.91905,1.91615,1.91445,1.91425,1.9141,1.93,1.97095,2.069,2.1669,2.25745,2.3415,2.4214,2.4962,2.5668,2.631,2.6928,2.753,2.88435,3.0038,3.033,3.0257,2.9695,2.8878
2026-02-06,1.933,1.933,1.933,1.93335,1.93305,1.9317,1.9282,1.925,1.92305,1.919,1.91735,1.9151,1.91405,1.9149,1.92595,1.967,2.063,2.1595,2.2506,2.337,2.4167,2.495,2.565,2.6313,2.6935,2.7483,2.884,3.001,3.0315,3.0277,2.9715,2.88765
2026-02-09,1.93315,1.934,1.93425,1.93465,1.9346,1.9335,1.92875,1.9245,1.9225,1.919,1.916,1.91435,1.91255,1.91035,1.9184,1.95015,2.042,2.14215,2.2358,2.3206,2.4035,2.479,2.552,2.6195,2.6843,2.741,2.8794,2.998,3.0315,3.0277,2.97185,2.8898
2026-02-10,1.93365,1.934,1.9343,1.9339,1.934,1.93215,1.92765,1.9254,1.9223,1.91895,1.91615,1.91395,1.91225,1.91155,1.9162,1.95,2.039,2.1324,2.22145,2.3051,2.3856,2.46205,2.5338,2.598,2.6602,2.7178,2.8558,2.974,3.0075,3.004,2.94855,2.8663
2026-02-11,1.93365,1.93385,1.93405,1.9336,1.93335,1.93175,1.92765,1.9255,1.9225,1.92,1.916,1.91405,1.913,1.9135,1.91675,1.952,2.04,2.13205,2.2176,2.299,2.37605,2.45105,2.521,2.585,2.64555,2.702,2.839,2.954,2.987,2.982,2.9272,2.85215
2026-02-12,1.93375,1.933,1.93485,1.93345,1.9332,1.9312,1.92705,1.92475,1.92225,1.91905,1.9161,1.91325,1.911,1.90844,1.91185,1.939,2.0199,2.1159,2.2045,2.284,2.3609,2.4347,2.504,2.5683,2.6263,2.6834,2.8204,2.9388,2.973,2.971,2.9147,2.8406
2026-02-13,1.934,1.933,1.93485,1.932,1.9306,1.92925,1.92395,1.92135,1.91845,1.9126,1.90935,1.9045,1.9011,1.901,1.89795,1.928,2.007,2.1,2.18375,2.2652,2.3407,2.416,2.484,2.545,2.6078,2.664,2.8006,2.919,2.9538,2.9509,2.89735,2.817
2026-02-16,1.9339,1.93305,1.935,1.9325,1.931,1.929,1.9239,1.9205,1.91775,1.91275,1.9088,1.90495,1.9019,1.89935,1.89565,1.923,2.001,2.092,2.17605,2.258,2.3361,2.4104,2.4785,2.542,2.60345,2.659,2.794,2.9093,2.942,2.937,2.8838,2.803
2026-02-17,1.93305,1.933,1.93455,1.9325,1.93055,1.92955,1.92525,1.92185,1.91905,1.91485,1.91115,1.90725,1.90395,1.90105,1.89655,1.92455,1.99905,2.0862,2.171,2.251,2.328,2.40095,2.469,2.5319,2.5919,2.64805,2.78195,2.8936,2.9233,2.9195,2.86345,2.78075
2026-02-18,1.9333,1.93305,1.93445,1.9326,1.9315,1.92995,1.92625,1.9235,1.92055,1.91605,1.91185,1.90845,1.90545,1.90305,1.9,1.92765,2.005,2.091,2.172,2.25105,2.32795,2.401,2.46905,2.5328,2.59235,2.6469,2.782,2.894,2.9252,2.9214,2.86825,2.787
2026-02-19,1.931,1.933,1.93405,1.93305,1.9314,1.93015,1.92705,1.9244,1.922,1.91805,1.91485,1.91145,1.90825,1.907,1.90545,1.933,2.01025,2.09905,2.179,2.2577,2.333,2.405,2.4724,2.535,2.5946,2.6499,2.7839,2.8975,2.9292,2.9243,2.87295,2.7896
2026-02-20,1.931,1.933,1.934,1.93255,1.9315,1.93,1.927,1.92445,1.9219,1.917,1.914,1.9111,1.909,1.90789,1.9075,1.937,2.015,2.099,2.179,2.2567,2.32945,2.4017,2.4685,2.53,2.59005,2.6469,2.7812,2.8965,2.9272,2.92425,2.8733,2.7898
2026-02-23,1.93105,1.933,1.93405,1.93205,1.93165,1.92955,1.92625,1.92485,1.92245,1.91895,1.91595,1.9111,1.9086,1.90715,1.90125,1.9253,1.991,2.0721,2.1509,2.22795,2.3024,2.3759,2.44305,2.5062,2.5655,2.6203,2.7563,2.8738,2.9065,2.9056,2.86045,2.7797
2026-02-24,1.9314,1.933,1.93405,1.932,1.9314,1.93105,1.9291,1.92765,1.92565,1.92315,1.92055,1.91825,1.9155,1.91505,1.91075,1.932,1.99515,2.0749,2.1537,2.2312,2.3066,2.37805,2.44395,2.5065,2.5654,2.621,2.75435,2.874,2.907,2.9055,2.85705,2.77945
2026-02-25,1.93005,1.933,1.93305,1.932,1.9318,1.9295,1.92815,1.9262,1.924,1.92125,1.9183,1.91575,1.9134,1.912,1.9089,1.931,1.996,2.07105,2.148,2.2246,2.29955,2.371,2.43805,2.499,2.5601,2.613,2.7499,2.867,2.9,2.899,2.8498,2.77375
2026-02-26,1.93395,1.934,1.93325,1.9319,1.931,1.92875,1.9265,1.9254,1.92275,1.91985,1.91695,1.9139,1.91195,1.91075,1.90675,1.928,1.9905,2.06705,2.145,2.22,2.2925,2.3627,2.428,2.49,2.5481,2.6025,2.7358,2.853,2.885,2.883,2.83075,2.74875
2026-02-27,1.934,1.93455,1.9316,1.93025,1.92945,1.92585,1.92245,1.91965,1.91525,1.91145,1.90665,1.901,1.89755,1.89375,1.8797,1.8913,1.94505,2.021,2.096,2.1724,2.2469,2.3191,2.387,2.451,2.509,2.565,2.6991,2.8166,2.85,2.847,2.7983,2.7146
2026-03-02,1.934,1.9346,1.9357,1.93785,1.9383,1.93985,1.93955,1.9385,1.93765,1.939,1.939,1.94195,1.943,1.9409,1.95375,1.983,2.048,2.10755,2.17745,2.254,2.3156,2.391,2.454,2.50725,2.5699,2.623,2.74655,2.86,2.8848,2.8769,2.8166,2.726
2026-03-03,1.93535,1.93595,1.93805,1.9393,1.9462,1.9533,1.9605,1.9649,1.9704,1.97605,1.9825,1.9882,1.9934,1.9964,2.0189,2.047,2.107,2.17805,2.24395,2.31705,2.3771,2.446,2.5065,2.5657,2.61725,2.6696,2.7908,2.8896,2.9066,2.8917,2.82015,2.72335
2026-03-04,1.936,1.936,1.9393,1.942,1.95,1.95505,1.96125,1.96595,1.971,1.974,1.97615,1.9805,1.98395,1.98659,1.99835,2.028,2.096,2.15445,2.2317,2.301,2.37345,2.4369,2.50125,2.562,2.6227,2.6706,2.7967,2.901,2.923,2.915,2.8545,2.7625
2026-03-05,1.93595,1.936,1.94285,1.9526,1.9644,1.9773,1.98925,1.99875,2.01175,2.0239,2.03435,2.0442,2.0523,2.04475,2.0985,2.117,2.20865,2.29065,2.35975,2.4198,2.48485,2.5406,2.5936,2.6485,2.7014,2.746,2.8589,2.938,2.942,2.916,2.8392,2.74335
2026-03-06,1.93635,1.936,1.9441,1.952,1.964,1.99655,2.017,2.0367,2.058,2.07405,2.09035,2.11325,2.12305,2.1309,2.191,2.221,2.289,2.3386,2.4101,2.454,2.523,2.57055,2.626,2.677,2.7368,2.77,2.8767,2.9391,2.9284,2.8929,2.8122,2.68545
2026-03-09,1.93655,1.9365,1.94915,1.9524,1.96705,1.998,2.02215,2.0465,2.07145,2.09195,2.11215,2.12885,2.14585,2.1814,2.21655,2.2723,2.3243,2.37715,2.4221,2.48295,2.5264,2.597,2.6516,2.6909,2.74465,2.7879,2.904,2.965,2.956,2.9254,2.8379,2.71765
2026-03-10,1.935,1.9369,1.938,1.9414,1.9481,1.9628,1.9759,1.99855,2.009,2.02595,2.03975,2.033,2.042,2.06795,2.087,2.165,2.24,2.27335,2.349,2.4016,2.477,2.5302,2.58985,2.68,2.70985,2.78,2.8805,2.97895,2.98065,2.941,2.87105,2.76515
2026-03-11,1.93505,1.9364,1.9429,1.9538,1.975,2.0084,2.0403,2.0723,2.1002,2.12475,2.1493,2.1725,2.1932,2.20395,2.261,2.297,2.35035,2.411,2.4715,2.529,2.5865,2.647,2.7,2.753,2.7996,2.842,2.9535,3.0178,3.0062,2.9737,2.885,2.772
2026-03-12,1.9372,1.93815,1.94285,1.95995,1.9809,2.0195,2.05425,2.0865,2.121,2.15125,2.17825,2.2026,2.222,2.2505,2.3045,2.3627,2.4102,2.4515,2.4997,2.5535,2.613,2.6683,2.7218,2.7717,2.8301,2.8647,2.9692,3.0306,3.0209,2.9874,2.90075,2.78455
2026-03-13,1.933,1.939,1.94395,1.95965,1.9773,2.0177,2.052,2.083,2.124,2.15385,2.18,2.207,2.23135,2.26305,2.3267,2.374,2.426,2.46825,2.524,2.5803,2.6371,2.698,2.7544,2.804,2.8551,2.9,3.00495,3.064,3.052,3.016,2.9185,2.7981
2026-03-16,1.9329,1.93675,1.94,1.9542,1.974,2.00985,2.04145,2.06865,2.1015,2.1278,2.1509,2.17335,2.19295,2.1985,2.27055,2.29185,2.339,2.404,2.458,2.5148,2.5768,2.6374,2.694,2.7479,2.79555,2.844,2.9543,3.0256,3.0179,2.9863,2.89005,2.7708
2026-03-17,1.93305,1.936,1.93805,1.953,1.974,2.01,2.04065,2.07315,2.10135,2.1275,2.15055,2.16495,2.1835,2.205,2.25815,2.294,2.339,2.384,2.4313,2.48595,2.5433,2.6046,2.66005,2.714,2.76015,2.8094,2.925,2.999,2.9962,2.969,2.8762,2.76025
2026-03-18,1.934,1.9365,1.938,1.9595,1.9903,2.02645,2.06305,2.09295,2.12865,2.15925,2.1869,2.2172,2.2415,2.2532,2.3302,2.356,2.397,2.44245,2.4868,2.5369,2.595,2.6477,2.7,2.771,2.7979,2.8429,2.93955,3.009,2.998,2.963,2.85485,2.726
2026-03-19,1.937,1.93805,1.93915,1.988,2.0337,2.09935,2.16165,2.2117,2.26525,2.31345,2.35195,2.379,2.4072,2.3504,2.5055,2.507,2.45045,2.54725,2.57615,2.5872,2.6448,2.6809,2.7267,2.7726,2.81525,2.8528,2.9484,3.0,2.9805,2.939,2.8308,2.7038
2026-03-20,1.94175,1.94275,1.944,2.00665,2.07285,2.145,2.21605,2.27315,2.32655,2.36845,2.407,2.4442,2.4755,2.50205,2.5885,2.606,2.619,2.631,2.6566,2.6916,2.7301,2.778,2.823,2.8622,2.9024,2.9375,3.0263,3.067,3.041,2.994,2.8823,2.751
2026-03-23,1.94615,1.947,1.948,2.00225,2.0615,2.12935,2.1884,2.23625,2.279,2.31425,2.34685,2.37255,2.39795,2.419,2.4822,2.501,2.524,2.54425,2.5838,2.6264,2.6765,2.7282,2.778,2.8268,2.8668,2.909,3.0007,3.047,3.023,2.9765,2.8651,2.731
2026-03-24,1.9449,1.9459,1.9473,2.0193,2.0935,2.17515,2.25045,2.31625,2.36615,2.41405,2.45485,2.4886,2.51975,2.5366,2.62,2.637,2.63,2.64485,2.667,2.7044,2.749,2.7928,2.84,2.859,2.918,2.956,3.042,3.07325,3.04125,3.0002,2.8824,2.7388
2026-03-25,1.93635,1.93655,1.939,1.99355,2.06055,2.12015,2.1886,2.2475,2.297,2.339,2.375,2.40025,2.42795,2.4715,2.52775,2.55,2.562,2.57465,2.59885,2.63465,2.67065,2.71855,2.7628,2.806,2.84565,2.88465,2.9767,3.0208,2.99655,2.9512,2.83165,2.697
2026-03-26,1.932,1.93355,1.9347,2.00595,2.07955,2.15335,2.23335,2.29765,2.3517,2.40335,2.444,2.4763,2.5071,2.55005,2.6316,2.666,2.68,2.6883,2.7122,2.7518,2.7896,2.8311,2.8744,2.911,2.959,2.994,3.083,3.117,3.0777,3.0226,2.9,2.74415
2026-03-27,1.9333,1.93385,1.9345,1.9866,2.04765,2.11425,2.18565,2.24395,2.29735,2.34815,2.39025,2.4256,2.4573,2.4909,2.59345,2.6275,2.65005,2.68345,2.7223,2.7576,2.8043,2.851,2.89905,2.9449,2.9879,3.027,3.11605,3.15095,3.10995,3.05605,2.9163,2.7609
2026-03-30,1.9335,1.93375,1.934,1.9919,2.051,2.1185,2.1795,2.236,2.287,2.33,2.373,2.4015,2.4285,2.455,2.534,2.558,2.576,2.607,2.65,2.6924,2.7398,2.7887,2.83715,2.8839,2.9281,2.973,3.0686,3.1102,3.0779,3.0296,2.8939,2.73915
2026-03-31,1.935,1.935,1.9359,1.99915,2.0627,2.12845,2.19315,2.24835,2.2985,2.3425,2.3823,2.4125,2.4385,2.42265,2.5377,2.50645,2.51805,2.54225,2.57945,2.62305,2.709,2.71705,2.76435,2.8464,2.8908,2.9336,3.0301,3.072,3.038,2.988,2.81375,2.7015
2026-04-01,1.936,1.93565,1.94,2.0025,2.0685,2.13,2.1886,2.24,2.2877,2.32315,2.3571,2.3867,2.41,2.43165,2.5011,2.522,2.534,2.561,2.59245,2.6353,2.67885,2.73,2.7765,2.823,2.86345,2.908,3.0075,3.054,3.03,2.9842,2.85995,2.7154
2026-04-02,1.935,1.935,1.944,2.0047,2.077,2.148,2.205,2.261,2.3099,2.3491,2.3845,2.4154,2.44,2.464,2.5298,2.545,2.55,2.57015,2.6017,2.6429,2.6893,2.7381,2.7861,2.831,2.8762,2.92515,3.0235,3.0715,3.0456,3.0002,2.8809,2.739
2026-04-03,1.935,1.935,,,,,,,,,,,,,,,2.548,2.571,2.6,2.6409,,2.738,2.784,,,,,,,,,
2026-04-07,1.935,1.9358,1.9628,2.0326,2.114,2.1855,2.24835,2.3083,2.36235,2.4082,2.44915,2.48405,2.5111,2.53665,2.618,2.63,2.648,2.6703,2.70595,2.743,2.788,2.832,2.87595,2.92,2.9625,3.005,3.0981,3.13915,3.11,3.05745,2.9271,2.778
2026-04-08,1.93495,1.9349,1.94895,1.98325,2.0391,2.0905,2.1385,2.18605,2.21925,2.25135,2.28375,2.29965,2.31585,2.3585,2.3873,2.411,2.441,2.464,2.50775,2.5533,2.6019,2.65765,2.7087,2.77635,2.80825,2.8535,2.9596,3.02595,3.0165,2.9827,2.8757,2.7413
2026-04-09,1.934,1.934,1.95085,1.9771,2.039,2.0935,2.1425,2.18895,2.22985,2.2648,2.29285,2.32245,2.34195,2.3535,2.40855,2.429,2.456,2.4882,2.54065,2.5875,2.6433,2.6971,2.749,2.821,2.8515,2.8991,3.0085,3.0767,3.068,3.0355,2.92835,2.80075
2026-04-10,1.935,1.93535,1.9597,1.993,2.064,2.12335,2.17445,2.23445,2.284,2.31865,2.353,2.37785,2.4003,2.4265,2.48395,2.50835,2.531,2.5698,2.61405,2.66125,2.7145,2.7684,2.82,2.869,2.91925,2.963,3.0706,3.135,3.124,3.086,2.97525,2.845
2026-04-13,1.93515,1.936,1.9663,2.00595,2.0783,2.145,2.19205,2.24635,2.29465,2.33355,2.36795,2.40765,2.4284,2.4455,2.51665,2.5269,2.553,2.58405,2.6285,2.6787,2.73745,2.78475,2.8344,2.88765,2.94075,2.989,3.0943,3.158,3.144,3.1065,2.99495,2.85925
2026-04-14,1.934,1.935,1.96215,1.9844,2.04985,2.10245,2.14385,2.19505,2.2336,2.2663,2.29945,2.31915,2.33755,2.3632,2.41,2.436,2.466,2.5105,2.5614,2.6134,2.6723,2.7285,2.78395,2.8356,2.88575,2.9343,3.0467,3.12045,3.1163,3.08525,2.98115,2.85365
2026-04-15,1.934,1.934,1.95635,1.977,2.044,2.0992,2.143,2.19615,2.23335,2.26685,2.29955,2.32225,2.34235,2.366,2.41745,2.44625,2.47875,2.52585,2.5782,2.63275,2.69175,2.7489,2.80505,2.854,2.91025,2.955,3.06695,3.1418,3.137,3.106,3.00685,2.8816
2026-04-16,1.934,1.9335,1.95035,1.976,2.033,2.0895,2.1335,2.17985,2.2197,2.2538,2.2831,2.30515,2.32425,2.35195,2.40135,2.44065,2.48,2.525,2.572,2.626,2.678,2.737,2.7911,2.8435,2.89535,2.9405,3.0528,3.129,3.1262,3.0966,3.0079,2.8958
2026-04-17,1.93394,1.933,1.9457,1.96335,2.006,2.0425,2.072,2.1065,2.135,2.155,2.177,2.195,2.20955,2.2252,2.2682,2.29275,2.34075,2.40395,2.4704,2.531,2.59505,2.65775,2.716,2.772,2.82375,2.87265,2.9916,3.0776,3.0799,3.057,2.9653,2.85175
2026-04-20,1.934,1.933,1.94725,1.9698,2.02275,2.0736,2.109,2.1451,2.1821,2.20875,2.23325,2.25955,2.277,2.28955,2.3428,2.363,2.399,2.4487,2.5024,2.558,2.6212,2.6782,2.73525,2.786,2.8442,2.888,3.0036,3.0856,3.0877,3.061,2.96725,2.84625
2026-04-21,1.934,1.93525,1.95475,1.9799,2.0364,2.0944,2.13675,2.1929,2.23525,2.26875,2.29925,2.31255,2.3327,2.3649,2.4095,2.438,2.473,2.5106,2.5584,2.6105,2.66645,2.71945,2.7729,2.8229,2.874,2.9159,3.029,3.1014,3.098,3.069,2.97275,2.8505
2026-04-22,1.932,1.937,1.95285,1.98325,2.045,2.10775,2.1565,2.20995,2.248,2.2893,2.309,2.34605,2.3688,2.3755,2.4484,2.469,2.492,2.5342,2.57725,2.62555,2.67825,2.73105,2.7834,2.83,2.8808,2.921,3.03005,3.099,3.0918,3.06,2.96125,2.8381
2026-04-23,1.931,1.9403,1.94895,1.99015,2.039,2.10035,2.151,2.1969,2.2399,2.27615,2.30775,2.33225,2.3587,2.377,2.4422,2.487,2.514,2.53,2.57205,2.618,2.6694,2.722,2.774,2.827,2.8666,2.911,3.0154,3.0817,3.0691,3.034,2.9293,2.8034
2026-04-24,1.931,1.94105,1.949,1.98845,2.03805,2.1006,2.1498,2.1961,2.2403,2.2714,2.302,2.32725,2.3516,2.3711,2.429,2.448,2.475,2.5132,2.558,2.60515,2.6589,2.71,2.7626,2.814,2.8594,2.9061,3.0095,3.0778,3.0671,3.0346,2.92705,2.79975
2026-04-27,1.93105,1.939,1.94305,1.98415,2.039,2.1065,2.15635,2.20625,2.25215,2.28965,2.32465,2.34935,2.37605,2.3985,2.4585,2.482,2.511,2.5474,2.5925,2.6439,2.6946,2.74845,2.8009,2.852,2.8961,2.9366,3.04305,3.1113,3.101,3.0685,2.96715,2.84225
2026-04-28,1.93505,1.95055,1.95695,2.01065,2.082,2.1546,2.2142,2.2692,2.31835,2.35925,2.397,2.42455,2.4547,2.48265,2.54495,2.5607,2.57705,2.609,2.6448,2.6896,2.73705,2.789,2.8367,2.885,2.92645,2.97,3.0716,3.132,3.117,3.08,2.97505,2.84755
2026-04-29,1.95635,1.962,1.9663,2.04745,2.119,2.19885,2.27025,2.32895,2.38605,2.43415,2.47705,2.51055,2.54365,2.57225,2.6415,2.65795,2.66425,2.67705,2.711,2.75075,2.788,2.8358,2.8796,2.9224,2.95975,3.0017,3.09325,3.1439,3.1234,3.08,2.96125,2.82335
2026-04-30,1.937,1.9371,1.93825,2.008,2.075,2.1445,2.2035,2.25855,2.31185,2.353,2.39315,2.4275,2.4567,2.4745,2.5461,2.55095,2.558,2.584,2.61875,2.661,2.70825,2.757,2.80525,2.851,2.8952,2.9379,3.037,3.09525,3.08,3.043,2.9338,2.802
2026-05-01,,,,,,,,2.262,,,2.397,,,2.484,,2.556,2.56,2.5845,2.619,2.662,,2.757,2.805,2.851,,2.937,3.036,3.095,3.08,3.042,,
2026-05-04,1.936,1.937,1.93755,2.016,2.09445,2.1695,2.24085,2.302,2.361,2.41,2.4576,2.4942,2.526,2.553,2.6309,2.639,2.637,2.64895,2.68355,2.722,2.76405,2.813,2.859,2.891,2.94505,2.97525,3.07155,3.134,3.115,3.074,2.96935,2.83795
2026-05-05,1.9366,1.9375,1.93805,2.01525,2.08755,2.15435,2.21915,2.28295,2.33155,2.3765,2.41865,2.44625,2.47575,2.50895,2.5718,2.583,2.584,2.6101,2.6448,2.6867,2.731,2.7823,2.8288,2.871,2.9178,2.95875,3.05735,3.11685,3.10215,3.06615,2.96005,2.83085
2026-05-06,1.936,1.93705,1.93805,2.00715,2.073,2.1222,2.17485,2.22825,2.27075,2.3072,2.33825,2.36095,2.3763,2.40464,2.4494,2.47335,2.48445,2.5144,2.55815,2.5988,2.6539,2.7002,2.7495,2.7992,2.85515,2.892,2.9997,3.0739,3.0701,3.0415,2.9508,2.8195
2026-05-07,1.9352,1.93565,1.9376,2.02145,2.0792,2.1335,2.19475,2.2456,2.289,2.33065,2.36365,2.38685,2.41205,2.4435,2.486,2.501,2.51035,2.534,2.574,2.6175,2.666,2.71885,2.7681,2.82,2.86175,2.905,3.0115,3.0818,3.077,3.047,2.9517,2.824
2026-05-08,1.93305,1.93575,1.93655,2.02055,2.0833,2.135,2.19295,2.24275,2.2886,2.324,2.358,2.383,2.4089,2.42695,2.485,2.497,2.503,2.5329,2.571,2.613,2.6617,2.713,2.764,2.804,2.8555,2.894,3.00265,3.0784,3.0716,3.04505,2.9483,2.8238
2026-05-11,1.9371,1.93535,1.93675,2.02925,2.0982,2.15325,2.2165,2.2695,2.32,2.362,2.4,2.42895,2.45575,2.4802,2.5395,2.562,2.565,2.58935,2.6211,2.6601,2.70995,2.7579,2.81025,2.8505,2.90205,2.938,3.046,3.108,3.10655,3.072,2.97655,2.8534
2026-05-12,1.932,1.93465,1.93505,2.03255,2.104,2.1615,2.233,2.2925,2.339,2.386,2.428,2.4639,2.4965,2.5185,2.60205,2.62,2.631,2.6497,2.685,2.724,2.77,2.8194,2.868,2.912,2.95525,2.99485,3.09465,3.15895,3.14905,3.11605,3.01775,2.8888
2026-05-13,1.932,1.93415,1.93505,2.032,2.106,2.1545,2.2198,2.27645,2.321,2.366,2.406,2.43745,2.4688,2.50005,2.57075,2.59598,2.61,2.63355,2.66575,2.70784,2.75205,2.8007,2.848,2.891,2.93745,2.98075,3.07995,3.14375,3.13435,3.10195,3.00115,2.874
2026-05-14,1.93305,1.93415,1.94135,2.04125,2.1032,2.1517,2.21445,2.26365,2.30585,2.34815,2.38305,2.4107,2.44,2.4733,2.5312,2.564,2.589,2.59275,2.62325,2.66325,2.70895,2.758,2.807,2.854,2.89925,2.9419,3.04405,3.11295,3.10625,3.0749,2.97665,2.8564
2026-05-15,1.9332,1.9331,1.949,2.05495,2.1238,2.18105,2.2414,2.29495,2.34375,2.38795,2.428,2.46155,2.496,2.52485,2.6136,2.64505,2.67455,2.7081,2.7466,2.7884,2.8366,2.8854,2.9334,2.979,3.025,3.0628,3.1584,3.215,3.201,3.164,3.0645,2.9395
2026-05-18,1.933,1.93195,1.969,2.0555,2.125,2.1779,2.23785,2.291,2.3334,2.3776,2.42,2.4475,2.4778,2.5025,2.5895,2.6143,2.648,2.6822,2.7232,2.7672,2.81205,2.8662,2.9157,2.96705,3.0037,3.0473,3.149,3.2169,3.2043,3.1697,3.0572,2.9346
2026-05-19,1.932,1.932,1.969,2.05975,2.12885,2.18055,2.2415,2.2955,2.33485,2.38135,2.422,2.455,2.48725,2.518,2.609,2.647,2.678,2.71255,2.754,2.798,2.84715,2.8989,2.94705,2.993,3.0331,3.078,3.17425,3.23235,3.2161,3.1776,3.0695,2.94605
2026-05-20,1.932,1.932,1.9663,2.05225,2.116,2.1545,2.2092,2.25695,2.29425,2.33475,2.36905,2.3957,2.42385,2.45095,2.52205,2.546,2.575,2.6085,2.64905,2.69505,2.74375,2.80105,2.8524,2.89255,2.94055,2.987,3.09,3.157,3.152,3.117,3.01985,2.89735
2026-05-21,1.93105,1.93215,1.98875,2.0727,2.1292,2.17565,2.22975,2.27475,2.31775,2.35485,2.3901,2.4208,2.4512,2.42475,2.5515,2.51795,2.5459,2.5759,2.6577,2.6911,2.7485,2.8012,2.81835,2.862,2.9411,2.9905,3.05685,3.13045,3.152,3.09765,3.00355,2.8609
2026-05-22,1.93,1.9324,1.99725,2.0757,2.1298,2.1775,2.223,2.26765,2.307,2.3436,2.37685,2.408,2.432,2.4547,2.5232,2.54725,2.564,2.58825,2.6232,2.665,2.7124,2.7604,2.80905,2.8554,2.89935,2.9444,3.05265,3.12405,3.11915,3.087,2.9868,2.865
2026-05-25,1.9315,1.9323,2.00185,2.058,2.10085,2.1399,2.1787,2.216,2.24725,2.2797,2.3071,2.333,2.3531,2.3726,2.423,2.4368,2.4534,2.47975,2.51455,2.5573,2.60525,2.65745,2.7071,2.7541,2.8024,2.8475,2.9572,3.041,3.0425,3.0149,2.9223,2.8036
